program_id,family_id,source_file,miter_file,all_inputs,high_inputs,low_inputs,sha256,loc,num_instructions,num_branches,num_loops,num_functions,num_variables,num_arrays,num_structure,num_union,num_high_inputs,num_low_inputs,num_explicit_flows,num_culprit_blocks,num_implicit_flows,num_information_leak,num_secret_dependent_prints,num_assumptions,num_assertions,num_array_accesses,taint_ratio,secret_branch_ratio,secret_memory_ratio,max_loop_bound_const,loop_to_unwind_ratio,num_tainted_returns,num_tainted_globals,num_tainted_assertions,max_taint_depth,num_secret_bitops,actual_mqil_leakage,leakage_value,actual_mqil_assertions_total
P000001,zero_leakage,datasets\stage3_scaling\programs\P000001.c,datasets\stage3_scaling\miters\P000001_miter.c,"high_sec,pub_val",high_sec,pub_val,698b0f5cea82fd4fc05e4d81ac293f2fa4d6817cb14c5e0579ac03dc391781ce,23,6,0,0,2,8,0,0,0,1,1,9,0,0,9,0,2,4,0,0.45,0.0,0.0,0,0.0,1,1,4,4,2,0,0,4
P000002,zero_leakage,datasets\stage3_scaling\programs\P000002.c,datasets\stage3_scaling\miters\P000002_miter.c,"high_sec,pub_val",high_sec,pub_val,79933835ee71d201adf4b1569767998c5ddc0f9cf715778c30e59159b9ff7e7b,23,6,0,0,2,8,0,0,0,1,1,9,0,0,9,0,2,4,0,0.45,0.0,0.0,0,0.0,1,1,4,4,2,0,0,4
P000003,zero_leakage,datasets\stage3_scaling\programs\P000003.c,datasets\stage3_scaling\miters\P000003_miter.c,"high_sec,pub_val",high_sec,pub_val,ba768f6305ed8530bcb2a7e24c6ef1dccc6f234fbaaf62cf4f34ecb23ffa55cb,23,6,0,0,2,8,0,0,0,1,1,9,0,0,9,0,2,4,0,0.45,0.0,0.0,0,0.0,1,1,4,4,2,0,0,4
P000004,zero_leakage,datasets\stage3_scaling\programs\P000004.c,datasets\stage3_scaling\miters\P000004_miter.c,"high_sec,pub_val",high_sec,pub_val,6070bb8199d4a5e7576f9062e8477b57a01f67291c737279d89ae162afefb9c3,23,6,0,0,2,8,0,0,0,1,1,9,0,0,9,0,2,4,0,0.45,0.0,0.0,0,0.0,1,1,4,4,2,0,0,4
P000005,zero_leakage,datasets\stage3_scaling\programs\P000005.c,datasets\stage3_scaling\miters\P000005_miter.c,"high_sec,pub_val",high_sec,pub_val,9f9e5bca1f0babc172bb3ac5590a41b001924553e510594c6a9a1357b74c6f34,23,6,0,0,2,8,0,0,0,1,1,9,0,0,9,0,2,4,0,0.45,0.0,0.0,0,0.0,1,1,4,4,2,0,0,4
P000006,zero_leakage,datasets\stage3_scaling\programs\P000006.c,datasets\stage3_scaling\miters\P000006_miter.c,"high_sec,pub_val",high_sec,pub_val,f4a8b9820ab4ef49df812cdc039c65b4416f3005c4742c4aef82f5b57ea9390a,23,6,0,0,2,8,0,0,0,1,1,9,0,0,9,0,2,4,0,0.45,0.0,0.0,0,0.0,1,1,4,4,2,0,0,4
P000007,zero_leakage,datasets\stage3_scaling\programs\P000007.c,datasets\stage3_scaling\miters\P000007_miter.c,"high_sec,pub_val",high_sec,pub_val,647f0249a3b2500d3cf45e044d286c3926727c0c31446f5fb8420414595cf763,23,6,0,0,2,8,0,0,0,1,1,9,0,0,9,0,2,4,0,0.45,0.0,0.0,0,0.0,1,1,4,4,2,0,0,4
P000008,zero_leakage,datasets\stage3_scaling\programs\P000008.c,datasets\stage3_scaling\miters\P000008_miter.c,"high_sec,pub_val",high_sec,pub_val,d00d53617ce8171350ce6bf4c296416aa77cbe87bebd4a656e8ad00876cf35b3,23,6,0,0,2,8,0,0,0,1,1,9,0,0,9,0,2,4,0,0.45,0.0,0.0,0,0.0,1,1,4,4,2,0,0,4
P000009,zero_leakage,datasets\stage3_scaling\programs\P000009.c,datasets\stage3_scaling\miters\P000009_miter.c,"high_sec,pub_val",high_sec,pub_val,5f22c3b2f0593384f764b24ece54f483fe27794435e299d03117b71d1f8b3419,23,6,0,0,2,8,0,0,0,1,1,9,0,0,9,0,2,4,0,0.45,0.0,0.0,0,0.0,1,1,4,4,2,0,0,4
P000010,zero_leakage,datasets\stage3_scaling\programs\P000010.c,datasets\stage3_scaling\miters\P000010_miter.c,"high_sec,pub_val",high_sec,pub_val,1fcd7217f14ea693587ace34c311129ef6e4f59a980e6a4b4e18a0b371839045,23,6,0,0,2,8,0,0,0,1,1,9,0,0,9,0,2,4,0,0.45,0.0,0.0,0,0.0,1,1,4,4,2,0,0,4
P000011,zero_leakage,datasets\stage3_scaling\programs\P000011.c,datasets\stage3_scaling\miters\P000011_miter.c,"high_sec,pub_val",high_sec,pub_val,8976fad403d50cc35f67b64db30ad405c86ccc4fd95061d5aa0dc19a63457903,23,6,0,0,2,8,0,0,0,1,1,9,0,0,9,0,2,4,0,0.45,0.0,0.0,0,0.0,1,1,4,4,2,0,0,4
P000012,zero_leakage,datasets\stage3_scaling\programs\P000012.c,datasets\stage3_scaling\miters\P000012_miter.c,"high_sec,pub_val",high_sec,pub_val,ee43e94b0966b256bef675f790f2f1ad379946aeb1a32031587d85ae3eb8284a,23,6,0,0,2,8,0,0,0,1,1,9,0,0,9,0,2,4,0,0.45,0.0,0.0,0,0.0,1,1,4,4,2,0,0,4
P000013,zero_leakage,datasets\stage3_scaling\programs\P000013.c,datasets\stage3_scaling\miters\P000013_miter.c,"high_sec,pub_val",high_sec,pub_val,b7ad9b6c015ff419e5d915ddecda893ddc5a3c988b60e61debd0bcb115515bcb,23,6,0,0,2,8,0,0,0,1,1,9,0,0,9,0,2,4,0,0.45,0.0,0.0,0,0.0,1,1,4,4,2,0,0,4
P000014,zero_leakage,datasets\stage3_scaling\programs\P000014.c,datasets\stage3_scaling\miters\P000014_miter.c,"high_sec,pub_val",high_sec,pub_val,2caea77a97a32095d5efe34031421da501c8d997a61a671bde53b873afcba3c1,23,6,0,0,2,8,0,0,0,1,1,9,0,0,9,0,2,4,0,0.45,0.0,0.0,0,0.0,1,1,4,4,2,0,0,4
P000015,zero_leakage,datasets\stage3_scaling\programs\P000015.c,datasets\stage3_scaling\miters\P000015_miter.c,"high_sec,pub_val",high_sec,pub_val,2e9e03f800bcfc6389fae8024513cee0320b3eb269ec8aa2729cac2a91974bc9,23,6,0,0,2,8,0,0,0,1,1,9,0,0,9,0,2,4,0,0.45,0.0,0.0,0,0.0,1,1,4,4,2,0,0,4
P000016,zero_leakage,datasets\stage3_scaling\programs\P000016.c,datasets\stage3_scaling\miters\P000016_miter.c,"high_sec,pub_val",high_sec,pub_val,72c6fdd2edf16e474296e4cd17263b492ecd06d663bfe956f5fb21a9e27a9df2,23,6,0,0,2,8,0,0,0,1,1,9,0,0,9,0,2,4,0,0.45,0.0,0.0,0,0.0,1,1,4,4,2,0,0,4
P000017,zero_leakage,datasets\stage3_scaling\programs\P000017.c,datasets\stage3_scaling\miters\P000017_miter.c,"high_sec,pub_val",high_sec,pub_val,5fc408d8e6e4ba73707c84988a59032475656ed9ec447a56ba682cb32078736b,23,6,0,0,2,8,0,0,0,1,1,9,0,0,9,0,2,4,0,0.45,0.0,0.0,0,0.0,1,1,4,4,2,0,0,4
P000018,zero_leakage,datasets\stage3_scaling\programs\P000018.c,datasets\stage3_scaling\miters\P000018_miter.c,"high_sec,pub_val",high_sec,pub_val,ac000bc9d63b56c4c73b55f544c3c5ecefcbfdc39e6dfe8cf7748d8d97badc8a,23,6,0,0,2,8,0,0,0,1,1,9,0,0,9,0,2,4,0,0.45,0.0,0.0,0,0.0,1,1,4,4,2,0,0,4
P000019,zero_leakage,datasets\stage3_scaling\programs\P000019.c,datasets\stage3_scaling\miters\P000019_miter.c,"high_sec,pub_val",high_sec,pub_val,fc150ba7f51e7e21900735b6f2d274a33a38207077473d22ec314cb9028a7df5,23,6,0,0,2,8,0,0,0,1,1,9,0,0,9,0,2,4,0,0.45,0.0,0.0,0,0.0,1,1,4,4,2,0,0,4
P000020,zero_leakage,datasets\stage3_scaling\programs\P000020.c,datasets\stage3_scaling\miters\P000020_miter.c,"high_sec,pub_val",high_sec,pub_val,8eb2b0ad437ecec76c19243781645cfbfc568f4b2222177c3384a9359003cf4d,23,6,0,0,2,8,0,0,0,1,1,9,0,0,9,0,2,4,0,0.45,0.0,0.0,0,0.0,1,1,4,4,2,0,0,4
P000021,zero_leakage,datasets\stage3_scaling\programs\P000021.c,datasets\stage3_scaling\miters\P000021_miter.c,"high_sec,pub_val",high_sec,pub_val,9b7464509540b611cbc60c2c590c5e32125343f1f003f8bbc06bfd3f3ef9e087,23,6,0,0,2,8,0,0,0,1,1,9,0,0,9,0,2,4,0,0.45,0.0,0.0,0,0.0,1,1,4,4,2,0,0,4
P000022,zero_leakage,datasets\stage3_scaling\programs\P000022.c,datasets\stage3_scaling\miters\P000022_miter.c,"high_sec,pub_val",high_sec,pub_val,d1f476cb6d69b494fa5fac1cb8fc10783ffcf6d9e762b98c0b89eac01836b660,23,6,0,0,2,8,0,0,0,1,1,9,0,0,9,0,2,4,0,0.45,0.0,0.0,0,0.0,1,1,4,4,2,0,0,4
P000023,zero_leakage,datasets\stage3_scaling\programs\P000023.c,datasets\stage3_scaling\miters\P000023_miter.c,"high_sec,pub_val",high_sec,pub_val,e7f3e4590847f3fd4bb7af06ce011fd415e5086b84f81b98970a3429a1a1526c,23,6,0,0,2,8,0,0,0,1,1,9,0,0,9,0,2,4,0,0.45,0.0,0.0,0,0.0,1,1,4,4,2,0,0,4
P000024,zero_leakage,datasets\stage3_scaling\programs\P000024.c,datasets\stage3_scaling\miters\P000024_miter.c,"high_sec,pub_val",high_sec,pub_val,994f57587e5dab386ad30900a8eb16fe26f14bd416d6b05d3c03436bd5d37141,23,6,0,0,2,8,0,0,0,1,1,9,0,0,9,0,2,4,0,0.45,0.0,0.0,0,0.0,1,1,4,4,2,0,0,4
P000025,zero_leakage,datasets\stage3_scaling\programs\P000025.c,datasets\stage3_scaling\miters\P000025_miter.c,"high_sec,pub_val",high_sec,pub_val,637a11f58a8ccb500716729e4b7562bb62a50a49b60cf80804d48c73d2e75608,23,6,0,0,2,8,0,0,0,1,1,9,0,0,9,0,2,4,0,0.45,0.0,0.0,0,0.0,1,1,4,4,2,0,0,4
P000026,zero_leakage,datasets\stage3_scaling\programs\P000026.c,datasets\stage3_scaling\miters\P000026_miter.c,"high_sec,pub_val",high_sec,pub_val,d98ce089791f41ef2421df16713ca957edd01a8e0f11c26d30dc12f487062f44,23,6,0,0,2,8,0,0,0,1,1,9,0,0,9,0,2,4,0,0.45,0.0,0.0,0,0.0,1,1,4,4,2,0,0,4
P000027,zero_leakage,datasets\stage3_scaling\programs\P000027.c,datasets\stage3_scaling\miters\P000027_miter.c,"high_sec,pub_val",high_sec,pub_val,92ccefcd4e2200ce88dcd78b0143588c2e64dbe299a8936f68346d4403304872,23,6,0,0,2,8,0,0,0,1,1,9,0,0,9,0,2,4,0,0.45,0.0,0.0,0,0.0,1,1,4,4,2,0,0,4
P000028,zero_leakage,datasets\stage3_scaling\programs\P000028.c,datasets\stage3_scaling\miters\P000028_miter.c,"high_sec,pub_val",high_sec,pub_val,5e7bba8df51b6bed48f676b4e7937121fc110df1aeaafadc919a4cedab8459c4,23,6,0,0,2,8,0,0,0,1,1,9,0,0,9,0,2,4,0,0.45,0.0,0.0,0,0.0,1,1,4,4,2,0,0,4
P000029,zero_leakage,datasets\stage3_scaling\programs\P000029.c,datasets\stage3_scaling\miters\P000029_miter.c,"high_sec,pub_val",high_sec,pub_val,e0b705d6fcd7b1a4a257c6ca88ee8c5a4ec2940b0fe06a69b0d74ebba4555f07,23,6,0,0,2,8,0,0,0,1,1,9,0,0,9,0,2,4,0,0.45,0.0,0.0,0,0.0,1,1,4,4,2,0,0,4
P000030,zero_leakage,datasets\stage3_scaling\programs\P000030.c,datasets\stage3_scaling\miters\P000030_miter.c,"high_sec,pub_val",high_sec,pub_val,f950ec7ec2e0b268b538d84dde1b1fd43c6d37adb247f3b100a0c330bc5dfa7a,23,6,0,0,2,8,0,0,0,1,1,9,0,0,9,0,2,4,0,0.45,0.0,0.0,0,0.0,1,1,4,4,2,0,0,4
P000031,zero_leakage,datasets\stage3_scaling\programs\P000031.c,datasets\stage3_scaling\miters\P000031_miter.c,"high_sec,pub_val",high_sec,pub_val,580311069faabebf469e01b3a6b038c7d223579e7297c3fd4d19e11b0c8d4b70,23,6,0,0,2,8,0,0,0,1,1,9,0,0,9,0,2,4,0,0.45,0.0,0.0,0,0.0,1,1,4,4,2,0,0,4
P000032,zero_leakage,datasets\stage3_scaling\programs\P000032.c,datasets\stage3_scaling\miters\P000032_miter.c,"high_sec,pub_val",high_sec,pub_val,42c5fd1a6c832cae1ed69a300f7cee0084ef706748b899ac5a065cc32cbc3ec2,23,6,0,0,2,8,0,0,0,1,1,9,0,0,9,0,2,4,0,0.45,0.0,0.0,0,0.0,1,1,4,4,2,0,0,4
P000033,zero_leakage,datasets\stage3_scaling\programs\P000033.c,datasets\stage3_scaling\miters\P000033_miter.c,"high_sec,pub_val",high_sec,pub_val,5937183bc9a25f5e40154fa1e51f9e65dfa616a8134aed45018528f1b3725e10,23,6,0,0,2,8,0,0,0,1,1,9,0,0,9,0,2,4,0,0.45,0.0,0.0,0,0.0,1,1,4,4,2,0,0,4
P000034,zero_leakage,datasets\stage3_scaling\programs\P000034.c,datasets\stage3_scaling\miters\P000034_miter.c,"high_sec,pub_val",high_sec,pub_val,e2e2764aaaca0d029ca1c1c5ec1ef5124603810462c53db059621f5f0a21ee89,23,6,0,0,2,8,0,0,0,1,1,9,0,0,9,0,2,4,0,0.45,0.0,0.0,0,0.0,1,1,4,4,2,0,0,4
P000035,zero_leakage,datasets\stage3_scaling\programs\P000035.c,datasets\stage3_scaling\miters\P000035_miter.c,"high_sec,pub_val",high_sec,pub_val,bc093c05b0942789b08b15f42fff3e1c3655d0ca90e52a8fb2b0e0c9f6dc5bac,23,6,0,0,2,8,0,0,0,1,1,9,0,0,9,0,2,4,0,0.45,0.0,0.0,0,0.0,1,1,4,4,2,0,0,4
P000036,zero_leakage,datasets\stage3_scaling\programs\P000036.c,datasets\stage3_scaling\miters\P000036_miter.c,"high_sec,pub_val",high_sec,pub_val,1dceac5e99b7953f7c687efe77b1e7a27287c94e1d7af0c80819808653a4c960,23,6,0,0,2,8,0,0,0,1,1,9,0,0,9,0,2,4,0,0.45,0.0,0.0,0,0.0,1,1,4,4,2,0,0,4
P000037,zero_leakage,datasets\stage3_scaling\programs\P000037.c,datasets\stage3_scaling\miters\P000037_miter.c,"high_sec,pub_val",high_sec,pub_val,229c50ac9a27f974f9538e7b0de32e1408d094e66391e8fc67ec048781309618,23,6,0,0,2,8,0,0,0,1,1,9,0,0,9,0,2,4,0,0.45,0.0,0.0,0,0.0,1,1,4,4,2,0,0,4
P000038,zero_leakage,datasets\stage3_scaling\programs\P000038.c,datasets\stage3_scaling\miters\P000038_miter.c,"high_sec,pub_val",high_sec,pub_val,ac52cfaece2c12171c2d4f9c3350a54ff2714ea23f89665be01646b079939e25,23,6,0,0,2,8,0,0,0,1,1,9,0,0,9,0,2,4,0,0.45,0.0,0.0,0,0.0,1,1,4,4,2,0,0,4
P000039,zero_leakage,datasets\stage3_scaling\programs\P000039.c,datasets\stage3_scaling\miters\P000039_miter.c,"high_sec,pub_val",high_sec,pub_val,f0f95c57aff7164a8b338dc603209d8e72100a3c4d2560f3e911807da7460fa4,23,6,0,0,2,8,0,0,0,1,1,9,0,0,9,0,2,4,0,0.45,0.0,0.0,0,0.0,1,1,4,4,2,0,0,4
P000040,zero_leakage,datasets\stage3_scaling\programs\P000040.c,datasets\stage3_scaling\miters\P000040_miter.c,"high_sec,pub_val",high_sec,pub_val,20190b879bee798230babce5c542fcef6709793ea8fe272301c0fb28a382598b,23,6,0,0,2,8,0,0,0,1,1,9,0,0,9,0,2,4,0,0.45,0.0,0.0,0,0.0,1,1,4,4,2,0,0,4
P000041,zero_leakage,datasets\stage3_scaling\programs\P000041.c,datasets\stage3_scaling\miters\P000041_miter.c,"high_sec,pub_val",high_sec,pub_val,19f3ae1dae78181238a8cde537675ad1855fb99f97b59b01dd557c9cadaa44b3,23,6,0,0,2,8,0,0,0,1,1,9,0,0,9,0,2,4,0,0.45,0.0,0.0,0,0.0,1,1,4,4,2,0,0,4
P000042,zero_leakage,datasets\stage3_scaling\programs\P000042.c,datasets\stage3_scaling\miters\P000042_miter.c,"high_sec,pub_val",high_sec,pub_val,33339dbcdc3c04351001b9e284192608c56efa1f5af441e83e15921c93adbd89,23,6,0,0,2,8,0,0,0,1,1,9,0,0,9,0,2,4,0,0.45,0.0,0.0,0,0.0,1,1,4,4,2,0,0,4
P000043,zero_leakage,datasets\stage3_scaling\programs\P000043.c,datasets\stage3_scaling\miters\P000043_miter.c,"high_sec,pub_val",high_sec,pub_val,6902108cf941d3f9f9afb608a0ba355798d0b6208fed5e5ab6c4b5435a587126,23,6,0,0,2,8,0,0,0,1,1,9,0,0,9,0,2,4,0,0.45,0.0,0.0,0,0.0,1,1,4,4,2,0,0,4
P000044,zero_leakage,datasets\stage3_scaling\programs\P000044.c,datasets\stage3_scaling\miters\P000044_miter.c,"high_sec,pub_val",high_sec,pub_val,7757a8ed00e086031d457c13599926a260cf025963d7c151aa8b0d9e4cef130d,23,6,0,0,2,8,0,0,0,1,1,9,0,0,9,0,2,4,0,0.45,0.0,0.0,0,0.0,1,1,4,4,2,0,0,4
P000045,zero_leakage,datasets\stage3_scaling\programs\P000045.c,datasets\stage3_scaling\miters\P000045_miter.c,"high_sec,pub_val",high_sec,pub_val,d29a667b9cdf0d45b2872a3c0ddb8f1d3f067776ffcf8250bdb1e1eed96ae45e,23,6,0,0,2,8,0,0,0,1,1,9,0,0,9,0,2,4,0,0.45,0.0,0.0,0,0.0,1,1,4,4,2,0,0,4
P000046,zero_leakage,datasets\stage3_scaling\programs\P000046.c,datasets\stage3_scaling\miters\P000046_miter.c,"high_sec,pub_val",high_sec,pub_val,3af2508b41f4a5529029329c68a32a9b4ddaf373f8e7d0aed317fa0fea19f968,23,6,0,0,2,8,0,0,0,1,1,9,0,0,9,0,2,4,0,0.45,0.0,0.0,0,0.0,1,1,4,4,2,0,0,4
P000047,zero_leakage,datasets\stage3_scaling\programs\P000047.c,datasets\stage3_scaling\miters\P000047_miter.c,"high_sec,pub_val",high_sec,pub_val,a250e3534d08868967d604b9c820cea7c08ca3e11845d7ea5a7d1563f5eb9687,23,6,0,0,2,8,0,0,0,1,1,9,0,0,9,0,2,4,0,0.45,0.0,0.0,0,0.0,1,1,4,4,2,0,0,4
P000048,zero_leakage,datasets\stage3_scaling\programs\P000048.c,datasets\stage3_scaling\miters\P000048_miter.c,"high_sec,pub_val",high_sec,pub_val,37ed3faee3e81ce0693b7a7eb16842598c2d456e868568f2124013907faebe7c,23,6,0,0,2,8,0,0,0,1,1,9,0,0,9,0,2,4,0,0.45,0.0,0.0,0,0.0,1,1,4,4,2,0,0,4
P000049,zero_leakage,datasets\stage3_scaling\programs\P000049.c,datasets\stage3_scaling\miters\P000049_miter.c,"high_sec,pub_val",high_sec,pub_val,baef1101bd3fb9c3d73fd60b41309fe35908cdb096ec711b4746d836f2052e44,23,6,0,0,2,8,0,0,0,1,1,9,0,0,9,0,2,4,0,0.45,0.0,0.0,0,0.0,1,1,4,4,2,0,0,4
P000050,zero_leakage,datasets\stage3_scaling\programs\P000050.c,datasets\stage3_scaling\miters\P000050_miter.c,"high_sec,pub_val",high_sec,pub_val,5c32e0e242e54333cc99ed571c929d7e83120dc695e8f9c0e0b7cd6ba9e28c97,23,6,0,0,2,8,0,0,0,1,1,9,0,0,9,0,2,4,0,0.45,0.0,0.0,0,0.0,1,1,4,4,2,0,0,4
P000051,zero_leakage,datasets\stage3_scaling\programs\P000051.c,datasets\stage3_scaling\miters\P000051_miter.c,"high_sec,pub_val",high_sec,pub_val,1a5c000d9542c0dff66b40ffaaec3bcfe7117fa105bf2913e9dad3a8a069e126,23,6,0,0,2,8,0,0,0,1,1,9,0,0,9,0,2,4,0,0.45,0.0,0.0,0,0.0,1,1,4,4,2,0,0,4
P000052,zero_leakage,datasets\stage3_scaling\programs\P000052.c,datasets\stage3_scaling\miters\P000052_miter.c,"high_sec,pub_val",high_sec,pub_val,a458aa47df443aff4c0a4a2d521cd088387242af3edb0699fc1b5cc7d8faf3e0,23,6,0,0,2,8,0,0,0,1,1,9,0,0,9,0,2,4,0,0.45,0.0,0.0,0,0.0,1,1,4,4,2,0,0,4
P000053,zero_leakage,datasets\stage3_scaling\programs\P000053.c,datasets\stage3_scaling\miters\P000053_miter.c,"high_sec,pub_val",high_sec,pub_val,7228ea5c3fd4b1563989b7b8d157c08df21f17bc3a0841f731be8974e1cb0694,23,6,0,0,2,8,0,0,0,1,1,9,0,0,9,0,2,4,0,0.45,0.0,0.0,0,0.0,1,1,4,4,2,0,0,4
P000054,zero_leakage,datasets\stage3_scaling\programs\P000054.c,datasets\stage3_scaling\miters\P000054_miter.c,"high_sec,pub_val",high_sec,pub_val,d22fcb225e0d4a3cd15d26e15b42e39ae2b36e1541376f4424b828b98998b461,23,6,0,0,2,8,0,0,0,1,1,9,0,0,9,0,2,4,0,0.45,0.0,0.0,0,0.0,1,1,4,4,2,0,0,4
P000055,zero_leakage,datasets\stage3_scaling\programs\P000055.c,datasets\stage3_scaling\miters\P000055_miter.c,"high_sec,pub_val",high_sec,pub_val,57fa895233bfab3403fc5c80330bc0506b9affbf95ad6eb7948e00e25f6cbf15,23,6,0,0,2,8,0,0,0,1,1,9,0,0,9,0,2,4,0,0.45,0.0,0.0,0,0.0,1,1,4,4,2,0,0,4
P000056,zero_leakage,datasets\stage3_scaling\programs\P000056.c,datasets\stage3_scaling\miters\P000056_miter.c,"high_sec,pub_val",high_sec,pub_val,beb491efebd541a93f614855aa80a34fb69568041392a4d2bc76ae46a5891774,23,6,0,0,2,8,0,0,0,1,1,9,0,0,9,0,2,4,0,0.45,0.0,0.0,0,0.0,1,1,4,4,2,0,0,4
P000057,zero_leakage,datasets\stage3_scaling\programs\P000057.c,datasets\stage3_scaling\miters\P000057_miter.c,"high_sec,pub_val",high_sec,pub_val,8491c358982c9f8734e134104726903b59f50490b8ee0971697917a0a397e96b,23,6,0,0,2,8,0,0,0,1,1,9,0,0,9,0,2,4,0,0.45,0.0,0.0,0,0.0,1,1,4,4,2,0,0,4
P000058,zero_leakage,datasets\stage3_scaling\programs\P000058.c,datasets\stage3_scaling\miters\P000058_miter.c,"high_sec,pub_val",high_sec,pub_val,a26bf1d40edf6a49305e28e7737a4bc03bdba0b41864b0bf12a02a3e3124e9d5,23,6,0,0,2,8,0,0,0,1,1,9,0,0,9,0,2,4,0,0.45,0.0,0.0,0,0.0,1,1,4,4,2,0,0,4
P000059,zero_leakage,datasets\stage3_scaling\programs\P000059.c,datasets\stage3_scaling\miters\P000059_miter.c,"high_sec,pub_val",high_sec,pub_val,c8a5b0a925ceec8b21e462baa84bebba269022a82fe803134dfa8e0f38a2b27b,23,6,0,0,2,8,0,0,0,1,1,9,0,0,9,0,2,4,0,0.45,0.0,0.0,0,0.0,1,1,4,4,2,0,0,4
P000060,zero_leakage,datasets\stage3_scaling\programs\P000060.c,datasets\stage3_scaling\miters\P000060_miter.c,"high_sec,pub_val",high_sec,pub_val,8c4a9514565e580c3cc9fecdedf8b0415e8dcc1778c1b8b9c3c0b8b96149be7d,23,6,0,0,2,8,0,0,0,1,1,9,0,0,9,0,2,4,0,0.45,0.0,0.0,0,0.0,1,1,4,4,2,0,0,4
P000061,zero_leakage,datasets\stage3_scaling\programs\P000061.c,datasets\stage3_scaling\miters\P000061_miter.c,"high_sec,pub_val",high_sec,pub_val,dcc87d072e2964eb4217eed09ca054b04aaad44de2f413a8b1370c3c36af539b,23,6,0,0,2,8,0,0,0,1,1,9,0,0,9,0,2,4,0,0.45,0.0,0.0,0,0.0,1,1,4,4,2,0,0,4
P000062,zero_leakage,datasets\stage3_scaling\programs\P000062.c,datasets\stage3_scaling\miters\P000062_miter.c,"high_sec,pub_val",high_sec,pub_val,ff6c1c691e15bfe68bad2a23ad5683b328e60111cb391e3909841eba36a113f2,23,6,0,0,2,8,0,0,0,1,1,9,0,0,9,0,2,4,0,0.45,0.0,0.0,0,0.0,1,1,4,4,2,0,0,4
P000063,zero_leakage,datasets\stage3_scaling\programs\P000063.c,datasets\stage3_scaling\miters\P000063_miter.c,"high_sec,pub_val",high_sec,pub_val,a31368fee3cea3b4e1e68138819e23087d51b8d7cfbc6730dcd85750e9cea18a,23,6,0,0,2,8,0,0,0,1,1,9,0,0,9,0,2,4,0,0.45,0.0,0.0,0,0.0,1,1,4,4,2,0,0,4
P000064,zero_leakage,datasets\stage3_scaling\programs\P000064.c,datasets\stage3_scaling\miters\P000064_miter.c,"high_sec,pub_val",high_sec,pub_val,36e29c4a2bdfacc63304d2047b422f4c8df1f1e311c0626396807783004efd7a,23,6,0,0,2,8,0,0,0,1,1,9,0,0,9,0,2,4,0,0.45,0.0,0.0,0,0.0,1,1,4,4,2,0,0,4
P000065,zero_leakage,datasets\stage3_scaling\programs\P000065.c,datasets\stage3_scaling\miters\P000065_miter.c,"high_sec,pub_val",high_sec,pub_val,119859878c9aef78a0b38ae7bd21fd7dda7d9c6ea183b7fd70d2cfd242b409ec,23,6,0,0,2,8,0,0,0,1,1,9,0,0,9,0,2,4,0,0.45,0.0,0.0,0,0.0,1,1,4,4,2,0,0,4
P000066,zero_leakage,datasets\stage3_scaling\programs\P000066.c,datasets\stage3_scaling\miters\P000066_miter.c,"high_sec,pub_val",high_sec,pub_val,17fb0abf7f7b022266a6742c887b2cee159b9bb8f805b84bd31c67fb354848a3,23,6,0,0,2,8,0,0,0,1,1,9,0,0,9,0,2,4,0,0.45,0.0,0.0,0,0.0,1,1,4,4,2,0,0,4
P000067,zero_leakage,datasets\stage3_scaling\programs\P000067.c,datasets\stage3_scaling\miters\P000067_miter.c,"high_sec,pub_val",high_sec,pub_val,8a81b7f9622874d043c88c7cca31a0803e8dda6cd8be93b83a9bc4e37230106a,23,6,0,0,2,8,0,0,0,1,1,9,0,0,9,0,2,4,0,0.45,0.0,0.0,0,0.0,1,1,4,4,2,0,0,4
P000068,zero_leakage,datasets\stage3_scaling\programs\P000068.c,datasets\stage3_scaling\miters\P000068_miter.c,"high_sec,pub_val",high_sec,pub_val,9742010891c75224bbdb7952b42bd5f216137e66412ba2554b006e37d625be6a,23,6,0,0,2,8,0,0,0,1,1,9,0,0,9,0,2,4,0,0.45,0.0,0.0,0,0.0,1,1,4,4,2,0,0,4
P000069,zero_leakage,datasets\stage3_scaling\programs\P000069.c,datasets\stage3_scaling\miters\P000069_miter.c,"high_sec,pub_val",high_sec,pub_val,c0717e2348d9cf825920a6c796ac4cb7bd55c0485441ea4f8be34a8c6f790851,23,6,0,0,2,8,0,0,0,1,1,9,0,0,9,0,2,4,0,0.45,0.0,0.0,0,0.0,1,1,4,4,2,0,0,4
P000070,zero_leakage,datasets\stage3_scaling\programs\P000070.c,datasets\stage3_scaling\miters\P000070_miter.c,"high_sec,pub_val",high_sec,pub_val,bc39a90b3b19e7b1a720f047c977ccd372a5f964d52e614dcea57070e062af7b,23,6,0,0,2,8,0,0,0,1,1,9,0,0,9,0,2,4,0,0.45,0.0,0.0,0,0.0,1,1,4,4,2,0,0,4
P000071,zero_leakage,datasets\stage3_scaling\programs\P000071.c,datasets\stage3_scaling\miters\P000071_miter.c,"high_sec,pub_val",high_sec,pub_val,3f55b04ab2374a6716ca09d5fd136ba41d00247479c5251b2e821f89f1802833,23,6,0,0,2,8,0,0,0,1,1,9,0,0,9,0,2,4,0,0.45,0.0,0.0,0,0.0,1,1,4,4,2,0,0,4
P000072,zero_leakage,datasets\stage3_scaling\programs\P000072.c,datasets\stage3_scaling\miters\P000072_miter.c,"high_sec,pub_val",high_sec,pub_val,ddadf8705179dc2a95e00ecc27cb709037e606bab0272c2427cd145b3f1014d2,23,6,0,0,2,8,0,0,0,1,1,9,0,0,9,0,2,4,0,0.45,0.0,0.0,0,0.0,1,1,4,4,2,0,0,4
P000073,zero_leakage,datasets\stage3_scaling\programs\P000073.c,datasets\stage3_scaling\miters\P000073_miter.c,"high_sec,pub_val",high_sec,pub_val,b68e1cf1b0a758470f54cb01e4714da5f52f737ffb300eecfcfab695b41b077a,23,6,0,0,2,8,0,0,0,1,1,9,0,0,9,0,2,4,0,0.45,0.0,0.0,0,0.0,1,1,4,4,2,0,0,4
P000074,zero_leakage,datasets\stage3_scaling\programs\P000074.c,datasets\stage3_scaling\miters\P000074_miter.c,"high_sec,pub_val",high_sec,pub_val,ba84558ab56ad72d1055591a78218ef6a03d08f9234ef5d664cfc206e6c58652,23,6,0,0,2,8,0,0,0,1,1,9,0,0,9,0,2,4,0,0.45,0.0,0.0,0,0.0,1,1,4,4,2,0,0,4
P000075,zero_leakage,datasets\stage3_scaling\programs\P000075.c,datasets\stage3_scaling\miters\P000075_miter.c,"high_sec,pub_val",high_sec,pub_val,7ad43bf63d0884c4376101010d81e44293358aefdf7bcdd7939d190991bdb477,23,6,0,0,2,8,0,0,0,1,1,9,0,0,9,0,2,4,0,0.45,0.0,0.0,0,0.0,1,1,4,4,2,0,0,4
P000076,zero_leakage,datasets\stage3_scaling\programs\P000076.c,datasets\stage3_scaling\miters\P000076_miter.c,"high_sec,pub_val",high_sec,pub_val,80e712b1b7b099e26a23755437cd5996771077a0c098cc1112dea9bee0f6fcce,23,6,0,0,2,8,0,0,0,1,1,9,0,0,9,0,2,4,0,0.45,0.0,0.0,0,0.0,1,1,4,4,2,0,0,4
P000077,zero_leakage,datasets\stage3_scaling\programs\P000077.c,datasets\stage3_scaling\miters\P000077_miter.c,"high_sec,pub_val",high_sec,pub_val,7f22c2078d0e9387e32f1656e0d98df1d1405f6eb8dc9eff2e61c83104f03e55,23,6,0,0,2,8,0,0,0,1,1,9,0,0,9,0,2,4,0,0.45,0.0,0.0,0,0.0,1,1,4,4,2,0,0,4
P000078,zero_leakage,datasets\stage3_scaling\programs\P000078.c,datasets\stage3_scaling\miters\P000078_miter.c,"high_sec,pub_val",high_sec,pub_val,7810b17ac83db2c925b642708c751347ff8bd6ca1bb19b09fb2f618294b04722,23,6,0,0,2,8,0,0,0,1,1,9,0,0,9,0,2,4,0,0.45,0.0,0.0,0,0.0,1,1,4,4,2,0,0,4
P000079,zero_leakage,datasets\stage3_scaling\programs\P000079.c,datasets\stage3_scaling\miters\P000079_miter.c,"high_sec,pub_val",high_sec,pub_val,946c03d3d95058302be5068639c73e17d03a914137e3f75d88f356321eaa08a7,23,6,0,0,2,8,0,0,0,1,1,9,0,0,9,0,2,4,0,0.45,0.0,0.0,0,0.0,1,1,4,4,2,0,0,4
P000080,zero_leakage,datasets\stage3_scaling\programs\P000080.c,datasets\stage3_scaling\miters\P000080_miter.c,"high_sec,pub_val",high_sec,pub_val,4fab7c6f89042b1d78f6aaec8fe9a5a0cef9852cfc6780fa54413daad09724af,23,6,0,0,2,8,0,0,0,1,1,9,0,0,9,0,2,4,0,0.45,0.0,0.0,0,0.0,1,1,4,4,2,0,0,4
P000081,zero_leakage,datasets\stage3_scaling\programs\P000081.c,datasets\stage3_scaling\miters\P000081_miter.c,"high_sec,pub_val",high_sec,pub_val,251c68d8c339994ed96e5a22071d16075133b76e27cbc1c78be6623beebf6320,23,6,0,0,2,8,0,0,0,1,1,9,0,0,9,0,2,4,0,0.45,0.0,0.0,0,0.0,1,1,4,4,2,0,0,4
P000082,zero_leakage,datasets\stage3_scaling\programs\P000082.c,datasets\stage3_scaling\miters\P000082_miter.c,"high_sec,pub_val",high_sec,pub_val,b1f462bb202ebe20f4c26bd42ba579187e9ccf906192fc1a3e0706734004cc83,23,6,0,0,2,8,0,0,0,1,1,9,0,0,9,0,2,4,0,0.45,0.0,0.0,0,0.0,1,1,4,4,2,0,0,4
P000083,zero_leakage,datasets\stage3_scaling\programs\P000083.c,datasets\stage3_scaling\miters\P000083_miter.c,"high_sec,pub_val",high_sec,pub_val,e7b88ed8d0c623ea6b1691624d1294da57fdddc85b29d20e7b3bb2f981df90f1,23,6,0,0,2,8,0,0,0,1,1,9,0,0,9,0,2,4,0,0.45,0.0,0.0,0,0.0,1,1,4,4,2,0,0,4
P000084,zero_leakage,datasets\stage3_scaling\programs\P000084.c,datasets\stage3_scaling\miters\P000084_miter.c,"high_sec,pub_val",high_sec,pub_val,0f378f8be80629d3e5f0eaa10cb84fbc8227922bbb3b95c72653a09713180d44,23,6,0,0,2,8,0,0,0,1,1,9,0,0,9,0,2,4,0,0.45,0.0,0.0,0,0.0,1,1,4,4,2,0,0,4
P000085,zero_leakage,datasets\stage3_scaling\programs\P000085.c,datasets\stage3_scaling\miters\P000085_miter.c,"high_sec,pub_val",high_sec,pub_val,e5538c70c0d39e8033c61ad9fe3147f28a57c3adf9706818fa33c81a6651a69d,23,6,0,0,2,8,0,0,0,1,1,9,0,0,9,0,2,4,0,0.45,0.0,0.0,0,0.0,1,1,4,4,2,0,0,4
P000086,zero_leakage,datasets\stage3_scaling\programs\P000086.c,datasets\stage3_scaling\miters\P000086_miter.c,"high_sec,pub_val",high_sec,pub_val,7d5df34a45cee5257ec3454641bf29c469d1dec269ce918ddeba7b3763009e3e,23,6,0,0,2,8,0,0,0,1,1,9,0,0,9,0,2,4,0,0.45,0.0,0.0,0,0.0,1,1,4,4,2,0,0,4
P000087,zero_leakage,datasets\stage3_scaling\programs\P000087.c,datasets\stage3_scaling\miters\P000087_miter.c,"high_sec,pub_val",high_sec,pub_val,eb434e57c7f5f9602aec1e41697bc03b20a43fc881b999b1c5ce95136442bf42,23,6,0,0,2,8,0,0,0,1,1,9,0,0,9,0,2,4,0,0.45,0.0,0.0,0,0.0,1,1,4,4,2,0,0,4
P000088,zero_leakage,datasets\stage3_scaling\programs\P000088.c,datasets\stage3_scaling\miters\P000088_miter.c,"high_sec,pub_val",high_sec,pub_val,6ae7251e93cb4020274c7199074b3d43b1938dc2fa020140f2e29b696ce9500e,23,6,0,0,2,8,0,0,0,1,1,9,0,0,9,0,2,4,0,0.45,0.0,0.0,0,0.0,1,1,4,4,2,0,0,4
P000089,zero_leakage,datasets\stage3_scaling\programs\P000089.c,datasets\stage3_scaling\miters\P000089_miter.c,"high_sec,pub_val",high_sec,pub_val,1d4699be30f157fd098cde1113560b1a14448e4981c29e5b1cccc1200846d11a,23,6,0,0,2,8,0,0,0,1,1,9,0,0,9,0,2,4,0,0.45,0.0,0.0,0,0.0,1,1,4,4,2,0,0,4
P000090,zero_leakage,datasets\stage3_scaling\programs\P000090.c,datasets\stage3_scaling\miters\P000090_miter.c,"high_sec,pub_val",high_sec,pub_val,7a4db8c2875988076058cc34bb6231e139dcbcf2fe11ecdc79b98998253a841f,23,6,0,0,2,8,0,0,0,1,1,9,0,0,9,0,2,4,0,0.45,0.0,0.0,0,0.0,1,1,4,4,2,0,0,4
P000091,zero_leakage,datasets\stage3_scaling\programs\P000091.c,datasets\stage3_scaling\miters\P000091_miter.c,"high_sec,pub_val",high_sec,pub_val,58631119f2415e6ba253d8c558009a5dfce52620e3e78ca1633ea1fdad0607d7,23,6,0,0,2,8,0,0,0,1,1,9,0,0,9,0,2,4,0,0.45,0.0,0.0,0,0.0,1,1,4,4,2,0,0,4
P000092,zero_leakage,datasets\stage3_scaling\programs\P000092.c,datasets\stage3_scaling\miters\P000092_miter.c,"high_sec,pub_val",high_sec,pub_val,7481d1065b1ca8990cadbb0b59cb194ad571f65944dc8dace5f4e25bd5b35151,23,6,0,0,2,8,0,0,0,1,1,9,0,0,9,0,2,4,0,0.45,0.0,0.0,0,0.0,1,1,4,4,2,0,0,4
P000093,zero_leakage,datasets\stage3_scaling\programs\P000093.c,datasets\stage3_scaling\miters\P000093_miter.c,"high_sec,pub_val",high_sec,pub_val,d84a03f3ab02caea678fcf19f1a1f96c1d1ed9e3a67f78875edcac2fc46d91bf,23,6,0,0,2,8,0,0,0,1,1,9,0,0,9,0,2,4,0,0.45,0.0,0.0,0,0.0,1,1,4,4,2,0,0,4
P000094,zero_leakage,datasets\stage3_scaling\programs\P000094.c,datasets\stage3_scaling\miters\P000094_miter.c,"high_sec,pub_val",high_sec,pub_val,53cf46906255fe07f0b2271a700ac043c9f6d15f932da32566baf47ac61fe5cf,23,6,0,0,2,8,0,0,0,1,1,9,0,0,9,0,2,4,0,0.45,0.0,0.0,0,0.0,1,1,4,4,2,0,0,4
P000095,zero_leakage,datasets\stage3_scaling\programs\P000095.c,datasets\stage3_scaling\miters\P000095_miter.c,"high_sec,pub_val",high_sec,pub_val,fda0ccd44041b83141f5894fb2f2baf8a3b8da318bd771ed8de9da6f83d30aab,23,6,0,0,2,8,0,0,0,1,1,9,0,0,9,0,2,4,0,0.45,0.0,0.0,0,0.0,1,1,4,4,2,0,0,4
P000096,zero_leakage,datasets\stage3_scaling\programs\P000096.c,datasets\stage3_scaling\miters\P000096_miter.c,"high_sec,pub_val",high_sec,pub_val,2b8c885e53546bd70b7a6d2a87c584a52260f268f9d597cd80a787ba1ef3a572,23,6,0,0,2,8,0,0,0,1,1,9,0,0,9,0,2,4,0,0.45,0.0,0.0,0,0.0,1,1,4,4,2,0,0,4
P000097,zero_leakage,datasets\stage3_scaling\programs\P000097.c,datasets\stage3_scaling\miters\P000097_miter.c,"high_sec,pub_val",high_sec,pub_val,2f43d944d6a9a1a2663345d1019a1f03befcd178402de98f23ac3b95b59fd9ca,23,6,0,0,2,8,0,0,0,1,1,9,0,0,9,0,2,4,0,0.45,0.0,0.0,0,0.0,1,1,4,4,2,0,0,4
P000098,zero_leakage,datasets\stage3_scaling\programs\P000098.c,datasets\stage3_scaling\miters\P000098_miter.c,"high_sec,pub_val",high_sec,pub_val,cd1533ed09011d56c6c8d82a0ff86dbcbd1bd2fbf4ea73f0029cc27981c82220,23,6,0,0,2,8,0,0,0,1,1,9,0,0,9,0,2,4,0,0.45,0.0,0.0,0,0.0,1,1,4,4,2,0,0,4
P000099,zero_leakage,datasets\stage3_scaling\programs\P000099.c,datasets\stage3_scaling\miters\P000099_miter.c,"high_sec,pub_val",high_sec,pub_val,b136efa32a7c6d12b8e11f34fb38383a79117a907bb3e648681d5fda9d6bd090,23,6,0,0,2,8,0,0,0,1,1,9,0,0,9,0,2,4,0,0.45,0.0,0.0,0,0.0,1,1,4,4,2,0,0,4
P000100,zero_leakage,datasets\stage3_scaling\programs\P000100.c,datasets\stage3_scaling\miters\P000100_miter.c,"high_sec,pub_val",high_sec,pub_val,0932b3bc7cd935326de6d4f7f7ad3aae38d752b443ffc0b3f9c98bb4345b1220,23,6,0,0,2,8,0,0,0,1,1,9,0,0,9,0,2,4,0,0.45,0.0,0.0,0,0.0,1,1,4,4,2,0,0,4
P000101,direct_leakage,datasets\stage3_scaling\programs\P000101.c,datasets\stage3_scaling\miters\P000101_miter.c,"key_in,pub_in",key_in,pub_in,905e06a4845e49b0a6257dad49eec55d9cf0a47fb5887cd67875df4bfbd9aa78,21,5,0,0,2,7,0,0,0,1,1,7,0,0,7,0,2,3,0,0.3889,0.0,0.0,0,0.0,1,1,3,4,0,3,3,3
P000102,direct_leakage,datasets\stage3_scaling\programs\P000102.c,datasets\stage3_scaling\miters\P000102_miter.c,"key_in,pub_in",key_in,pub_in,7199855743d886548946f953b1dea587c5391637e54d2714fe2b63592856ec4d,21,5,0,0,2,7,0,0,0,1,1,7,0,0,7,0,2,3,0,0.3889,0.0,0.0,0,0.0,1,1,3,4,0,3,3,3
P000103,direct_leakage,datasets\stage3_scaling\programs\P000103.c,datasets\stage3_scaling\miters\P000103_miter.c,"key_in,pub_in",key_in,pub_in,0021e6f37fef83fdde1cccb15cf49751b954074c2487ea092277a0b3a938522c,21,5,0,0,2,7,0,0,0,1,1,7,0,0,7,0,2,3,0,0.3889,0.0,0.0,0,0.0,1,1,3,4,0,3,3,3
P000104,direct_leakage,datasets\stage3_scaling\programs\P000104.c,datasets\stage3_scaling\miters\P000104_miter.c,"key_in,pub_in",key_in,pub_in,b31ab91674f197a2afb565815086076c39cda140a2808fe5438233f6bef750e4,21,5,0,0,2,7,0,0,0,1,1,7,0,0,7,0,2,3,0,0.3889,0.0,0.0,0,0.0,1,1,3,4,0,3,3,3
P000105,direct_leakage,datasets\stage3_scaling\programs\P000105.c,datasets\stage3_scaling\miters\P000105_miter.c,"key_in,pub_in",key_in,pub_in,309b7c657a0e27fe11438a8fdfe9859e3f797354ea5639ec636fa538b9f16b2e,21,5,0,0,2,7,0,0,0,1,1,7,0,0,7,0,2,3,0,0.3889,0.0,0.0,0,0.0,1,1,3,4,0,3,3,3
P000106,direct_leakage,datasets\stage3_scaling\programs\P000106.c,datasets\stage3_scaling\miters\P000106_miter.c,"key_in,pub_in",key_in,pub_in,f72dff5c6fbca25d4c0ee3b6ef60eb16fe1291db27d4265d8ac1376d1d09bc36,21,5,0,0,2,7,0,0,0,1,1,7,0,0,7,0,2,3,0,0.3889,0.0,0.0,0,0.0,1,1,3,4,0,3,3,3
P000107,direct_leakage,datasets\stage3_scaling\programs\P000107.c,datasets\stage3_scaling\miters\P000107_miter.c,"key_in,pub_in",key_in,pub_in,edfefe79bb47b120f7d43cb969d4a5cc149aac82fdcf9fa06ea5e83e08c8d690,21,5,0,0,2,7,0,0,0,1,1,7,0,0,7,0,2,3,0,0.3889,0.0,0.0,0,0.0,1,1,3,4,0,3,3,3
P000108,direct_leakage,datasets\stage3_scaling\programs\P000108.c,datasets\stage3_scaling\miters\P000108_miter.c,"key_in,pub_in",key_in,pub_in,b9a1da0002e7bed20336dc281ea00a09ee0cba9e95b1836b389f2973067ad4bf,21,5,0,0,2,7,0,0,0,1,1,7,0,0,7,0,2,3,0,0.3889,0.0,0.0,0,0.0,1,1,3,4,0,3,3,3
P000109,direct_leakage,datasets\stage3_scaling\programs\P000109.c,datasets\stage3_scaling\miters\P000109_miter.c,"key_in,pub_in",key_in,pub_in,5ddf02feb4072bc621fd903c09dd2d7befc010ae0a3e7adb75c3f27348689092,21,5,0,0,2,7,0,0,0,1,1,7,0,0,7,0,2,3,0,0.3889,0.0,0.0,0,0.0,1,1,3,4,0,3,3,3
P000110,direct_leakage,datasets\stage3_scaling\programs\P000110.c,datasets\stage3_scaling\miters\P000110_miter.c,"key_in,pub_in",key_in,pub_in,6a28a9dde00d53dd0cd573af6f8d2b2b052ee6fa275101cb7655e8d5006ed065,21,5,0,0,2,7,0,0,0,1,1,7,0,0,7,0,2,3,0,0.3889,0.0,0.0,0,0.0,1,1,3,4,0,3,3,3
P000111,direct_leakage,datasets\stage3_scaling\programs\P000111.c,datasets\stage3_scaling\miters\P000111_miter.c,"key_in,pub_in",key_in,pub_in,da6bd438b15cd4d48be80c147c2c8fa25b38d7a045d1d028e532ccc2a2c13e64,21,5,0,0,2,7,0,0,0,1,1,7,0,0,7,0,2,3,0,0.3889,0.0,0.0,0,0.0,1,1,3,4,0,3,3,3
P000112,direct_leakage,datasets\stage3_scaling\programs\P000112.c,datasets\stage3_scaling\miters\P000112_miter.c,"key_in,pub_in",key_in,pub_in,11d3265be21aff8b248298a20b02201b07765789bc33af665889f929febe58ca,21,5,0,0,2,7,0,0,0,1,1,7,0,0,7,0,2,3,0,0.3889,0.0,0.0,0,0.0,1,1,3,4,0,3,3,3
P000113,direct_leakage,datasets\stage3_scaling\programs\P000113.c,datasets\stage3_scaling\miters\P000113_miter.c,"key_in,pub_in",key_in,pub_in,8284f1bc738f38aede8459fe370da9b8b7437498d575dd45ce31ae6a17ea2f09,21,5,0,0,2,7,0,0,0,1,1,7,0,0,7,0,2,3,0,0.3889,0.0,0.0,0,0.0,1,1,3,4,0,3,3,3
P000114,direct_leakage,datasets\stage3_scaling\programs\P000114.c,datasets\stage3_scaling\miters\P000114_miter.c,"key_in,pub_in",key_in,pub_in,c317c08fb2cab6a5e641bf3379d4ba19230b3a23f2b6c45ceda78620f0a10ddb,21,5,0,0,2,7,0,0,0,1,1,7,0,0,7,0,2,3,0,0.3889,0.0,0.0,0,0.0,1,1,3,4,0,3,3,3
P000115,direct_leakage,datasets\stage3_scaling\programs\P000115.c,datasets\stage3_scaling\miters\P000115_miter.c,"key_in,pub_in",key_in,pub_in,dd95a59c75af3f7c7811553a8a362c4ded7e18a260933769caf94e4893c2b419,21,5,0,0,2,7,0,0,0,1,1,7,0,0,7,0,2,3,0,0.3889,0.0,0.0,0,0.0,1,1,3,4,0,3,3,3
P000116,direct_leakage,datasets\stage3_scaling\programs\P000116.c,datasets\stage3_scaling\miters\P000116_miter.c,"key_in,pub_in",key_in,pub_in,42c78d976e4b9da7779f8c88422d145f041004359dabded85a29c141ca4d7c49,21,5,0,0,2,7,0,0,0,1,1,7,0,0,7,0,2,3,0,0.3889,0.0,0.0,0,0.0,1,1,3,4,0,3,3,3
P000117,direct_leakage,datasets\stage3_scaling\programs\P000117.c,datasets\stage3_scaling\miters\P000117_miter.c,"key_in,pub_in",key_in,pub_in,a817d272ab7cbc744303710faf527d2ecb399ec7b15a4bb0da18fe3d32eecd77,21,5,0,0,2,7,0,0,0,1,1,7,0,0,7,0,2,3,0,0.3889,0.0,0.0,0,0.0,1,1,3,4,0,3,3,3
P000118,direct_leakage,datasets\stage3_scaling\programs\P000118.c,datasets\stage3_scaling\miters\P000118_miter.c,"key_in,pub_in",key_in,pub_in,ad3e67f0bba63d5a980a65f55115256738d92b5cca94ee9472558078674ffe5e,21,5,0,0,2,7,0,0,0,1,1,7,0,0,7,0,2,3,0,0.3889,0.0,0.0,0,0.0,1,1,3,4,0,3,3,3
P000119,direct_leakage,datasets\stage3_scaling\programs\P000119.c,datasets\stage3_scaling\miters\P000119_miter.c,"key_in,pub_in",key_in,pub_in,43c387fb78c3dd2d404d10f33b307034a5cf3ce8042da8c7e0f1f383d2f77612,21,5,0,0,2,7,0,0,0,1,1,7,0,0,7,0,2,3,0,0.3889,0.0,0.0,0,0.0,1,1,3,4,0,3,3,3
P000120,direct_leakage,datasets\stage3_scaling\programs\P000120.c,datasets\stage3_scaling\miters\P000120_miter.c,"key_in,pub_in",key_in,pub_in,53b61343863a7d06c4ca38043796b063bb8c816dee414fc3ace881564b792aec,21,5,0,0,2,7,0,0,0,1,1,7,0,0,7,0,2,3,0,0.3889,0.0,0.0,0,0.0,1,1,3,4,0,3,3,3
P000121,direct_leakage,datasets\stage3_scaling\programs\P000121.c,datasets\stage3_scaling\miters\P000121_miter.c,"key_in,pub_in",key_in,pub_in,343ffe399fc54125a7cb9c5890b21ea16ad8e0ea6e607695c85d32b8fb78be67,21,5,0,0,2,7,0,0,0,1,1,7,0,0,7,0,2,3,0,0.3889,0.0,0.0,0,0.0,1,1,3,4,0,3,3,3
P000122,direct_leakage,datasets\stage3_scaling\programs\P000122.c,datasets\stage3_scaling\miters\P000122_miter.c,"key_in,pub_in",key_in,pub_in,754b618b7c6632343e01ccaebf751ae433c11a16c4fcd978a557e425412ccb32,21,5,0,0,2,7,0,0,0,1,1,7,0,0,7,0,2,3,0,0.3889,0.0,0.0,0,0.0,1,1,3,4,0,3,3,3
P000123,direct_leakage,datasets\stage3_scaling\programs\P000123.c,datasets\stage3_scaling\miters\P000123_miter.c,"key_in,pub_in",key_in,pub_in,5793ff06028954c95bffef21bc3d66f14aa47ad044eac071129bf8e8d531bcc1,21,5,0,0,2,7,0,0,0,1,1,7,0,0,7,0,2,3,0,0.3889,0.0,0.0,0,0.0,1,1,3,4,0,3,3,3
P000124,direct_leakage,datasets\stage3_scaling\programs\P000124.c,datasets\stage3_scaling\miters\P000124_miter.c,"key_in,pub_in",key_in,pub_in,edf5c8e322d43ff97e12fd3c4f8f5a5c58fcca42c8bd325d74cb3b8db5ac6ff5,21,5,0,0,2,7,0,0,0,1,1,7,0,0,7,0,2,3,0,0.3889,0.0,0.0,0,0.0,1,1,3,4,0,3,3,3
P000125,direct_leakage,datasets\stage3_scaling\programs\P000125.c,datasets\stage3_scaling\miters\P000125_miter.c,"key_in,pub_in",key_in,pub_in,2300b75fc97115907c7f180d2881f4eafc8c64723672db2bd4032609531294cc,21,5,0,0,2,7,0,0,0,1,1,7,0,0,7,0,2,3,0,0.3889,0.0,0.0,0,0.0,1,1,3,4,0,3,3,3
P000126,direct_leakage,datasets\stage3_scaling\programs\P000126.c,datasets\stage3_scaling\miters\P000126_miter.c,"key_in,pub_in",key_in,pub_in,78e3ecd2c9d762ce90e5971c7cc6407556bbbc119a2ca3bda62aba7dbc5458ca,21,5,0,0,2,7,0,0,0,1,1,7,0,0,7,0,2,3,0,0.3889,0.0,0.0,0,0.0,1,1,3,4,0,3,3,3
P000127,direct_leakage,datasets\stage3_scaling\programs\P000127.c,datasets\stage3_scaling\miters\P000127_miter.c,"key_in,pub_in",key_in,pub_in,963ea2870f6e05edf8e52fd7c5b0dc9c5826d2e96825e21fa6c5816a35119b21,21,5,0,0,2,7,0,0,0,1,1,7,0,0,7,0,2,3,0,0.3889,0.0,0.0,0,0.0,1,1,3,4,0,3,3,3
P000128,direct_leakage,datasets\stage3_scaling\programs\P000128.c,datasets\stage3_scaling\miters\P000128_miter.c,"key_in,pub_in",key_in,pub_in,ec2987c495d265e2974883d96aac5959a50228cc2ead7d927ce058494fb19d17,21,5,0,0,2,7,0,0,0,1,1,7,0,0,7,0,2,3,0,0.3889,0.0,0.0,0,0.0,1,1,3,4,0,3,3,3
P000129,direct_leakage,datasets\stage3_scaling\programs\P000129.c,datasets\stage3_scaling\miters\P000129_miter.c,"key_in,pub_in",key_in,pub_in,1dbe0349a5335a5f6be559a11c06d78aa02989e5c9e7b49a9235ea259bb79f36,21,5,0,0,2,7,0,0,0,1,1,7,0,0,7,0,2,3,0,0.3889,0.0,0.0,0,0.0,1,1,3,4,0,3,3,3
P000130,direct_leakage,datasets\stage3_scaling\programs\P000130.c,datasets\stage3_scaling\miters\P000130_miter.c,"key_in,pub_in",key_in,pub_in,d532af28ef48c1fa9840b915400e9b173819eb0e7c0d033f41024a3f5da2a34a,21,5,0,0,2,7,0,0,0,1,1,7,0,0,7,0,2,3,0,0.3889,0.0,0.0,0,0.0,1,1,3,4,0,3,3,3
P000131,direct_leakage,datasets\stage3_scaling\programs\P000131.c,datasets\stage3_scaling\miters\P000131_miter.c,"key_in,pub_in",key_in,pub_in,b273704551a1b2042ae5be8a34e1fb1190bb6ee75bf41be2b53830888ae7c44b,21,5,0,0,2,7,0,0,0,1,1,7,0,0,7,0,2,3,0,0.3889,0.0,0.0,0,0.0,1,1,3,4,0,3,3,3
P000132,direct_leakage,datasets\stage3_scaling\programs\P000132.c,datasets\stage3_scaling\miters\P000132_miter.c,"key_in,pub_in",key_in,pub_in,81bd3216b127981f02c481658089bdf1434f896a7fed0be4a07c74ee34b1a8dd,21,5,0,0,2,7,0,0,0,1,1,7,0,0,7,0,2,3,0,0.3889,0.0,0.0,0,0.0,1,1,3,4,0,3,3,3
P000133,direct_leakage,datasets\stage3_scaling\programs\P000133.c,datasets\stage3_scaling\miters\P000133_miter.c,"key_in,pub_in",key_in,pub_in,8bfe05614650e88630412e4dc6d0a94502aa12e679009f33f582e0d419a9891a,21,5,0,0,2,7,0,0,0,1,1,7,0,0,7,0,2,3,0,0.3889,0.0,0.0,0,0.0,1,1,3,4,0,3,3,3
P000134,direct_leakage,datasets\stage3_scaling\programs\P000134.c,datasets\stage3_scaling\miters\P000134_miter.c,"key_in,pub_in",key_in,pub_in,b47e8a15c51fe22263449702f2320f7120e1161e6bc464108dea71bb44f72da9,21,5,0,0,2,7,0,0,0,1,1,7,0,0,7,0,2,3,0,0.3889,0.0,0.0,0,0.0,1,1,3,4,0,3,3,3
P000135,direct_leakage,datasets\stage3_scaling\programs\P000135.c,datasets\stage3_scaling\miters\P000135_miter.c,"key_in,pub_in",key_in,pub_in,403d38caebb0a563ca850d333f10eeb1426dfbf7ad20e689d2a2b034c44a0907,21,5,0,0,2,7,0,0,0,1,1,7,0,0,7,0,2,3,0,0.3889,0.0,0.0,0,0.0,1,1,3,4,0,3,3,3
P000136,direct_leakage,datasets\stage3_scaling\programs\P000136.c,datasets\stage3_scaling\miters\P000136_miter.c,"key_in,pub_in",key_in,pub_in,0193a58a4184ee95032d70c4cf5cbcf8e55f958cef0ecae042bb2ec838f7a287,21,5,0,0,2,7,0,0,0,1,1,7,0,0,7,0,2,3,0,0.3889,0.0,0.0,0,0.0,1,1,3,4,0,3,3,3
P000137,direct_leakage,datasets\stage3_scaling\programs\P000137.c,datasets\stage3_scaling\miters\P000137_miter.c,"key_in,pub_in",key_in,pub_in,f9479a605649f0c82a7c5d5853fc83cac24dc4a6ecdd33026c8c19ae3a104890,21,5,0,0,2,7,0,0,0,1,1,7,0,0,7,0,2,3,0,0.3889,0.0,0.0,0,0.0,1,1,3,4,0,3,3,3
P000138,direct_leakage,datasets\stage3_scaling\programs\P000138.c,datasets\stage3_scaling\miters\P000138_miter.c,"key_in,pub_in",key_in,pub_in,99c3858d07501786e4a1d9619d935d22bd3b2ffce1d02c164a089fc2c6d8acae,21,5,0,0,2,7,0,0,0,1,1,7,0,0,7,0,2,3,0,0.3889,0.0,0.0,0,0.0,1,1,3,4,0,3,3,3
P000139,direct_leakage,datasets\stage3_scaling\programs\P000139.c,datasets\stage3_scaling\miters\P000139_miter.c,"key_in,pub_in",key_in,pub_in,5035d2b8270ef6ff87a986fd9e77d31d8fef6275c60dc8436cf145b0805ef648,21,5,0,0,2,7,0,0,0,1,1,7,0,0,7,0,2,3,0,0.3889,0.0,0.0,0,0.0,1,1,3,4,0,3,3,3
P000140,direct_leakage,datasets\stage3_scaling\programs\P000140.c,datasets\stage3_scaling\miters\P000140_miter.c,"key_in,pub_in",key_in,pub_in,e4ec08173657611b25bcf2cc6c49c21f7ac7518e94ccf07b268685a3a7309a22,21,5,0,0,2,7,0,0,0,1,1,7,0,0,7,0,2,3,0,0.3889,0.0,0.0,0,0.0,1,1,3,4,0,3,3,3
P000141,direct_leakage,datasets\stage3_scaling\programs\P000141.c,datasets\stage3_scaling\miters\P000141_miter.c,"key_in,pub_in",key_in,pub_in,abc6bb71041f62fcc406030db8a2f591f14d26f4776ebf856e283bc3a0552d30,21,5,0,0,2,7,0,0,0,1,1,7,0,0,7,0,2,3,0,0.3889,0.0,0.0,0,0.0,1,1,3,4,0,3,3,3
P000142,direct_leakage,datasets\stage3_scaling\programs\P000142.c,datasets\stage3_scaling\miters\P000142_miter.c,"key_in,pub_in",key_in,pub_in,26091fdc042b9cb733212e83d1a4455cf0409291b138d615fc125b3a1e320075,21,5,0,0,2,7,0,0,0,1,1,7,0,0,7,0,2,3,0,0.3889,0.0,0.0,0,0.0,1,1,3,4,0,3,3,3
P000143,direct_leakage,datasets\stage3_scaling\programs\P000143.c,datasets\stage3_scaling\miters\P000143_miter.c,"key_in,pub_in",key_in,pub_in,7b9e48a12b2aa2e85d3f8f4dfaa2200683d25c1b3d673b3470fb72ba1e61ff98,21,5,0,0,2,7,0,0,0,1,1,7,0,0,7,0,2,3,0,0.3889,0.0,0.0,0,0.0,1,1,3,4,0,3,3,3
P000144,direct_leakage,datasets\stage3_scaling\programs\P000144.c,datasets\stage3_scaling\miters\P000144_miter.c,"key_in,pub_in",key_in,pub_in,3081d9902098973445994559d7de824081bb94d0c1a86bb6576f352a5e1f5ca0,21,5,0,0,2,7,0,0,0,1,1,7,0,0,7,0,2,3,0,0.3889,0.0,0.0,0,0.0,1,1,3,4,0,3,3,3
P000145,direct_leakage,datasets\stage3_scaling\programs\P000145.c,datasets\stage3_scaling\miters\P000145_miter.c,"key_in,pub_in",key_in,pub_in,a4d947d8dd55cbab32d7d57fc4b57a00c0302811442dac165a1685a6d3cf46d8,21,5,0,0,2,7,0,0,0,1,1,7,0,0,7,0,2,3,0,0.3889,0.0,0.0,0,0.0,1,1,3,4,0,3,3,3
P000146,direct_leakage,datasets\stage3_scaling\programs\P000146.c,datasets\stage3_scaling\miters\P000146_miter.c,"key_in,pub_in",key_in,pub_in,f5ae7344770839827f14a526edfa6cda948e6b767235944064a241291f9a9523,21,5,0,0,2,7,0,0,0,1,1,7,0,0,7,0,2,3,0,0.3889,0.0,0.0,0,0.0,1,1,3,4,0,3,3,3
P000147,direct_leakage,datasets\stage3_scaling\programs\P000147.c,datasets\stage3_scaling\miters\P000147_miter.c,"key_in,pub_in",key_in,pub_in,a80128b7714754725ae7a0c807edec4578d077458e3138a57a384a59a2d0e721,21,5,0,0,2,7,0,0,0,1,1,7,0,0,7,0,2,3,0,0.3889,0.0,0.0,0,0.0,1,1,3,4,0,3,3,3
P000148,direct_leakage,datasets\stage3_scaling\programs\P000148.c,datasets\stage3_scaling\miters\P000148_miter.c,"key_in,pub_in",key_in,pub_in,0109e905aa8e3a5c421caf286e58e198c38a3002fd2e4fbdd5b2a4906db6617d,21,5,0,0,2,7,0,0,0,1,1,7,0,0,7,0,2,3,0,0.3889,0.0,0.0,0,0.0,1,1,3,4,0,3,3,3
P000149,direct_leakage,datasets\stage3_scaling\programs\P000149.c,datasets\stage3_scaling\miters\P000149_miter.c,"key_in,pub_in",key_in,pub_in,e46302e549d7bae1cb5869a65bff7a9e94fa32999980a2350178992ddaade612,21,5,0,0,2,7,0,0,0,1,1,7,0,0,7,0,2,3,0,0.3889,0.0,0.0,0,0.0,1,1,3,4,0,3,3,3
P000150,direct_leakage,datasets\stage3_scaling\programs\P000150.c,datasets\stage3_scaling\miters\P000150_miter.c,"key_in,pub_in",key_in,pub_in,79715d46dd8726cc1d1e22910cf1aefd6860f2bb512811241ee7109ca71bb463,21,5,0,0,2,7,0,0,0,1,1,7,0,0,7,0,2,3,0,0.3889,0.0,0.0,0,0.0,1,1,3,4,0,3,3,3
P000151,direct_leakage,datasets\stage3_scaling\programs\P000151.c,datasets\stage3_scaling\miters\P000151_miter.c,"key_in,pub_in",key_in,pub_in,132a24d188b99bab0d83e45b4c55bc8f46d277637ac21a2bf3fe41d77a43d4c3,21,5,0,0,2,7,0,0,0,1,1,7,0,0,7,0,2,3,0,0.3889,0.0,0.0,0,0.0,1,1,3,4,0,3,3,3
P000152,direct_leakage,datasets\stage3_scaling\programs\P000152.c,datasets\stage3_scaling\miters\P000152_miter.c,"key_in,pub_in",key_in,pub_in,8da9dc3434ffb2d530ae6c757508ad3b35b7bd88fa875a20fefb773d684b8bbc,21,5,0,0,2,7,0,0,0,1,1,7,0,0,7,0,2,3,0,0.3889,0.0,0.0,0,0.0,1,1,3,4,0,3,3,3
P000153,direct_leakage,datasets\stage3_scaling\programs\P000153.c,datasets\stage3_scaling\miters\P000153_miter.c,"key_in,pub_in",key_in,pub_in,33b4edf55204a23824c4a77c69539ccff75157a5e5336812e332b1e0e23e789c,21,5,0,0,2,7,0,0,0,1,1,7,0,0,7,0,2,3,0,0.3889,0.0,0.0,0,0.0,1,1,3,4,0,3,3,3
P000154,direct_leakage,datasets\stage3_scaling\programs\P000154.c,datasets\stage3_scaling\miters\P000154_miter.c,"key_in,pub_in",key_in,pub_in,ff362fe5661ba5cb537fa210b6026b2d8414a9bee270c501fa3740587e306449,21,5,0,0,2,7,0,0,0,1,1,7,0,0,7,0,2,3,0,0.3889,0.0,0.0,0,0.0,1,1,3,4,0,3,3,3
P000155,direct_leakage,datasets\stage3_scaling\programs\P000155.c,datasets\stage3_scaling\miters\P000155_miter.c,"key_in,pub_in",key_in,pub_in,0fcfdd09b3f3dece670da4f14e531e44de955e42f3da02097d1468f147766712,21,5,0,0,2,7,0,0,0,1,1,7,0,0,7,0,2,3,0,0.3889,0.0,0.0,0,0.0,1,1,3,4,0,3,3,3
P000156,direct_leakage,datasets\stage3_scaling\programs\P000156.c,datasets\stage3_scaling\miters\P000156_miter.c,"key_in,pub_in",key_in,pub_in,8cdc6e3e2bd71a87a196c2416e4dad6f0f7584cb2bfd7e7250a9f59c3223907d,21,5,0,0,2,7,0,0,0,1,1,7,0,0,7,0,2,3,0,0.3889,0.0,0.0,0,0.0,1,1,3,4,0,3,3,3
P000157,direct_leakage,datasets\stage3_scaling\programs\P000157.c,datasets\stage3_scaling\miters\P000157_miter.c,"key_in,pub_in",key_in,pub_in,580de6a0f31861bb809b18b0278a7301d47e0b2de12b96c48bbc1ce598ffc556,21,5,0,0,2,7,0,0,0,1,1,7,0,0,7,0,2,3,0,0.3889,0.0,0.0,0,0.0,1,1,3,4,0,3,3,3
P000158,direct_leakage,datasets\stage3_scaling\programs\P000158.c,datasets\stage3_scaling\miters\P000158_miter.c,"key_in,pub_in",key_in,pub_in,a9fe4aaca35297165348d14d67fb8bb715418445696b363a442c623e66409f6c,21,5,0,0,2,7,0,0,0,1,1,7,0,0,7,0,2,3,0,0.3889,0.0,0.0,0,0.0,1,1,3,4,0,3,3,3
P000159,direct_leakage,datasets\stage3_scaling\programs\P000159.c,datasets\stage3_scaling\miters\P000159_miter.c,"key_in,pub_in",key_in,pub_in,cbc49c2673eebe164b9eedd5c44ac020f42943186e358e8dd59a784cc586c041,21,5,0,0,2,7,0,0,0,1,1,7,0,0,7,0,2,3,0,0.3889,0.0,0.0,0,0.0,1,1,3,4,0,3,3,3
P000160,direct_leakage,datasets\stage3_scaling\programs\P000160.c,datasets\stage3_scaling\miters\P000160_miter.c,"key_in,pub_in",key_in,pub_in,5d9df2547cbc8d2f03acebb4346cac52f883c8b9c0cae8d1f6b883e11ae74c16,21,5,0,0,2,7,0,0,0,1,1,7,0,0,7,0,2,3,0,0.3889,0.0,0.0,0,0.0,1,1,3,4,0,3,3,3
P000161,direct_leakage,datasets\stage3_scaling\programs\P000161.c,datasets\stage3_scaling\miters\P000161_miter.c,"key_in,pub_in",key_in,pub_in,51e5b5ece25be0872e094f00fb93a718aa18538d52805a6aefc287203decd029,21,5,0,0,2,7,0,0,0,1,1,7,0,0,7,0,2,3,0,0.3889,0.0,0.0,0,0.0,1,1,3,4,0,3,3,3
P000162,direct_leakage,datasets\stage3_scaling\programs\P000162.c,datasets\stage3_scaling\miters\P000162_miter.c,"key_in,pub_in",key_in,pub_in,810434d5c47e5cca1d5ed01d3aef34d0d03dde03bd4bcce91da1f2d34a7a30cd,21,5,0,0,2,7,0,0,0,1,1,7,0,0,7,0,2,3,0,0.3889,0.0,0.0,0,0.0,1,1,3,4,0,3,3,3
P000163,direct_leakage,datasets\stage3_scaling\programs\P000163.c,datasets\stage3_scaling\miters\P000163_miter.c,"key_in,pub_in",key_in,pub_in,c892b51bd94931f31de66c0f8e6a60d4697b9dbd562b453089cace273a79977a,21,5,0,0,2,7,0,0,0,1,1,7,0,0,7,0,2,3,0,0.3889,0.0,0.0,0,0.0,1,1,3,4,0,3,3,3
P000164,direct_leakage,datasets\stage3_scaling\programs\P000164.c,datasets\stage3_scaling\miters\P000164_miter.c,"key_in,pub_in",key_in,pub_in,315f616ef88e89e7e00e7bc6a5dcfbd38bb3aa48231a4bf6ddabefb77068a80b,21,5,0,0,2,7,0,0,0,1,1,7,0,0,7,0,2,3,0,0.3889,0.0,0.0,0,0.0,1,1,3,4,0,3,3,3
P000165,direct_leakage,datasets\stage3_scaling\programs\P000165.c,datasets\stage3_scaling\miters\P000165_miter.c,"key_in,pub_in",key_in,pub_in,9568c42fe135c9ca8233b7ea89ad2ffb3021a5c59584b33c96b4216ee7a71a8a,21,5,0,0,2,7,0,0,0,1,1,7,0,0,7,0,2,3,0,0.3889,0.0,0.0,0,0.0,1,1,3,4,0,3,3,3
P000166,direct_leakage,datasets\stage3_scaling\programs\P000166.c,datasets\stage3_scaling\miters\P000166_miter.c,"key_in,pub_in",key_in,pub_in,be96ac5f8e0c2bcc83707706dcbcae7fd69f3ad76ee569cb19ba0bd16593b970,21,5,0,0,2,7,0,0,0,1,1,7,0,0,7,0,2,3,0,0.3889,0.0,0.0,0,0.0,1,1,3,4,0,3,3,3
P000167,direct_leakage,datasets\stage3_scaling\programs\P000167.c,datasets\stage3_scaling\miters\P000167_miter.c,"key_in,pub_in",key_in,pub_in,afbbb5823d5b8589d0531ec2addc4823dedfdc5fe2558b7fdf04834a0137dd7d,21,5,0,0,2,7,0,0,0,1,1,7,0,0,7,0,2,3,0,0.3889,0.0,0.0,0,0.0,1,1,3,4,0,3,3,3
P000168,direct_leakage,datasets\stage3_scaling\programs\P000168.c,datasets\stage3_scaling\miters\P000168_miter.c,"key_in,pub_in",key_in,pub_in,7a21eab977e8ce00a3b018fbe1eed8218f96b08c7b9f13f30d173e6d621bcc76,21,5,0,0,2,7,0,0,0,1,1,7,0,0,7,0,2,3,0,0.3889,0.0,0.0,0,0.0,1,1,3,4,0,3,3,3
P000169,direct_leakage,datasets\stage3_scaling\programs\P000169.c,datasets\stage3_scaling\miters\P000169_miter.c,"key_in,pub_in",key_in,pub_in,27785d0b8dfcee8da26808348a570fc12ea05328cb11489d152c48b07f4eaac6,21,5,0,0,2,7,0,0,0,1,1,7,0,0,7,0,2,3,0,0.3889,0.0,0.0,0,0.0,1,1,3,4,0,3,3,3
P000170,direct_leakage,datasets\stage3_scaling\programs\P000170.c,datasets\stage3_scaling\miters\P000170_miter.c,"key_in,pub_in",key_in,pub_in,22a0a63efcd7b04330e3999563b4a4fe81179a443f4b4a83cd81b8d5fd9b0775,21,5,0,0,2,7,0,0,0,1,1,7,0,0,7,0,2,3,0,0.3889,0.0,0.0,0,0.0,1,1,3,4,0,3,3,3
P000171,direct_leakage,datasets\stage3_scaling\programs\P000171.c,datasets\stage3_scaling\miters\P000171_miter.c,"key_in,pub_in",key_in,pub_in,18cc1eb5c5ff7c878f4e7f2c3fff2524c40a9fabb51aaa98152dbadf4d96e752,21,5,0,0,2,7,0,0,0,1,1,7,0,0,7,0,2,3,0,0.3889,0.0,0.0,0,0.0,1,1,3,4,0,3,3,3
P000172,direct_leakage,datasets\stage3_scaling\programs\P000172.c,datasets\stage3_scaling\miters\P000172_miter.c,"key_in,pub_in",key_in,pub_in,fb741588e807de463cb9f0a5df52107626bc4dd2ee88980ecafb5a713920dfb9,21,5,0,0,2,7,0,0,0,1,1,7,0,0,7,0,2,3,0,0.3889,0.0,0.0,0,0.0,1,1,3,4,0,3,3,3
P000173,direct_leakage,datasets\stage3_scaling\programs\P000173.c,datasets\stage3_scaling\miters\P000173_miter.c,"key_in,pub_in",key_in,pub_in,81b8d6b725b13df70ac6c5343c03b04f8bcef0692aafe2946ce7801a7fc8b264,21,5,0,0,2,7,0,0,0,1,1,7,0,0,7,0,2,3,0,0.3889,0.0,0.0,0,0.0,1,1,3,4,0,3,3,3
P000174,direct_leakage,datasets\stage3_scaling\programs\P000174.c,datasets\stage3_scaling\miters\P000174_miter.c,"key_in,pub_in",key_in,pub_in,e18145ecf59c0d3884065654b7fa06e06affffc9224d9e4f17e3e4bccf666b42,21,5,0,0,2,7,0,0,0,1,1,7,0,0,7,0,2,3,0,0.3889,0.0,0.0,0,0.0,1,1,3,4,0,3,3,3
P000175,direct_leakage,datasets\stage3_scaling\programs\P000175.c,datasets\stage3_scaling\miters\P000175_miter.c,"key_in,pub_in",key_in,pub_in,e87c95f8f1e472c55ddf1266534507e6980d9cc10da596a45a0fdcabb8a1d75e,21,5,0,0,2,7,0,0,0,1,1,7,0,0,7,0,2,3,0,0.3889,0.0,0.0,0,0.0,1,1,3,4,0,3,3,3
P000176,direct_leakage,datasets\stage3_scaling\programs\P000176.c,datasets\stage3_scaling\miters\P000176_miter.c,"key_in,pub_in",key_in,pub_in,17a6ca7171b08ba8135f8193f8ace987f690bbb444eafa4a0ad60d339f3724f4,21,5,0,0,2,7,0,0,0,1,1,7,0,0,7,0,2,3,0,0.3889,0.0,0.0,0,0.0,1,1,3,4,0,3,3,3
P000177,direct_leakage,datasets\stage3_scaling\programs\P000177.c,datasets\stage3_scaling\miters\P000177_miter.c,"key_in,pub_in",key_in,pub_in,ab8b0bd78128b9e60ffee44dec78cd7c9694dad487fba9cf0203aa7439e46da6,21,5,0,0,2,7,0,0,0,1,1,7,0,0,7,0,2,3,0,0.3889,0.0,0.0,0,0.0,1,1,3,4,0,3,3,3
P000178,direct_leakage,datasets\stage3_scaling\programs\P000178.c,datasets\stage3_scaling\miters\P000178_miter.c,"key_in,pub_in",key_in,pub_in,163343df3d3f7c6a01ff757ce525febbc447c59891bfa73836f6e00d89eec2ab,21,5,0,0,2,7,0,0,0,1,1,7,0,0,7,0,2,3,0,0.3889,0.0,0.0,0,0.0,1,1,3,4,0,3,3,3
P000179,direct_leakage,datasets\stage3_scaling\programs\P000179.c,datasets\stage3_scaling\miters\P000179_miter.c,"key_in,pub_in",key_in,pub_in,4090c94909d759b6b8d86ee8dfc69dd4e7c6d8cc99db0fb359f09fb3d2d25270,21,5,0,0,2,7,0,0,0,1,1,7,0,0,7,0,2,3,0,0.3889,0.0,0.0,0,0.0,1,1,3,4,0,3,3,3
P000180,direct_leakage,datasets\stage3_scaling\programs\P000180.c,datasets\stage3_scaling\miters\P000180_miter.c,"key_in,pub_in",key_in,pub_in,f33cbbd83e75c7f6f77e6d82f0fcfda39ab9a90dfa8dbd0e963049366b6ecb9e,21,5,0,0,2,7,0,0,0,1,1,7,0,0,7,0,2,3,0,0.3889,0.0,0.0,0,0.0,1,1,3,4,0,3,3,3
P000181,direct_leakage,datasets\stage3_scaling\programs\P000181.c,datasets\stage3_scaling\miters\P000181_miter.c,"key_in,pub_in",key_in,pub_in,785fb0e6d3c3df2588fc83aab97df5eac605623f5e4d642ef6af3cd87b8a6fc8,21,5,0,0,2,7,0,0,0,1,1,7,0,0,7,0,2,3,0,0.3889,0.0,0.0,0,0.0,1,1,3,4,0,3,3,3
P000182,direct_leakage,datasets\stage3_scaling\programs\P000182.c,datasets\stage3_scaling\miters\P000182_miter.c,"key_in,pub_in",key_in,pub_in,d82284d2592aede255ff83a03913a5a737b1bb3f0f37f183f37d5c776aac71c7,21,5,0,0,2,7,0,0,0,1,1,7,0,0,7,0,2,3,0,0.3889,0.0,0.0,0,0.0,1,1,3,4,0,3,3,3
P000183,direct_leakage,datasets\stage3_scaling\programs\P000183.c,datasets\stage3_scaling\miters\P000183_miter.c,"key_in,pub_in",key_in,pub_in,e022853695c0c196a579b01c21d90c7863d3a58f18c398813376a1898761066e,21,5,0,0,2,7,0,0,0,1,1,7,0,0,7,0,2,3,0,0.3889,0.0,0.0,0,0.0,1,1,3,4,0,3,3,3
P000184,direct_leakage,datasets\stage3_scaling\programs\P000184.c,datasets\stage3_scaling\miters\P000184_miter.c,"key_in,pub_in",key_in,pub_in,1a88b9d6048ac7b2d3dfc63042a67fdfac170cb79587647017a6c14930398448,21,5,0,0,2,7,0,0,0,1,1,7,0,0,7,0,2,3,0,0.3889,0.0,0.0,0,0.0,1,1,3,4,0,3,3,3
P000185,direct_leakage,datasets\stage3_scaling\programs\P000185.c,datasets\stage3_scaling\miters\P000185_miter.c,"key_in,pub_in",key_in,pub_in,ae0ef23261ce27adddb20593948058d56b6c07cefe08b2051b750ca95d553e65,21,5,0,0,2,7,0,0,0,1,1,7,0,0,7,0,2,3,0,0.3889,0.0,0.0,0,0.0,1,1,3,4,0,3,3,3
P000186,direct_leakage,datasets\stage3_scaling\programs\P000186.c,datasets\stage3_scaling\miters\P000186_miter.c,"key_in,pub_in",key_in,pub_in,7f601e8b692a270d8fb29f26a20cccc05820c878315b77b4287f83539009f54b,21,5,0,0,2,7,0,0,0,1,1,7,0,0,7,0,2,3,0,0.3889,0.0,0.0,0,0.0,1,1,3,4,0,3,3,3
P000187,direct_leakage,datasets\stage3_scaling\programs\P000187.c,datasets\stage3_scaling\miters\P000187_miter.c,"key_in,pub_in",key_in,pub_in,0bca0652a39882ef2b171be0bdd72f63b310ea2f070a613247d7ce477c2a8503,21,5,0,0,2,7,0,0,0,1,1,7,0,0,7,0,2,3,0,0.3889,0.0,0.0,0,0.0,1,1,3,4,0,3,3,3
P000188,direct_leakage,datasets\stage3_scaling\programs\P000188.c,datasets\stage3_scaling\miters\P000188_miter.c,"key_in,pub_in",key_in,pub_in,2c9ff6d06bafd4b4924ef14903f0576ea0fd66420cc06edc7f2af0baa040d3da,21,5,0,0,2,7,0,0,0,1,1,7,0,0,7,0,2,3,0,0.3889,0.0,0.0,0,0.0,1,1,3,4,0,3,3,3
P000189,direct_leakage,datasets\stage3_scaling\programs\P000189.c,datasets\stage3_scaling\miters\P000189_miter.c,"key_in,pub_in",key_in,pub_in,2c6d649cdb3db190781c0f9a004659df859b61714dafec2eb906527308c29f75,21,5,0,0,2,7,0,0,0,1,1,7,0,0,7,0,2,3,0,0.3889,0.0,0.0,0,0.0,1,1,3,4,0,3,3,3
P000190,direct_leakage,datasets\stage3_scaling\programs\P000190.c,datasets\stage3_scaling\miters\P000190_miter.c,"key_in,pub_in",key_in,pub_in,6bdbe86f9ccbf95bbf728506345ac88aab2005ca4abe5ae804eacef748b69ac6,21,5,0,0,2,7,0,0,0,1,1,7,0,0,7,0,2,3,0,0.3889,0.0,0.0,0,0.0,1,1,3,4,0,3,3,3
P000191,direct_leakage,datasets\stage3_scaling\programs\P000191.c,datasets\stage3_scaling\miters\P000191_miter.c,"key_in,pub_in",key_in,pub_in,43dc3621b38c58c2553bd93391fa4a10ffa85dab9e24130204e826e17f4d1a6b,21,5,0,0,2,7,0,0,0,1,1,7,0,0,7,0,2,3,0,0.3889,0.0,0.0,0,0.0,1,1,3,4,0,3,3,3
P000192,direct_leakage,datasets\stage3_scaling\programs\P000192.c,datasets\stage3_scaling\miters\P000192_miter.c,"key_in,pub_in",key_in,pub_in,da975a8f880caa6af9bf6745ce97598cb086ab48fc793884230d0e63275c9c90,21,5,0,0,2,7,0,0,0,1,1,7,0,0,7,0,2,3,0,0.3889,0.0,0.0,0,0.0,1,1,3,4,0,3,3,3
P000193,direct_leakage,datasets\stage3_scaling\programs\P000193.c,datasets\stage3_scaling\miters\P000193_miter.c,"key_in,pub_in",key_in,pub_in,0e7e1532a45559f38e3f504dff86a9dd6cfbae2481a9a8788d7e3e1822e764a4,21,5,0,0,2,7,0,0,0,1,1,7,0,0,7,0,2,3,0,0.3889,0.0,0.0,0,0.0,1,1,3,4,0,3,3,3
P000194,direct_leakage,datasets\stage3_scaling\programs\P000194.c,datasets\stage3_scaling\miters\P000194_miter.c,"key_in,pub_in",key_in,pub_in,7d171f4ad61407bb1be47bb1e0372a110c7b97f1727450ec3bba1e38e4cf39ea,21,5,0,0,2,7,0,0,0,1,1,7,0,0,7,0,2,3,0,0.3889,0.0,0.0,0,0.0,1,1,3,4,0,3,3,3
P000195,direct_leakage,datasets\stage3_scaling\programs\P000195.c,datasets\stage3_scaling\miters\P000195_miter.c,"key_in,pub_in",key_in,pub_in,31d214254caabf571539226dce9b7fb8099f9412c80ef09a67b7c55d368b1775,21,5,0,0,2,7,0,0,0,1,1,7,0,0,7,0,2,3,0,0.3889,0.0,0.0,0,0.0,1,1,3,4,0,3,3,3
P000196,direct_leakage,datasets\stage3_scaling\programs\P000196.c,datasets\stage3_scaling\miters\P000196_miter.c,"key_in,pub_in",key_in,pub_in,d18b29524ed6018795bf91bcbe10f7b853f7aaafa145b81e95fef73618d87969,21,5,0,0,2,7,0,0,0,1,1,7,0,0,7,0,2,3,0,0.3889,0.0,0.0,0,0.0,1,1,3,4,0,3,3,3
P000197,direct_leakage,datasets\stage3_scaling\programs\P000197.c,datasets\stage3_scaling\miters\P000197_miter.c,"key_in,pub_in",key_in,pub_in,33645b25b9cf3ee8d366c65f7770bf7eee5d019a41f898ae14c5c31b43b4c5cc,21,5,0,0,2,7,0,0,0,1,1,7,0,0,7,0,2,3,0,0.3889,0.0,0.0,0,0.0,1,1,3,4,0,3,3,3
P000198,direct_leakage,datasets\stage3_scaling\programs\P000198.c,datasets\stage3_scaling\miters\P000198_miter.c,"key_in,pub_in",key_in,pub_in,8a64ce724983e353809afd4b2bdb971f1493f52366dee1722a57c17cd8df3788,21,5,0,0,2,7,0,0,0,1,1,7,0,0,7,0,2,3,0,0.3889,0.0,0.0,0,0.0,1,1,3,4,0,3,3,3
P000199,direct_leakage,datasets\stage3_scaling\programs\P000199.c,datasets\stage3_scaling\miters\P000199_miter.c,"key_in,pub_in",key_in,pub_in,f9c9f6ba3556b8eb0f95ba95e46dd25d19e8aa4e6943c58456c188dc5f36e0fe,21,5,0,0,2,7,0,0,0,1,1,7,0,0,7,0,2,3,0,0.3889,0.0,0.0,0,0.0,1,1,3,4,0,3,3,3
P000200,direct_leakage,datasets\stage3_scaling\programs\P000200.c,datasets\stage3_scaling\miters\P000200_miter.c,"key_in,pub_in",key_in,pub_in,cb7b3bb503f8c828b80de833437bd3a648273ec6ef978379b07edbd767a3e5d7,21,5,0,0,2,7,0,0,0,1,1,7,0,0,7,0,2,3,0,0.3889,0.0,0.0,0,0.0,1,1,3,4,0,3,3,3
P000201,partial_leakage,datasets\stage3_scaling\programs\P000201.c,datasets\stage3_scaling\miters\P000201_miter.c,"secret_k,pub_bias",secret_k,pub_bias,ed2940e61e98c07e6d2a32035fe62b47f086a631cae0e0990f011da4b9c9f196,20,5,0,0,2,6,0,0,0,1,1,4,0,0,4,0,2,2,0,0.2667,0.0,0.0,0,0.0,1,1,2,3,2,2,2,2
P000202,partial_leakage,datasets\stage3_scaling\programs\P000202.c,datasets\stage3_scaling\miters\P000202_miter.c,"secret_k,pub_bias",secret_k,pub_bias,d074838ab6abe29824e0caede6f065553f927bb8d95cb273d3a403bc288a6ccf,20,5,0,0,2,6,0,0,0,1,1,4,0,0,4,0,2,2,0,0.2667,0.0,0.0,0,0.0,1,1,2,3,2,2,2,2
P000203,partial_leakage,datasets\stage3_scaling\programs\P000203.c,datasets\stage3_scaling\miters\P000203_miter.c,"secret_k,pub_bias",secret_k,pub_bias,bab794ed2cdc50591f3e26be09c05d16112eb57350350bb3bdb1c7a9b7aa23fb,20,5,0,0,2,6,0,0,0,1,1,4,0,0,4,0,2,2,0,0.2667,0.0,0.0,0,0.0,1,1,2,3,2,2,2,2
P000204,partial_leakage,datasets\stage3_scaling\programs\P000204.c,datasets\stage3_scaling\miters\P000204_miter.c,"secret_k,pub_bias",secret_k,pub_bias,5d64dac487a913599154d74a1942852595d866e8b9096dcc4ceac367465403c8,20,5,0,0,2,6,0,0,0,1,1,4,0,0,4,0,2,2,0,0.2667,0.0,0.0,0,0.0,1,1,2,3,2,2,2,2
P000205,partial_leakage,datasets\stage3_scaling\programs\P000205.c,datasets\stage3_scaling\miters\P000205_miter.c,"secret_k,pub_bias",secret_k,pub_bias,fbafe82fcfb0449d3e11ce442518dcf1c4d0a311750d79e602ee27ac2c42acf9,20,5,0,0,2,6,0,0,0,1,1,4,0,0,4,0,2,2,0,0.2667,0.0,0.0,0,0.0,1,1,2,3,2,2,2,2
P000206,partial_leakage,datasets\stage3_scaling\programs\P000206.c,datasets\stage3_scaling\miters\P000206_miter.c,"secret_k,pub_bias",secret_k,pub_bias,49691eba61da21be29cd077b4f8d7065da3b075a4f67d74f3d38098fa8361434,20,5,0,0,2,6,0,0,0,1,1,4,0,0,4,0,2,2,0,0.2667,0.0,0.0,0,0.0,1,1,2,3,2,2,2,2
P000207,partial_leakage,datasets\stage3_scaling\programs\P000207.c,datasets\stage3_scaling\miters\P000207_miter.c,"secret_k,pub_bias",secret_k,pub_bias,9473df7777fe0fd6c1a16fc2a6ad3d2fb5009d26b850425c1ae53d13ae522470,20,5,0,0,2,6,0,0,0,1,1,4,0,0,4,0,2,2,0,0.2667,0.0,0.0,0,0.0,1,1,2,3,2,2,2,2
P000208,partial_leakage,datasets\stage3_scaling\programs\P000208.c,datasets\stage3_scaling\miters\P000208_miter.c,"secret_k,pub_bias",secret_k,pub_bias,8e48a82146c863d989fa4fb4d75a87edfdb40de5ae0d54c0b7805d0c3ce0547c,20,5,0,0,2,6,0,0,0,1,1,4,0,0,4,0,2,2,0,0.2667,0.0,0.0,0,0.0,1,1,2,3,2,2,2,2
P000209,partial_leakage,datasets\stage3_scaling\programs\P000209.c,datasets\stage3_scaling\miters\P000209_miter.c,"secret_k,pub_bias",secret_k,pub_bias,db4ac789121215c37491b856413c788fe21f4a0539736d5cf3eabd7403f637ce,20,5,0,0,2,6,0,0,0,1,1,4,0,0,4,0,2,2,0,0.2667,0.0,0.0,0,0.0,1,1,2,3,2,2,2,2
P000210,partial_leakage,datasets\stage3_scaling\programs\P000210.c,datasets\stage3_scaling\miters\P000210_miter.c,"secret_k,pub_bias",secret_k,pub_bias,3d39bd33161851a3da4e368f738300c5f81440fb05abe6c017994c159c8b8e26,20,5,0,0,2,6,0,0,0,1,1,4,0,0,4,0,2,2,0,0.2667,0.0,0.0,0,0.0,1,1,2,3,2,2,2,2
P000211,partial_leakage,datasets\stage3_scaling\programs\P000211.c,datasets\stage3_scaling\miters\P000211_miter.c,"secret_k,pub_bias",secret_k,pub_bias,ce7f7e1bf52521a66d1461b3c9fb936c312610148c4ae6916ee417657ccfc0cd,20,5,0,0,2,6,0,0,0,1,1,4,0,0,4,0,2,2,0,0.2667,0.0,0.0,0,0.0,1,1,2,3,2,2,2,2
P000212,partial_leakage,datasets\stage3_scaling\programs\P000212.c,datasets\stage3_scaling\miters\P000212_miter.c,"secret_k,pub_bias",secret_k,pub_bias,a3a6a3c7df9b20a041fc8fbd69b8faf5b7ee5815b264e06d6851fb58da318ee0,20,5,0,0,2,6,0,0,0,1,1,4,0,0,4,0,2,2,0,0.2667,0.0,0.0,0,0.0,1,1,2,3,2,2,2,2
P000213,partial_leakage,datasets\stage3_scaling\programs\P000213.c,datasets\stage3_scaling\miters\P000213_miter.c,"secret_k,pub_bias",secret_k,pub_bias,5fe0ca3af005da484aa8089ed01d6d47cea089077f4221f8ba7653e458922d71,20,5,0,0,2,6,0,0,0,1,1,4,0,0,4,0,2,2,0,0.2667,0.0,0.0,0,0.0,1,1,2,3,2,2,2,2
P000214,partial_leakage,datasets\stage3_scaling\programs\P000214.c,datasets\stage3_scaling\miters\P000214_miter.c,"secret_k,pub_bias",secret_k,pub_bias,e9f9f62fed4dd9f59c4153c9d5ca90d1d7993133d0b14cc997f16fbf91c081f0,20,5,0,0,2,6,0,0,0,1,1,4,0,0,4,0,2,2,0,0.2667,0.0,0.0,0,0.0,1,1,2,3,2,2,2,2
P000215,partial_leakage,datasets\stage3_scaling\programs\P000215.c,datasets\stage3_scaling\miters\P000215_miter.c,"secret_k,pub_bias",secret_k,pub_bias,4f1f052b86e19c15f736c29eab7e56249d55da11e442190bb11296245cbce494,20,5,0,0,2,6,0,0,0,1,1,4,0,0,4,0,2,2,0,0.2667,0.0,0.0,0,0.0,1,1,2,3,2,2,2,2
P000216,partial_leakage,datasets\stage3_scaling\programs\P000216.c,datasets\stage3_scaling\miters\P000216_miter.c,"secret_k,pub_bias",secret_k,pub_bias,39984e40324eb047712c7863244c1ec6973c69815385fe9fb8396a48ac152fa1,20,5,0,0,2,6,0,0,0,1,1,4,0,0,4,0,2,2,0,0.2667,0.0,0.0,0,0.0,1,1,2,3,2,2,2,2
P000217,partial_leakage,datasets\stage3_scaling\programs\P000217.c,datasets\stage3_scaling\miters\P000217_miter.c,"secret_k,pub_bias",secret_k,pub_bias,7742b3cff354006c6d8db057ea696f8df6d963e3b6fa6af7064394230e569114,20,5,0,0,2,6,0,0,0,1,1,4,0,0,4,0,2,2,0,0.2667,0.0,0.0,0,0.0,1,1,2,3,2,2,2,2
P000218,partial_leakage,datasets\stage3_scaling\programs\P000218.c,datasets\stage3_scaling\miters\P000218_miter.c,"secret_k,pub_bias",secret_k,pub_bias,37679b5b306550c9d345f99c515a0c0d3acae906bdda2c6efdc8b9a0132915fe,20,5,0,0,2,6,0,0,0,1,1,4,0,0,4,0,2,2,0,0.2667,0.0,0.0,0,0.0,1,1,2,3,2,2,2,2
P000219,partial_leakage,datasets\stage3_scaling\programs\P000219.c,datasets\stage3_scaling\miters\P000219_miter.c,"secret_k,pub_bias",secret_k,pub_bias,0246016722e55b6c6a8345059acf6baf1543d18c8e0b368bd98c19afa2ca16bd,20,5,0,0,2,6,0,0,0,1,1,4,0,0,4,0,2,2,0,0.2667,0.0,0.0,0,0.0,1,1,2,3,2,2,2,2
P000220,partial_leakage,datasets\stage3_scaling\programs\P000220.c,datasets\stage3_scaling\miters\P000220_miter.c,"secret_k,pub_bias",secret_k,pub_bias,da1cebf4d325a296a4d18c667b7ba6497937c1188724f3edeb14eb8356eb0305,20,5,0,0,2,6,0,0,0,1,1,4,0,0,4,0,2,2,0,0.2667,0.0,0.0,0,0.0,1,1,2,3,2,2,2,2
P000221,partial_leakage,datasets\stage3_scaling\programs\P000221.c,datasets\stage3_scaling\miters\P000221_miter.c,"secret_k,pub_bias",secret_k,pub_bias,d1991e9532d42f833376d9e6c741713ffbaa66c567d68980d317048b5ff6f9e7,20,5,0,0,2,6,0,0,0,1,1,4,0,0,4,0,2,2,0,0.2667,0.0,0.0,0,0.0,1,1,2,3,2,2,2,2
P000222,partial_leakage,datasets\stage3_scaling\programs\P000222.c,datasets\stage3_scaling\miters\P000222_miter.c,"secret_k,pub_bias",secret_k,pub_bias,7e499edfc6043fcd049ee2b8c832ef9b37985804910461c99bf188ad6e64a175,20,5,0,0,2,6,0,0,0,1,1,4,0,0,4,0,2,2,0,0.2667,0.0,0.0,0,0.0,1,1,2,3,2,2,2,2
P000223,partial_leakage,datasets\stage3_scaling\programs\P000223.c,datasets\stage3_scaling\miters\P000223_miter.c,"secret_k,pub_bias",secret_k,pub_bias,a294980e39ca987cc592a422af5b389b4b08e8c30db1df808bec77d3aa66d0f4,20,5,0,0,2,6,0,0,0,1,1,4,0,0,4,0,2,2,0,0.2667,0.0,0.0,0,0.0,1,1,2,3,2,2,2,2
P000224,partial_leakage,datasets\stage3_scaling\programs\P000224.c,datasets\stage3_scaling\miters\P000224_miter.c,"secret_k,pub_bias",secret_k,pub_bias,ecac7c76df3613decb52aa9574b8cfc0f3601c6cad5697fac473f9e78e7fbe40,20,5,0,0,2,6,0,0,0,1,1,4,0,0,4,0,2,2,0,0.2667,0.0,0.0,0,0.0,1,1,2,3,2,2,2,2
P000225,partial_leakage,datasets\stage3_scaling\programs\P000225.c,datasets\stage3_scaling\miters\P000225_miter.c,"secret_k,pub_bias",secret_k,pub_bias,76d2f881ea012a7a4a3b935879ab09536f2f89a777ba510af8d494b45673bfab,20,5,0,0,2,6,0,0,0,1,1,4,0,0,4,0,2,2,0,0.2667,0.0,0.0,0,0.0,1,1,2,3,2,2,2,2
P000226,partial_leakage,datasets\stage3_scaling\programs\P000226.c,datasets\stage3_scaling\miters\P000226_miter.c,"secret_k,pub_bias",secret_k,pub_bias,08c67d5aa6b49958e8aa280fae6763f7f6c0ad1d4dbc358ad2e3068e303ccfa8,20,5,0,0,2,6,0,0,0,1,1,4,0,0,4,0,2,2,0,0.2667,0.0,0.0,0,0.0,1,1,2,3,2,2,2,2
P000227,partial_leakage,datasets\stage3_scaling\programs\P000227.c,datasets\stage3_scaling\miters\P000227_miter.c,"secret_k,pub_bias",secret_k,pub_bias,b6d9fec442ea38d8ebfcc1ace35fb7e5d629597f04c1340b891b9b1462a6b12e,20,5,0,0,2,6,0,0,0,1,1,4,0,0,4,0,2,2,0,0.2667,0.0,0.0,0,0.0,1,1,2,3,2,2,2,2
P000228,partial_leakage,datasets\stage3_scaling\programs\P000228.c,datasets\stage3_scaling\miters\P000228_miter.c,"secret_k,pub_bias",secret_k,pub_bias,5793ef1bd67ca89e7519ae9a3dec4a7fa25b651aac1424b378bc2c921867a6ee,20,5,0,0,2,6,0,0,0,1,1,4,0,0,4,0,2,2,0,0.2667,0.0,0.0,0,0.0,1,1,2,3,2,2,2,2
P000229,partial_leakage,datasets\stage3_scaling\programs\P000229.c,datasets\stage3_scaling\miters\P000229_miter.c,"secret_k,pub_bias",secret_k,pub_bias,f1b7cf0fe62febbacdfc64d7f634d7827c50cfaef46e523ef94859e92aa9e544,20,5,0,0,2,6,0,0,0,1,1,4,0,0,4,0,2,2,0,0.2667,0.0,0.0,0,0.0,1,1,2,3,2,2,2,2
P000230,partial_leakage,datasets\stage3_scaling\programs\P000230.c,datasets\stage3_scaling\miters\P000230_miter.c,"secret_k,pub_bias",secret_k,pub_bias,a4ae871a8ef4e2d5a4735a5bc94bedb19e930ec2e0bbc2cf39d2c346240501db,20,5,0,0,2,6,0,0,0,1,1,4,0,0,4,0,2,2,0,0.2667,0.0,0.0,0,0.0,1,1,2,3,2,2,2,2
P000231,partial_leakage,datasets\stage3_scaling\programs\P000231.c,datasets\stage3_scaling\miters\P000231_miter.c,"secret_k,pub_bias",secret_k,pub_bias,f98e8797b70ef37b1993ed544c04fee6b0fb8691e65ef230ae90cddb180c105c,20,5,0,0,2,6,0,0,0,1,1,4,0,0,4,0,2,2,0,0.2667,0.0,0.0,0,0.0,1,1,2,3,2,2,2,2
P000232,partial_leakage,datasets\stage3_scaling\programs\P000232.c,datasets\stage3_scaling\miters\P000232_miter.c,"secret_k,pub_bias",secret_k,pub_bias,29ae205dc029e4e7e97c09a8a679d32444c63a4753b32171d0287ddb9e62f58f,20,5,0,0,2,6,0,0,0,1,1,4,0,0,4,0,2,2,0,0.2667,0.0,0.0,0,0.0,1,1,2,3,2,2,2,2
P000233,partial_leakage,datasets\stage3_scaling\programs\P000233.c,datasets\stage3_scaling\miters\P000233_miter.c,"secret_k,pub_bias",secret_k,pub_bias,60d925ed9336df05bbe3d3bc8f8cf081fd4c4b34126d73ce631383472926a5e3,20,5,0,0,2,6,0,0,0,1,1,4,0,0,4,0,2,2,0,0.2667,0.0,0.0,0,0.0,1,1,2,3,2,2,2,2
P000234,partial_leakage,datasets\stage3_scaling\programs\P000234.c,datasets\stage3_scaling\miters\P000234_miter.c,"secret_k,pub_bias",secret_k,pub_bias,4770ada85172e516a36b31c65bb442102e2a8ea6d85f05cc99b2f79152985ca2,20,5,0,0,2,6,0,0,0,1,1,4,0,0,4,0,2,2,0,0.2667,0.0,0.0,0,0.0,1,1,2,3,2,2,2,2
P000235,partial_leakage,datasets\stage3_scaling\programs\P000235.c,datasets\stage3_scaling\miters\P000235_miter.c,"secret_k,pub_bias",secret_k,pub_bias,d7aceafb09cb9913d83bdd1735df357e4e0a18e1bd2f6d069c4ff11485465762,20,5,0,0,2,6,0,0,0,1,1,4,0,0,4,0,2,2,0,0.2667,0.0,0.0,0,0.0,1,1,2,3,2,2,2,2
P000236,partial_leakage,datasets\stage3_scaling\programs\P000236.c,datasets\stage3_scaling\miters\P000236_miter.c,"secret_k,pub_bias",secret_k,pub_bias,49258ec46a0575591a834b53e03aa66ddec5871c39eab52696e1c2a9a2c07afc,20,5,0,0,2,6,0,0,0,1,1,4,0,0,4,0,2,2,0,0.2667,0.0,0.0,0,0.0,1,1,2,3,2,2,2,2
P000237,partial_leakage,datasets\stage3_scaling\programs\P000237.c,datasets\stage3_scaling\miters\P000237_miter.c,"secret_k,pub_bias",secret_k,pub_bias,95f524215b637c265783ecadb3b7a5da4279d26fa752d62ec8b995c4ffb16095,20,5,0,0,2,6,0,0,0,1,1,4,0,0,4,0,2,2,0,0.2667,0.0,0.0,0,0.0,1,1,2,3,2,2,2,2
P000238,partial_leakage,datasets\stage3_scaling\programs\P000238.c,datasets\stage3_scaling\miters\P000238_miter.c,"secret_k,pub_bias",secret_k,pub_bias,506195d09197a02c597f06a441068fb90f6d3c594363737987e7ae00ff27e3ec,20,5,0,0,2,6,0,0,0,1,1,4,0,0,4,0,2,2,0,0.2667,0.0,0.0,0,0.0,1,1,2,3,2,2,2,2
P000239,partial_leakage,datasets\stage3_scaling\programs\P000239.c,datasets\stage3_scaling\miters\P000239_miter.c,"secret_k,pub_bias",secret_k,pub_bias,689cee26a4f1016d9c000007895e0498a6c114ad202d2f4f0c6b1701ffaa2c95,20,5,0,0,2,6,0,0,0,1,1,4,0,0,4,0,2,2,0,0.2667,0.0,0.0,0,0.0,1,1,2,3,2,2,2,2
P000240,partial_leakage,datasets\stage3_scaling\programs\P000240.c,datasets\stage3_scaling\miters\P000240_miter.c,"secret_k,pub_bias",secret_k,pub_bias,d1edaa25b89ce0d907cd44a60595322f762fad1cbe72564397fe6249c6338a8a,20,5,0,0,2,6,0,0,0,1,1,4,0,0,4,0,2,2,0,0.2667,0.0,0.0,0,0.0,1,1,2,3,2,2,2,2
P000241,partial_leakage,datasets\stage3_scaling\programs\P000241.c,datasets\stage3_scaling\miters\P000241_miter.c,"secret_k,pub_bias",secret_k,pub_bias,e713e1ed27738cddf8ac8e5b88ddc92fa0a4312f3d4fd0e757d10dedfb95851b,20,5,0,0,2,6,0,0,0,1,1,4,0,0,4,0,2,2,0,0.2667,0.0,0.0,0,0.0,1,1,2,3,2,2,2,2
P000242,partial_leakage,datasets\stage3_scaling\programs\P000242.c,datasets\stage3_scaling\miters\P000242_miter.c,"secret_k,pub_bias",secret_k,pub_bias,f773d7069d5eddeed61a7b4c50326789ee2b893c51c3d8aa89a475c79852ef4d,20,5,0,0,2,6,0,0,0,1,1,4,0,0,4,0,2,2,0,0.2667,0.0,0.0,0,0.0,1,1,2,3,2,2,2,2
P000243,partial_leakage,datasets\stage3_scaling\programs\P000243.c,datasets\stage3_scaling\miters\P000243_miter.c,"secret_k,pub_bias",secret_k,pub_bias,d00fabb1dcbb3b620b17407509d5f045c7378fddf556bc8e20b959da981aecca,20,5,0,0,2,6,0,0,0,1,1,4,0,0,4,0,2,2,0,0.2667,0.0,0.0,0,0.0,1,1,2,3,2,2,2,2
P000244,partial_leakage,datasets\stage3_scaling\programs\P000244.c,datasets\stage3_scaling\miters\P000244_miter.c,"secret_k,pub_bias",secret_k,pub_bias,0276240eff3dabc74ab8d5e4c3cd346452f154ea6fe0286a74d11a7ad38aa37e,20,5,0,0,2,6,0,0,0,1,1,4,0,0,4,0,2,2,0,0.2667,0.0,0.0,0,0.0,1,1,2,3,2,2,2,2
P000245,partial_leakage,datasets\stage3_scaling\programs\P000245.c,datasets\stage3_scaling\miters\P000245_miter.c,"secret_k,pub_bias",secret_k,pub_bias,52c209c4ae0051d00ddefb0d1102a073264cd21897a38c76a7ff3e344c26200b,20,5,0,0,2,6,0,0,0,1,1,4,0,0,4,0,2,2,0,0.2667,0.0,0.0,0,0.0,1,1,2,3,2,2,2,2
P000246,partial_leakage,datasets\stage3_scaling\programs\P000246.c,datasets\stage3_scaling\miters\P000246_miter.c,"secret_k,pub_bias",secret_k,pub_bias,223b2bb1d44b15f00e98b94c21033bee5856f7a433a8499123a646d0f1eb336b,20,5,0,0,2,6,0,0,0,1,1,4,0,0,4,0,2,2,0,0.2667,0.0,0.0,0,0.0,1,1,2,3,2,2,2,2
P000247,partial_leakage,datasets\stage3_scaling\programs\P000247.c,datasets\stage3_scaling\miters\P000247_miter.c,"secret_k,pub_bias",secret_k,pub_bias,8137630592e216b73cda5aba0cc90505cd3f164484eccdb15d0b76449d765fcb,20,5,0,0,2,6,0,0,0,1,1,4,0,0,4,0,2,2,0,0.2667,0.0,0.0,0,0.0,1,1,2,3,2,2,2,2
P000248,partial_leakage,datasets\stage3_scaling\programs\P000248.c,datasets\stage3_scaling\miters\P000248_miter.c,"secret_k,pub_bias",secret_k,pub_bias,ace665ea1cb9fd42ed78955d33d674386d555244151cd8f19b77e8691761a547,20,5,0,0,2,6,0,0,0,1,1,4,0,0,4,0,2,2,0,0.2667,0.0,0.0,0,0.0,1,1,2,3,2,2,2,2
P000249,partial_leakage,datasets\stage3_scaling\programs\P000249.c,datasets\stage3_scaling\miters\P000249_miter.c,"secret_k,pub_bias",secret_k,pub_bias,0be5964f8f72cd404340f59341035a05b4f9f545bd454519366b291e3cb1fd45,20,5,0,0,2,6,0,0,0,1,1,4,0,0,4,0,2,2,0,0.2667,0.0,0.0,0,0.0,1,1,2,3,2,2,2,2
P000250,partial_leakage,datasets\stage3_scaling\programs\P000250.c,datasets\stage3_scaling\miters\P000250_miter.c,"secret_k,pub_bias",secret_k,pub_bias,8214c3a31714f0a7adb8849f2d7f4eb964ba08e0d12c5829a0c4f8aaa8d2e35b,20,5,0,0,2,6,0,0,0,1,1,4,0,0,4,0,2,2,0,0.2667,0.0,0.0,0,0.0,1,1,2,3,2,2,2,2
P000251,partial_leakage,datasets\stage3_scaling\programs\P000251.c,datasets\stage3_scaling\miters\P000251_miter.c,"secret_k,pub_bias",secret_k,pub_bias,3d24900cb11aa83a5368ab608247179997c8a2a70aff1dfb71e1baab90f237c6,20,5,0,0,2,6,0,0,0,1,1,4,0,0,4,0,2,2,0,0.2667,0.0,0.0,0,0.0,1,1,2,3,2,2,2,2
P000252,partial_leakage,datasets\stage3_scaling\programs\P000252.c,datasets\stage3_scaling\miters\P000252_miter.c,"secret_k,pub_bias",secret_k,pub_bias,a6b655e9e5049aba14eff7ecfa244e5003c8e0278f199863a1b26f06dc077147,20,5,0,0,2,6,0,0,0,1,1,4,0,0,4,0,2,2,0,0.2667,0.0,0.0,0,0.0,1,1,2,3,2,2,2,2
P000253,partial_leakage,datasets\stage3_scaling\programs\P000253.c,datasets\stage3_scaling\miters\P000253_miter.c,"secret_k,pub_bias",secret_k,pub_bias,e1f3325cc78249992f741b64e5570614d84c2ad2d5538c18ce34c1f8babd9a3d,20,5,0,0,2,6,0,0,0,1,1,4,0,0,4,0,2,2,0,0.2667,0.0,0.0,0,0.0,1,1,2,3,2,2,2,2
P000254,partial_leakage,datasets\stage3_scaling\programs\P000254.c,datasets\stage3_scaling\miters\P000254_miter.c,"secret_k,pub_bias",secret_k,pub_bias,1508391171159ad3d1b1d3741e5202c35f78014e4bb0fa26977ca3533130db38,20,5,0,0,2,6,0,0,0,1,1,4,0,0,4,0,2,2,0,0.2667,0.0,0.0,0,0.0,1,1,2,3,2,2,2,2
P000255,partial_leakage,datasets\stage3_scaling\programs\P000255.c,datasets\stage3_scaling\miters\P000255_miter.c,"secret_k,pub_bias",secret_k,pub_bias,f7e65a267ba951a0255a1e0adffeaf07b96d80a5956319d4c4798ecff8904fc7,20,5,0,0,2,6,0,0,0,1,1,4,0,0,4,0,2,2,0,0.2667,0.0,0.0,0,0.0,1,1,2,3,2,2,2,2
P000256,partial_leakage,datasets\stage3_scaling\programs\P000256.c,datasets\stage3_scaling\miters\P000256_miter.c,"secret_k,pub_bias",secret_k,pub_bias,bc8e8c87f1d2a0ddd85dac3aefe9147881b1c172bee31354e1ae315af6e24b22,20,5,0,0,2,6,0,0,0,1,1,4,0,0,4,0,2,2,0,0.2667,0.0,0.0,0,0.0,1,1,2,3,2,2,2,2
P000257,partial_leakage,datasets\stage3_scaling\programs\P000257.c,datasets\stage3_scaling\miters\P000257_miter.c,"secret_k,pub_bias",secret_k,pub_bias,f5aaf8f6ebf8c595d5c05e3bc8759d9cd7b79e72b329f00a2f916cc26e4e589c,20,5,0,0,2,6,0,0,0,1,1,4,0,0,4,0,2,2,0,0.2667,0.0,0.0,0,0.0,1,1,2,3,2,2,2,2
P000258,partial_leakage,datasets\stage3_scaling\programs\P000258.c,datasets\stage3_scaling\miters\P000258_miter.c,"secret_k,pub_bias",secret_k,pub_bias,964e440986fbf78e30ffe4bc6c92842fc5c3c74c4e999838cf4abc4f8347266a,20,5,0,0,2,6,0,0,0,1,1,4,0,0,4,0,2,2,0,0.2667,0.0,0.0,0,0.0,1,1,2,3,2,2,2,2
P000259,partial_leakage,datasets\stage3_scaling\programs\P000259.c,datasets\stage3_scaling\miters\P000259_miter.c,"secret_k,pub_bias",secret_k,pub_bias,eb99dc27b3b7737982854206c577e404a904a4df071e063ec6be440e038befc7,20,5,0,0,2,6,0,0,0,1,1,4,0,0,4,0,2,2,0,0.2667,0.0,0.0,0,0.0,1,1,2,3,2,2,2,2
P000260,partial_leakage,datasets\stage3_scaling\programs\P000260.c,datasets\stage3_scaling\miters\P000260_miter.c,"secret_k,pub_bias",secret_k,pub_bias,e69c7c1c16950f330c937814ae23e39eb6be2162e6d0eb063c31c4892d22f606,20,5,0,0,2,6,0,0,0,1,1,4,0,0,4,0,2,2,0,0.2667,0.0,0.0,0,0.0,1,1,2,3,2,2,2,2
P000261,partial_leakage,datasets\stage3_scaling\programs\P000261.c,datasets\stage3_scaling\miters\P000261_miter.c,"secret_k,pub_bias",secret_k,pub_bias,70a0f829f34ea1f30d836df5dd53959b9bbc9d38fa7e509452d5c6b337a9d493,20,5,0,0,2,6,0,0,0,1,1,4,0,0,4,0,2,2,0,0.2667,0.0,0.0,0,0.0,1,1,2,3,2,2,2,2
P000262,partial_leakage,datasets\stage3_scaling\programs\P000262.c,datasets\stage3_scaling\miters\P000262_miter.c,"secret_k,pub_bias",secret_k,pub_bias,fd92348035a97eb13fdcfcaafb9bdecc326d1f6f5ede9aadb321abee30932167,20,5,0,0,2,6,0,0,0,1,1,4,0,0,4,0,2,2,0,0.2667,0.0,0.0,0,0.0,1,1,2,3,2,2,2,2
P000263,partial_leakage,datasets\stage3_scaling\programs\P000263.c,datasets\stage3_scaling\miters\P000263_miter.c,"secret_k,pub_bias",secret_k,pub_bias,7c553504030dd1b9aa547fa88ddde0f7c7cbd811b89024b9c39ad3ae1958f5e0,20,5,0,0,2,6,0,0,0,1,1,4,0,0,4,0,2,2,0,0.2667,0.0,0.0,0,0.0,1,1,2,3,2,2,2,2
P000264,partial_leakage,datasets\stage3_scaling\programs\P000264.c,datasets\stage3_scaling\miters\P000264_miter.c,"secret_k,pub_bias",secret_k,pub_bias,dafc6e335f16d1a0a659509fa5ac951ac1472e060d0934471a50a449205c6d29,20,5,0,0,2,6,0,0,0,1,1,4,0,0,4,0,2,2,0,0.2667,0.0,0.0,0,0.0,1,1,2,3,2,2,2,2
P000265,partial_leakage,datasets\stage3_scaling\programs\P000265.c,datasets\stage3_scaling\miters\P000265_miter.c,"secret_k,pub_bias",secret_k,pub_bias,879e091ef8727e88cf3744fe9c1292b567c4e6dc122d8afc55aa42369c44a323,20,5,0,0,2,6,0,0,0,1,1,4,0,0,4,0,2,2,0,0.2667,0.0,0.0,0,0.0,1,1,2,3,2,2,2,2
P000266,partial_leakage,datasets\stage3_scaling\programs\P000266.c,datasets\stage3_scaling\miters\P000266_miter.c,"secret_k,pub_bias",secret_k,pub_bias,3069bd574cf0ec4a4b1375161e0e44c50edb2c1996eaf8c3f320d4f19d8a6cb4,20,5,0,0,2,6,0,0,0,1,1,4,0,0,4,0,2,2,0,0.2667,0.0,0.0,0,0.0,1,1,2,3,2,2,2,2
P000267,partial_leakage,datasets\stage3_scaling\programs\P000267.c,datasets\stage3_scaling\miters\P000267_miter.c,"secret_k,pub_bias",secret_k,pub_bias,dfbe5794eab5aab8680f2d9b6f31ee285b40f417c0acaf71e045bca463fbce54,20,5,0,0,2,6,0,0,0,1,1,4,0,0,4,0,2,2,0,0.2667,0.0,0.0,0,0.0,1,1,2,3,2,2,2,2
P000268,partial_leakage,datasets\stage3_scaling\programs\P000268.c,datasets\stage3_scaling\miters\P000268_miter.c,"secret_k,pub_bias",secret_k,pub_bias,142e46e3faea2479cd2692d3e5f4e0a62566eb285dd57316ab9e592934a86201,20,5,0,0,2,6,0,0,0,1,1,4,0,0,4,0,2,2,0,0.2667,0.0,0.0,0,0.0,1,1,2,3,2,2,2,2
P000269,partial_leakage,datasets\stage3_scaling\programs\P000269.c,datasets\stage3_scaling\miters\P000269_miter.c,"secret_k,pub_bias",secret_k,pub_bias,0840f69cd78b9ce58addde6dedfcbd4eeb8b50263a00ff05181b9f9e1e0d02b6,20,5,0,0,2,6,0,0,0,1,1,4,0,0,4,0,2,2,0,0.2667,0.0,0.0,0,0.0,1,1,2,3,2,2,2,2
P000270,partial_leakage,datasets\stage3_scaling\programs\P000270.c,datasets\stage3_scaling\miters\P000270_miter.c,"secret_k,pub_bias",secret_k,pub_bias,650f617128217ae7b04e3e1e3a1f986836cc0cc738f24d01709b6a429ca3a2d5,20,5,0,0,2,6,0,0,0,1,1,4,0,0,4,0,2,2,0,0.2667,0.0,0.0,0,0.0,1,1,2,3,2,2,2,2
P000271,partial_leakage,datasets\stage3_scaling\programs\P000271.c,datasets\stage3_scaling\miters\P000271_miter.c,"secret_k,pub_bias",secret_k,pub_bias,dbc0cd68b5aa8707ce343954df51725a3d834a3bf3d5dced6ebdb02e7f9c1011,20,5,0,0,2,6,0,0,0,1,1,4,0,0,4,0,2,2,0,0.2667,0.0,0.0,0,0.0,1,1,2,3,2,2,2,2
P000272,partial_leakage,datasets\stage3_scaling\programs\P000272.c,datasets\stage3_scaling\miters\P000272_miter.c,"secret_k,pub_bias",secret_k,pub_bias,4f982e19cca832d9024401fb7b24dd3e6cdf74de78cefb50fae9de93606913a5,20,5,0,0,2,6,0,0,0,1,1,4,0,0,4,0,2,2,0,0.2667,0.0,0.0,0,0.0,1,1,2,3,2,2,2,2
P000273,partial_leakage,datasets\stage3_scaling\programs\P000273.c,datasets\stage3_scaling\miters\P000273_miter.c,"secret_k,pub_bias",secret_k,pub_bias,633ce77b3c949a26200b541f2dc10db82f7dba182c92cad710d9ee411b578d61,20,5,0,0,2,6,0,0,0,1,1,4,0,0,4,0,2,2,0,0.2667,0.0,0.0,0,0.0,1,1,2,3,2,2,2,2
P000274,partial_leakage,datasets\stage3_scaling\programs\P000274.c,datasets\stage3_scaling\miters\P000274_miter.c,"secret_k,pub_bias",secret_k,pub_bias,ffde5aa1d750be4dc8f975a6cdc55f1017319e103a0281754239e241af8bb31f,20,5,0,0,2,6,0,0,0,1,1,4,0,0,4,0,2,2,0,0.2667,0.0,0.0,0,0.0,1,1,2,3,2,2,2,2
P000275,partial_leakage,datasets\stage3_scaling\programs\P000275.c,datasets\stage3_scaling\miters\P000275_miter.c,"secret_k,pub_bias",secret_k,pub_bias,c1a8dfb4efb3d844c8343e2c434623fb2d1be0c71e5f5126c0050b2f4b16c425,20,5,0,0,2,6,0,0,0,1,1,4,0,0,4,0,2,2,0,0.2667,0.0,0.0,0,0.0,1,1,2,3,2,2,2,2
P000276,partial_leakage,datasets\stage3_scaling\programs\P000276.c,datasets\stage3_scaling\miters\P000276_miter.c,"secret_k,pub_bias",secret_k,pub_bias,755628b632c05dec66f8a0beeaa96032e83df6ffe8f0f350e66e68ba4fffbeb0,20,5,0,0,2,6,0,0,0,1,1,4,0,0,4,0,2,2,0,0.2667,0.0,0.0,0,0.0,1,1,2,3,2,2,2,2
P000277,partial_leakage,datasets\stage3_scaling\programs\P000277.c,datasets\stage3_scaling\miters\P000277_miter.c,"secret_k,pub_bias",secret_k,pub_bias,cf421abbd142317c695fb1f56d9a87a65816fefdbe905867c34e4206be1c40b6,20,5,0,0,2,6,0,0,0,1,1,4,0,0,4,0,2,2,0,0.2667,0.0,0.0,0,0.0,1,1,2,3,2,2,2,2
P000278,partial_leakage,datasets\stage3_scaling\programs\P000278.c,datasets\stage3_scaling\miters\P000278_miter.c,"secret_k,pub_bias",secret_k,pub_bias,c046cd13bf115a4845bbe0871e60b65158285c7241c88262245465b5c995025a,20,5,0,0,2,6,0,0,0,1,1,4,0,0,4,0,2,2,0,0.2667,0.0,0.0,0,0.0,1,1,2,3,2,2,2,2
P000279,partial_leakage,datasets\stage3_scaling\programs\P000279.c,datasets\stage3_scaling\miters\P000279_miter.c,"secret_k,pub_bias",secret_k,pub_bias,4727a2060f31cf3be4656b9cf0713b7a7402e2813bc6eb83737df337c6beb3a7,20,5,0,0,2,6,0,0,0,1,1,4,0,0,4,0,2,2,0,0.2667,0.0,0.0,0,0.0,1,1,2,3,2,2,2,2
P000280,partial_leakage,datasets\stage3_scaling\programs\P000280.c,datasets\stage3_scaling\miters\P000280_miter.c,"secret_k,pub_bias",secret_k,pub_bias,79eb7a0818f1c6388932a1fe911e64f5cbe137550cc524f6d2f703758b9a1c57,20,5,0,0,2,6,0,0,0,1,1,4,0,0,4,0,2,2,0,0.2667,0.0,0.0,0,0.0,1,1,2,3,2,2,2,2
P000281,partial_leakage,datasets\stage3_scaling\programs\P000281.c,datasets\stage3_scaling\miters\P000281_miter.c,"secret_k,pub_bias",secret_k,pub_bias,f8b26bb81bda23493554b113008098da1540494093d03abfd1b90f9f4471e5a9,20,5,0,0,2,6,0,0,0,1,1,4,0,0,4,0,2,2,0,0.2667,0.0,0.0,0,0.0,1,1,2,3,2,2,2,2
P000282,partial_leakage,datasets\stage3_scaling\programs\P000282.c,datasets\stage3_scaling\miters\P000282_miter.c,"secret_k,pub_bias",secret_k,pub_bias,7ae1e92d11d5d21f5e8e4204a320f0834411236b34dc177749559b61ddd9ac90,20,5,0,0,2,6,0,0,0,1,1,4,0,0,4,0,2,2,0,0.2667,0.0,0.0,0,0.0,1,1,2,3,2,2,2,2
P000283,partial_leakage,datasets\stage3_scaling\programs\P000283.c,datasets\stage3_scaling\miters\P000283_miter.c,"secret_k,pub_bias",secret_k,pub_bias,b0acbd6d2b0abb905ff486abc81fe69d0bf249d240d21f4f2b3121a8b10e1656,20,5,0,0,2,6,0,0,0,1,1,4,0,0,4,0,2,2,0,0.2667,0.0,0.0,0,0.0,1,1,2,3,2,2,2,2
P000284,partial_leakage,datasets\stage3_scaling\programs\P000284.c,datasets\stage3_scaling\miters\P000284_miter.c,"secret_k,pub_bias",secret_k,pub_bias,6fa0cbdad706b161a6db959c355e430e1c6089b05bae4ccc278d3aef51ff14d1,20,5,0,0,2,6,0,0,0,1,1,4,0,0,4,0,2,2,0,0.2667,0.0,0.0,0,0.0,1,1,2,3,2,2,2,2
P000285,partial_leakage,datasets\stage3_scaling\programs\P000285.c,datasets\stage3_scaling\miters\P000285_miter.c,"secret_k,pub_bias",secret_k,pub_bias,eb5dd7857935a60bd7ba1630c5a03b0ab5fda5cf3dcf937987c3b6a694e2086f,20,5,0,0,2,6,0,0,0,1,1,4,0,0,4,0,2,2,0,0.2667,0.0,0.0,0,0.0,1,1,2,3,2,2,2,2
P000286,partial_leakage,datasets\stage3_scaling\programs\P000286.c,datasets\stage3_scaling\miters\P000286_miter.c,"secret_k,pub_bias",secret_k,pub_bias,8b695d273f3050bc5fa15ded1b3871a2f085cd276960f594eb4e987426f0383d,20,5,0,0,2,6,0,0,0,1,1,4,0,0,4,0,2,2,0,0.2667,0.0,0.0,0,0.0,1,1,2,3,2,2,2,2
P000287,partial_leakage,datasets\stage3_scaling\programs\P000287.c,datasets\stage3_scaling\miters\P000287_miter.c,"secret_k,pub_bias",secret_k,pub_bias,a931987c2caab3f840ccf7a9396979c763bb3bea9d64c6dce719b71efdf0f4a7,20,5,0,0,2,6,0,0,0,1,1,4,0,0,4,0,2,2,0,0.2667,0.0,0.0,0,0.0,1,1,2,3,2,2,2,2
P000288,partial_leakage,datasets\stage3_scaling\programs\P000288.c,datasets\stage3_scaling\miters\P000288_miter.c,"secret_k,pub_bias",secret_k,pub_bias,85b665257ac5442a67b3d8fd2dc83ed1b71910e4e4d7fedb8b383f07d312a1f8,20,5,0,0,2,6,0,0,0,1,1,4,0,0,4,0,2,2,0,0.2667,0.0,0.0,0,0.0,1,1,2,3,2,2,2,2
P000289,partial_leakage,datasets\stage3_scaling\programs\P000289.c,datasets\stage3_scaling\miters\P000289_miter.c,"secret_k,pub_bias",secret_k,pub_bias,51f4b86b6808d95614e2e8b03517e321855c93b54706e4314d5f940343bf2f54,20,5,0,0,2,6,0,0,0,1,1,4,0,0,4,0,2,2,0,0.2667,0.0,0.0,0,0.0,1,1,2,3,2,2,2,2
P000290,partial_leakage,datasets\stage3_scaling\programs\P000290.c,datasets\stage3_scaling\miters\P000290_miter.c,"secret_k,pub_bias",secret_k,pub_bias,bce067d1ea65aa1f2b60c9a92f6fe677b287552295df827aa84b244e7ae197a5,20,5,0,0,2,6,0,0,0,1,1,4,0,0,4,0,2,2,0,0.2667,0.0,0.0,0,0.0,1,1,2,3,2,2,2,2
P000291,partial_leakage,datasets\stage3_scaling\programs\P000291.c,datasets\stage3_scaling\miters\P000291_miter.c,"secret_k,pub_bias",secret_k,pub_bias,c8583f6af62e0c16a0efeb6657afe6631200448654d571a6928ab82138038c28,20,5,0,0,2,6,0,0,0,1,1,4,0,0,4,0,2,2,0,0.2667,0.0,0.0,0,0.0,1,1,2,3,2,2,2,2
P000292,partial_leakage,datasets\stage3_scaling\programs\P000292.c,datasets\stage3_scaling\miters\P000292_miter.c,"secret_k,pub_bias",secret_k,pub_bias,a30cc3ceff7b444ca00494766bfc29addd41e8ee07c58f62f2c640b5ec898244,20,5,0,0,2,6,0,0,0,1,1,4,0,0,4,0,2,2,0,0.2667,0.0,0.0,0,0.0,1,1,2,3,2,2,2,2
P000293,partial_leakage,datasets\stage3_scaling\programs\P000293.c,datasets\stage3_scaling\miters\P000293_miter.c,"secret_k,pub_bias",secret_k,pub_bias,f05509c9c2c3e74f2da40508e378d0ec1752759afc5dc26bd5044a0eb74e0463,20,5,0,0,2,6,0,0,0,1,1,4,0,0,4,0,2,2,0,0.2667,0.0,0.0,0,0.0,1,1,2,3,2,2,2,2
P000294,partial_leakage,datasets\stage3_scaling\programs\P000294.c,datasets\stage3_scaling\miters\P000294_miter.c,"secret_k,pub_bias",secret_k,pub_bias,ea9cdce5807bb0e7900723abf0c72f0a86c36ed67087d1bf0fe24f3ef63a4273,20,5,0,0,2,6,0,0,0,1,1,4,0,0,4,0,2,2,0,0.2667,0.0,0.0,0,0.0,1,1,2,3,2,2,2,2
P000295,partial_leakage,datasets\stage3_scaling\programs\P000295.c,datasets\stage3_scaling\miters\P000295_miter.c,"secret_k,pub_bias",secret_k,pub_bias,51c9c056223b816efe7fa579d8b8c3cbddd880489a8de534a729a1b02daeb9e4,20,5,0,0,2,6,0,0,0,1,1,4,0,0,4,0,2,2,0,0.2667,0.0,0.0,0,0.0,1,1,2,3,2,2,2,2
P000296,partial_leakage,datasets\stage3_scaling\programs\P000296.c,datasets\stage3_scaling\miters\P000296_miter.c,"secret_k,pub_bias",secret_k,pub_bias,97a073567b1174b2a4ce6402a5cc866bee68146614c77dc7ff5a671c5869645b,20,5,0,0,2,6,0,0,0,1,1,4,0,0,4,0,2,2,0,0.2667,0.0,0.0,0,0.0,1,1,2,3,2,2,2,2
P000297,partial_leakage,datasets\stage3_scaling\programs\P000297.c,datasets\stage3_scaling\miters\P000297_miter.c,"secret_k,pub_bias",secret_k,pub_bias,617f3764b666fff522d4d23af2d2f3dd828f8d1d9a4b2b0570ce0e163c8e985e,20,5,0,0,2,6,0,0,0,1,1,4,0,0,4,0,2,2,0,0.2667,0.0,0.0,0,0.0,1,1,2,3,2,2,2,2
P000298,partial_leakage,datasets\stage3_scaling\programs\P000298.c,datasets\stage3_scaling\miters\P000298_miter.c,"secret_k,pub_bias",secret_k,pub_bias,9e742ac969ac49a92452bb38844fc4b4adef236806c1e22a448a85b173a36e3a,20,5,0,0,2,6,0,0,0,1,1,4,0,0,4,0,2,2,0,0.2667,0.0,0.0,0,0.0,1,1,2,3,2,2,2,2
P000299,partial_leakage,datasets\stage3_scaling\programs\P000299.c,datasets\stage3_scaling\miters\P000299_miter.c,"secret_k,pub_bias",secret_k,pub_bias,6678578da2b6c8dd54ff46df0159ff6fd8ab306146393008703934ca309ff26e,20,5,0,0,2,6,0,0,0,1,1,4,0,0,4,0,2,2,0,0.2667,0.0,0.0,0,0.0,1,1,2,3,2,2,2,2
P000300,partial_leakage,datasets\stage3_scaling\programs\P000300.c,datasets\stage3_scaling\miters\P000300_miter.c,"secret_k,pub_bias",secret_k,pub_bias,1a4e21c0f36ffb9709634c90703ff1f24c137f9793a32109cf64e26311fb1386,20,5,0,0,2,6,0,0,0,1,1,4,0,0,4,0,2,2,0,0.2667,0.0,0.0,0,0.0,1,1,2,3,2,2,2,2
P000301,implicit_flow,datasets\stage3_scaling\programs\P000301.c,datasets\stage3_scaling\miters\P000301_miter.c,"sec_pw,pub_user",sec_pw,pub_user,08bd0651db984cda2af72cab34e2158e56d45f3f97669d8bfa0abeffc7d27560,26,8,1,0,2,7,0,0,0,1,1,4,3,6,4,0,2,3,0,0.2222,1.0,0.0,0,0.0,0,1,2,2,0,3,3,3
P000302,implicit_flow,datasets\stage3_scaling\programs\P000302.c,datasets\stage3_scaling\miters\P000302_miter.c,"sec_pw,pub_user",sec_pw,pub_user,9e097c6ba08920d6995736790b3e0cdc15d5e9ae5803fa1e4b832948ed34f171,26,8,1,0,2,7,0,0,0,1,1,4,3,6,4,0,2,3,0,0.2222,1.0,0.0,0,0.0,0,1,2,2,0,3,3,3
P000303,implicit_flow,datasets\stage3_scaling\programs\P000303.c,datasets\stage3_scaling\miters\P000303_miter.c,"sec_pw,pub_user",sec_pw,pub_user,999ba52b013c540da564347fdb50d7817f356b8c4d6954972c0d2b174d3929fe,26,8,1,0,2,7,0,0,0,1,1,4,3,6,4,0,2,3,0,0.2222,1.0,0.0,0,0.0,0,1,2,2,0,3,3,3
P000304,implicit_flow,datasets\stage3_scaling\programs\P000304.c,datasets\stage3_scaling\miters\P000304_miter.c,"sec_pw,pub_user",sec_pw,pub_user,c9e1c2645727d8118ae74cfe2a887f008566664c582920675f0c9dfdb3edc443,26,8,1,0,2,7,0,0,0,1,1,4,3,6,4,0,2,3,0,0.2222,1.0,0.0,0,0.0,0,1,2,2,0,3,3,3
P000305,implicit_flow,datasets\stage3_scaling\programs\P000305.c,datasets\stage3_scaling\miters\P000305_miter.c,"sec_pw,pub_user",sec_pw,pub_user,c8ff8a4cd677008f9bb5c0141115ec912bf1d0fd93a51ac09cc5d5704374bdc9,26,8,1,0,2,7,0,0,0,1,1,4,3,6,4,0,2,3,0,0.2222,1.0,0.0,0,0.0,0,1,2,2,0,3,3,3
P000306,implicit_flow,datasets\stage3_scaling\programs\P000306.c,datasets\stage3_scaling\miters\P000306_miter.c,"sec_pw,pub_user",sec_pw,pub_user,db9c17f068e27462d1e3fd3a5a62b99325040f19b72b71f83eeb0483544d73a9,26,8,1,0,2,7,0,0,0,1,1,4,3,6,4,0,2,3,0,0.2222,1.0,0.0,0,0.0,0,1,2,2,0,3,3,3
P000307,implicit_flow,datasets\stage3_scaling\programs\P000307.c,datasets\stage3_scaling\miters\P000307_miter.c,"sec_pw,pub_user",sec_pw,pub_user,9d249dd3e5967d7c35f979d3174aabe1c9d6d13414d9bb8484edd87041b75075,26,8,1,0,2,7,0,0,0,1,1,4,3,6,4,0,2,3,0,0.2222,1.0,0.0,0,0.0,0,1,2,2,0,3,3,3
P000308,implicit_flow,datasets\stage3_scaling\programs\P000308.c,datasets\stage3_scaling\miters\P000308_miter.c,"sec_pw,pub_user",sec_pw,pub_user,88b53728ba633b4a0b6a3a65c54e38d5b1bdfb606ecb3d6542df149371aaf2f4,26,8,1,0,2,7,0,0,0,1,1,4,3,6,4,0,2,3,0,0.2222,1.0,0.0,0,0.0,0,1,2,2,0,3,3,3
P000309,implicit_flow,datasets\stage3_scaling\programs\P000309.c,datasets\stage3_scaling\miters\P000309_miter.c,"sec_pw,pub_user",sec_pw,pub_user,da7d350b5d0ffde0a91d575d6d1af09a2630c32a0a7d8597e4922d676524ca92,26,8,1,0,2,7,0,0,0,1,1,4,3,6,4,0,2,3,0,0.2222,1.0,0.0,0,0.0,0,1,2,2,0,3,3,3
P000310,implicit_flow,datasets\stage3_scaling\programs\P000310.c,datasets\stage3_scaling\miters\P000310_miter.c,"sec_pw,pub_user",sec_pw,pub_user,22299fc7e49fe4790a2aaf0628daddac5cac6075cf181bba04e4ce4582cc3e21,26,8,1,0,2,7,0,0,0,1,1,4,3,6,4,0,2,3,0,0.2222,1.0,0.0,0,0.0,0,1,2,2,0,3,3,3
P000311,implicit_flow,datasets\stage3_scaling\programs\P000311.c,datasets\stage3_scaling\miters\P000311_miter.c,"sec_pw,pub_user",sec_pw,pub_user,6605df602720b83384477dd7463af0cf3186b7486b12cfd1af62b2b9290785c9,26,8,1,0,2,7,0,0,0,1,1,4,3,6,4,0,2,3,0,0.2222,1.0,0.0,0,0.0,0,1,2,2,0,3,3,3
P000312,implicit_flow,datasets\stage3_scaling\programs\P000312.c,datasets\stage3_scaling\miters\P000312_miter.c,"sec_pw,pub_user",sec_pw,pub_user,8fea57a7138f5f083d97fdf3bc15025e7fdf47a1e0e92155df06ffa8cf625611,26,8,1,0,2,7,0,0,0,1,1,4,3,6,4,0,2,3,0,0.2222,1.0,0.0,0,0.0,0,1,2,2,0,3,3,3
P000313,implicit_flow,datasets\stage3_scaling\programs\P000313.c,datasets\stage3_scaling\miters\P000313_miter.c,"sec_pw,pub_user",sec_pw,pub_user,37aacd67d376abaeeca9fe399c36c29ad7851ef58df82bb5598d00c53eac13ba,26,8,1,0,2,7,0,0,0,1,1,4,3,6,4,0,2,3,0,0.2222,1.0,0.0,0,0.0,0,1,2,2,0,3,3,3
P000314,implicit_flow,datasets\stage3_scaling\programs\P000314.c,datasets\stage3_scaling\miters\P000314_miter.c,"sec_pw,pub_user",sec_pw,pub_user,a68a46f180a51def62f0b206b84d7605b42b6b606b73546f2215865368cafe8d,26,8,1,0,2,7,0,0,0,1,1,4,3,6,4,0,2,3,0,0.2222,1.0,0.0,0,0.0,0,1,2,2,0,3,3,3
P000315,implicit_flow,datasets\stage3_scaling\programs\P000315.c,datasets\stage3_scaling\miters\P000315_miter.c,"sec_pw,pub_user",sec_pw,pub_user,f2d25a3f957978d6f6d126929cd40e5187b3201419650b50f7806a3fd3d287bc,26,8,1,0,2,7,0,0,0,1,1,4,3,6,4,0,2,3,0,0.2222,1.0,0.0,0,0.0,0,1,2,2,0,3,3,3
P000316,implicit_flow,datasets\stage3_scaling\programs\P000316.c,datasets\stage3_scaling\miters\P000316_miter.c,"sec_pw,pub_user",sec_pw,pub_user,336225478355427b5abb3e69f6b10b193d26adebc790299b8543b2189438502f,26,8,1,0,2,7,0,0,0,1,1,4,3,6,4,0,2,3,0,0.2222,1.0,0.0,0,0.0,0,1,2,2,0,3,3,3
P000317,implicit_flow,datasets\stage3_scaling\programs\P000317.c,datasets\stage3_scaling\miters\P000317_miter.c,"sec_pw,pub_user",sec_pw,pub_user,0acccd19858c511ed260d23ab55072bc6a7d2449c3c01a8808e3acdde7808e04,26,8,1,0,2,7,0,0,0,1,1,4,3,6,4,0,2,3,0,0.2222,1.0,0.0,0,0.0,0,1,2,2,0,3,3,3
P000318,implicit_flow,datasets\stage3_scaling\programs\P000318.c,datasets\stage3_scaling\miters\P000318_miter.c,"sec_pw,pub_user",sec_pw,pub_user,8cae8e05d457fac55600172ddabd8cabbc3cb0769cf40629fb9735f8cc49b27b,26,8,1,0,2,7,0,0,0,1,1,4,3,6,4,0,2,3,0,0.2222,1.0,0.0,0,0.0,0,1,2,2,0,3,3,3
P000319,implicit_flow,datasets\stage3_scaling\programs\P000319.c,datasets\stage3_scaling\miters\P000319_miter.c,"sec_pw,pub_user",sec_pw,pub_user,6727db929c68c306dde23cdda65c64e52c2280c5863ae5490c182152abc16531,26,8,1,0,2,7,0,0,0,1,1,4,3,6,4,0,2,3,0,0.2222,1.0,0.0,0,0.0,0,1,2,2,0,3,3,3
P000320,implicit_flow,datasets\stage3_scaling\programs\P000320.c,datasets\stage3_scaling\miters\P000320_miter.c,"sec_pw,pub_user",sec_pw,pub_user,a97bc06d3829360595498bcc825176958c70a57ef07cce899b6874cd0601653c,26,8,1,0,2,7,0,0,0,1,1,4,3,6,4,0,2,3,0,0.2222,1.0,0.0,0,0.0,0,1,2,2,0,3,3,3
P000321,implicit_flow,datasets\stage3_scaling\programs\P000321.c,datasets\stage3_scaling\miters\P000321_miter.c,"sec_pw,pub_user",sec_pw,pub_user,731f63fa0f99d0da0efc5f903f6378bcfa15c4dea46a6d966651039efa9ec9b9,26,8,1,0,2,7,0,0,0,1,1,4,3,6,4,0,2,3,0,0.2222,1.0,0.0,0,0.0,0,1,2,2,0,3,3,3
P000322,implicit_flow,datasets\stage3_scaling\programs\P000322.c,datasets\stage3_scaling\miters\P000322_miter.c,"sec_pw,pub_user",sec_pw,pub_user,490b561bdd717bcce111189667dff7275e99127662079057370cf2559e9c27e5,26,8,1,0,2,7,0,0,0,1,1,4,3,6,4,0,2,3,0,0.2222,1.0,0.0,0,0.0,0,1,2,2,0,3,3,3
P000323,implicit_flow,datasets\stage3_scaling\programs\P000323.c,datasets\stage3_scaling\miters\P000323_miter.c,"sec_pw,pub_user",sec_pw,pub_user,3a7cfebe9deb5037693cff83ec9f803c9e6ed236c50babfe16a106dc91694886,26,8,1,0,2,7,0,0,0,1,1,4,3,6,4,0,2,3,0,0.2222,1.0,0.0,0,0.0,0,1,2,2,0,3,3,3
P000324,implicit_flow,datasets\stage3_scaling\programs\P000324.c,datasets\stage3_scaling\miters\P000324_miter.c,"sec_pw,pub_user",sec_pw,pub_user,17fba3643bfcbfd687b4f3ac027c61ef4293a86206e0e23fe7bf57ec66e9a1cc,26,8,1,0,2,7,0,0,0,1,1,4,3,6,4,0,2,3,0,0.2222,1.0,0.0,0,0.0,0,1,2,2,0,3,3,3
P000325,implicit_flow,datasets\stage3_scaling\programs\P000325.c,datasets\stage3_scaling\miters\P000325_miter.c,"sec_pw,pub_user",sec_pw,pub_user,6d21376edadd03c71998dcfe5e01d2b038b368944b5d97c5ef5091d37f9630f1,26,8,1,0,2,7,0,0,0,1,1,4,3,6,4,0,2,3,0,0.2222,1.0,0.0,0,0.0,0,1,2,2,0,3,3,3
P000326,implicit_flow,datasets\stage3_scaling\programs\P000326.c,datasets\stage3_scaling\miters\P000326_miter.c,"sec_pw,pub_user",sec_pw,pub_user,79f9d4b2484531aff67c5e6325d9def06a2ec209e435c3cd941124fc5d65983e,26,8,1,0,2,7,0,0,0,1,1,4,3,6,4,0,2,3,0,0.2222,1.0,0.0,0,0.0,0,1,2,2,0,3,3,3
P000327,implicit_flow,datasets\stage3_scaling\programs\P000327.c,datasets\stage3_scaling\miters\P000327_miter.c,"sec_pw,pub_user",sec_pw,pub_user,0e0ec536b5bca8812d243077c32024f4fc767e19e627c129f77ac5bb8f5623f1,26,8,1,0,2,7,0,0,0,1,1,4,3,6,4,0,2,3,0,0.2222,1.0,0.0,0,0.0,0,1,2,2,0,3,3,3
P000328,implicit_flow,datasets\stage3_scaling\programs\P000328.c,datasets\stage3_scaling\miters\P000328_miter.c,"sec_pw,pub_user",sec_pw,pub_user,c5c0f838bc1977aea48b6a643db7a1a9e5345f4cec34c72a8ccd6596c54cc3a4,26,8,1,0,2,7,0,0,0,1,1,4,3,6,4,0,2,3,0,0.2222,1.0,0.0,0,0.0,0,1,2,2,0,3,3,3
P000329,implicit_flow,datasets\stage3_scaling\programs\P000329.c,datasets\stage3_scaling\miters\P000329_miter.c,"sec_pw,pub_user",sec_pw,pub_user,aa37ae69929d5dc88d8dda33e921e7a6b7a19266b3b29792bc5c721364087285,26,8,1,0,2,7,0,0,0,1,1,4,3,6,4,0,2,3,0,0.2222,1.0,0.0,0,0.0,0,1,2,2,0,3,3,3
P000330,implicit_flow,datasets\stage3_scaling\programs\P000330.c,datasets\stage3_scaling\miters\P000330_miter.c,"sec_pw,pub_user",sec_pw,pub_user,8a9321c16a878f0cf6929ba84fe3dfed278f337dedcb3ffc79fea14e0710e56f,26,8,1,0,2,7,0,0,0,1,1,4,3,6,4,0,2,3,0,0.2222,1.0,0.0,0,0.0,0,1,2,2,0,3,3,3
P000331,implicit_flow,datasets\stage3_scaling\programs\P000331.c,datasets\stage3_scaling\miters\P000331_miter.c,"sec_pw,pub_user",sec_pw,pub_user,8bf8791fb9eb310390e5765fc15aa8fdc0c941c38b1562f47299a34d8ae32a36,26,8,1,0,2,7,0,0,0,1,1,4,3,6,4,0,2,3,0,0.2222,1.0,0.0,0,0.0,0,1,2,2,0,3,3,3
P000332,implicit_flow,datasets\stage3_scaling\programs\P000332.c,datasets\stage3_scaling\miters\P000332_miter.c,"sec_pw,pub_user",sec_pw,pub_user,381abfe2c6ce19195eac76415c3fe31b7e044fb53ac38fcf6745a4cb27ddc997,26,8,1,0,2,7,0,0,0,1,1,4,3,6,4,0,2,3,0,0.2222,1.0,0.0,0,0.0,0,1,2,2,0,3,3,3
P000333,implicit_flow,datasets\stage3_scaling\programs\P000333.c,datasets\stage3_scaling\miters\P000333_miter.c,"sec_pw,pub_user",sec_pw,pub_user,08a815161ad6f76c467a2417d6ebf28d13cde5368f5ca83fe4721e1ef5f497b8,26,8,1,0,2,7,0,0,0,1,1,4,3,6,4,0,2,3,0,0.2222,1.0,0.0,0,0.0,0,1,2,2,0,3,3,3
P000334,implicit_flow,datasets\stage3_scaling\programs\P000334.c,datasets\stage3_scaling\miters\P000334_miter.c,"sec_pw,pub_user",sec_pw,pub_user,3590dc81ab10684b66d144075911f05c10141a7ead3b593ac8c3946725c9b627,26,8,1,0,2,7,0,0,0,1,1,4,3,6,4,0,2,3,0,0.2222,1.0,0.0,0,0.0,0,1,2,2,0,3,3,3
P000335,implicit_flow,datasets\stage3_scaling\programs\P000335.c,datasets\stage3_scaling\miters\P000335_miter.c,"sec_pw,pub_user",sec_pw,pub_user,e3555ccd277f04b8c9c9f455055ad6c187c2219de6ee40e94d60e91972f61ab7,26,8,1,0,2,7,0,0,0,1,1,4,3,6,4,0,2,3,0,0.2222,1.0,0.0,0,0.0,0,1,2,2,0,3,3,3
P000336,implicit_flow,datasets\stage3_scaling\programs\P000336.c,datasets\stage3_scaling\miters\P000336_miter.c,"sec_pw,pub_user",sec_pw,pub_user,2bce5b13947ea8bd997a8e049acfd06f1101bbdaaef23d78a0a8d395d538861a,26,8,1,0,2,7,0,0,0,1,1,4,3,6,4,0,2,3,0,0.2222,1.0,0.0,0,0.0,0,1,2,2,0,3,3,3
P000337,implicit_flow,datasets\stage3_scaling\programs\P000337.c,datasets\stage3_scaling\miters\P000337_miter.c,"sec_pw,pub_user",sec_pw,pub_user,bfbc8aca2676b692a34219b844ca0a7b5aec56452ebfe85aac2f789332a94b8a,26,8,1,0,2,7,0,0,0,1,1,4,3,6,4,0,2,3,0,0.2222,1.0,0.0,0,0.0,0,1,2,2,0,3,3,3
P000338,implicit_flow,datasets\stage3_scaling\programs\P000338.c,datasets\stage3_scaling\miters\P000338_miter.c,"sec_pw,pub_user",sec_pw,pub_user,29d8ee99e726355cf8530ebca90c682191e929e9405c94c969e9264cfe4c9213,26,8,1,0,2,7,0,0,0,1,1,4,3,6,4,0,2,3,0,0.2222,1.0,0.0,0,0.0,0,1,2,2,0,3,3,3
P000339,implicit_flow,datasets\stage3_scaling\programs\P000339.c,datasets\stage3_scaling\miters\P000339_miter.c,"sec_pw,pub_user",sec_pw,pub_user,5148e02880077dbd870753636c2043fe417bc1845857eb461e1eac6bd7ba7347,26,8,1,0,2,7,0,0,0,1,1,4,3,6,4,0,2,3,0,0.2222,1.0,0.0,0,0.0,0,1,2,2,0,3,3,3
P000340,implicit_flow,datasets\stage3_scaling\programs\P000340.c,datasets\stage3_scaling\miters\P000340_miter.c,"sec_pw,pub_user",sec_pw,pub_user,88e8ba69ca08e5280de33ad7ed80340327765392ddd6962257361a115471d9d7,26,8,1,0,2,7,0,0,0,1,1,4,3,6,4,0,2,3,0,0.2222,1.0,0.0,0,0.0,0,1,2,2,0,3,3,3
P000341,implicit_flow,datasets\stage3_scaling\programs\P000341.c,datasets\stage3_scaling\miters\P000341_miter.c,"sec_pw,pub_user",sec_pw,pub_user,027eabc578e0c537597b78e408e5ee104e84333ae67a021bc1708fb82a8cd203,26,8,1,0,2,7,0,0,0,1,1,4,3,6,4,0,2,3,0,0.2222,1.0,0.0,0,0.0,0,1,2,2,0,3,3,3
P000342,implicit_flow,datasets\stage3_scaling\programs\P000342.c,datasets\stage3_scaling\miters\P000342_miter.c,"sec_pw,pub_user",sec_pw,pub_user,600de36620337f91395d0c37751b928487604acb335f7ee86b3246a9c80b4654,26,8,1,0,2,7,0,0,0,1,1,4,3,6,4,0,2,3,0,0.2222,1.0,0.0,0,0.0,0,1,2,2,0,3,3,3
P000343,implicit_flow,datasets\stage3_scaling\programs\P000343.c,datasets\stage3_scaling\miters\P000343_miter.c,"sec_pw,pub_user",sec_pw,pub_user,c02c15156cc8d8945c185b30f780f95b28296c0d524ee1bd3d3a7c44f66c53fd,26,8,1,0,2,7,0,0,0,1,1,4,3,6,4,0,2,3,0,0.2222,1.0,0.0,0,0.0,0,1,2,2,0,3,3,3
P000344,implicit_flow,datasets\stage3_scaling\programs\P000344.c,datasets\stage3_scaling\miters\P000344_miter.c,"sec_pw,pub_user",sec_pw,pub_user,2048e154fc7af6ada16c66d6e4917197a345855e265bf5ede5b19dca82ed8be1,26,8,1,0,2,7,0,0,0,1,1,4,3,6,4,0,2,3,0,0.2222,1.0,0.0,0,0.0,0,1,2,2,0,3,3,3
P000345,implicit_flow,datasets\stage3_scaling\programs\P000345.c,datasets\stage3_scaling\miters\P000345_miter.c,"sec_pw,pub_user",sec_pw,pub_user,411943b2a10657887f293f85c9a8549e0c4140c8ca39352ffe6da375eff97d58,26,8,1,0,2,7,0,0,0,1,1,4,3,6,4,0,2,3,0,0.2222,1.0,0.0,0,0.0,0,1,2,2,0,3,3,3
P000346,implicit_flow,datasets\stage3_scaling\programs\P000346.c,datasets\stage3_scaling\miters\P000346_miter.c,"sec_pw,pub_user",sec_pw,pub_user,1cc247fa695e847c85c8f62a96c9a287eb57374819399b8094b57858989ff0f0,26,8,1,0,2,7,0,0,0,1,1,4,3,6,4,0,2,3,0,0.2222,1.0,0.0,0,0.0,0,1,2,2,0,3,3,3
P000347,implicit_flow,datasets\stage3_scaling\programs\P000347.c,datasets\stage3_scaling\miters\P000347_miter.c,"sec_pw,pub_user",sec_pw,pub_user,e84d91e361d00f59d77137d1319883bec70be7c0eb86f0e3957d23ea5ce0bfef,26,8,1,0,2,7,0,0,0,1,1,4,3,6,4,0,2,3,0,0.2222,1.0,0.0,0,0.0,0,1,2,2,0,3,3,3
P000348,implicit_flow,datasets\stage3_scaling\programs\P000348.c,datasets\stage3_scaling\miters\P000348_miter.c,"sec_pw,pub_user",sec_pw,pub_user,1a3c22a133addf8afe00c87ea0b7011c9961bc13a7df2f766d05a431a6469bde,26,8,1,0,2,7,0,0,0,1,1,4,3,6,4,0,2,3,0,0.2222,1.0,0.0,0,0.0,0,1,2,2,0,3,3,3
P000349,implicit_flow,datasets\stage3_scaling\programs\P000349.c,datasets\stage3_scaling\miters\P000349_miter.c,"sec_pw,pub_user",sec_pw,pub_user,3ea2288ceb5e6abde30c4545104005de484c9ac7126081596034af66040a9c95,26,8,1,0,2,7,0,0,0,1,1,4,3,6,4,0,2,3,0,0.2222,1.0,0.0,0,0.0,0,1,2,2,0,3,3,3
P000350,implicit_flow,datasets\stage3_scaling\programs\P000350.c,datasets\stage3_scaling\miters\P000350_miter.c,"sec_pw,pub_user",sec_pw,pub_user,d0f73ae997692a504312ff62d3195ca08e257db9b47ddf213c65f521c7d0f336,26,8,1,0,2,7,0,0,0,1,1,4,3,6,4,0,2,3,0,0.2222,1.0,0.0,0,0.0,0,1,2,2,0,3,3,3
P000351,implicit_flow,datasets\stage3_scaling\programs\P000351.c,datasets\stage3_scaling\miters\P000351_miter.c,"sec_pw,pub_user",sec_pw,pub_user,c6e669e9eb71c6b8cdd139fd1c376158b3c4f8b7c0354f18537124b3d6899dbc,26,8,1,0,2,7,0,0,0,1,1,4,3,6,4,0,2,3,0,0.2222,1.0,0.0,0,0.0,0,1,2,2,0,3,3,3
P000352,implicit_flow,datasets\stage3_scaling\programs\P000352.c,datasets\stage3_scaling\miters\P000352_miter.c,"sec_pw,pub_user",sec_pw,pub_user,cfdfbb9e4ffc4694ceff1fe1fe77a1466e921f9d308dad306eb8bf412fd86631,26,8,1,0,2,7,0,0,0,1,1,4,3,6,4,0,2,3,0,0.2222,1.0,0.0,0,0.0,0,1,2,2,0,3,3,3
P000353,implicit_flow,datasets\stage3_scaling\programs\P000353.c,datasets\stage3_scaling\miters\P000353_miter.c,"sec_pw,pub_user",sec_pw,pub_user,fa9ccbea7cc5ff262e6ce28c8add4361b28182854457b15beed80b17e859e4c9,26,8,1,0,2,7,0,0,0,1,1,4,3,6,4,0,2,3,0,0.2222,1.0,0.0,0,0.0,0,1,2,2,0,3,3,3
P000354,implicit_flow,datasets\stage3_scaling\programs\P000354.c,datasets\stage3_scaling\miters\P000354_miter.c,"sec_pw,pub_user",sec_pw,pub_user,b1849ba966402d5812d36a45ba1195c903a6f39e62d96170c54d00ff2d3a57d5,26,8,1,0,2,7,0,0,0,1,1,4,3,6,4,0,2,3,0,0.2222,1.0,0.0,0,0.0,0,1,2,2,0,3,3,3
P000355,implicit_flow,datasets\stage3_scaling\programs\P000355.c,datasets\stage3_scaling\miters\P000355_miter.c,"sec_pw,pub_user",sec_pw,pub_user,ae3bc54268d937108877e65bc2b14b2d753a121af13a3a2bef7b55d4c5c1847a,26,8,1,0,2,7,0,0,0,1,1,4,3,6,4,0,2,3,0,0.2222,1.0,0.0,0,0.0,0,1,2,2,0,3,3,3
P000356,implicit_flow,datasets\stage3_scaling\programs\P000356.c,datasets\stage3_scaling\miters\P000356_miter.c,"sec_pw,pub_user",sec_pw,pub_user,fd3750c33fb7f582b5c9a941c03d6be2d5580c83c9c06fda7b8186ff54d1f580,26,8,1,0,2,7,0,0,0,1,1,4,3,6,4,0,2,3,0,0.2222,1.0,0.0,0,0.0,0,1,2,2,0,3,3,3
P000357,implicit_flow,datasets\stage3_scaling\programs\P000357.c,datasets\stage3_scaling\miters\P000357_miter.c,"sec_pw,pub_user",sec_pw,pub_user,7a1435d2b77175ffb7fa0f41a6491be87ce31ac9f36195bfacddad290ad154ca,26,8,1,0,2,7,0,0,0,1,1,4,3,6,4,0,2,3,0,0.2222,1.0,0.0,0,0.0,0,1,2,2,0,3,3,3
P000358,implicit_flow,datasets\stage3_scaling\programs\P000358.c,datasets\stage3_scaling\miters\P000358_miter.c,"sec_pw,pub_user",sec_pw,pub_user,f0adb920f1ecdc2efa2e9482119e4f351d2d6b27545cca320ab61c4128261360,26,8,1,0,2,7,0,0,0,1,1,4,3,6,4,0,2,3,0,0.2222,1.0,0.0,0,0.0,0,1,2,2,0,3,3,3
P000359,implicit_flow,datasets\stage3_scaling\programs\P000359.c,datasets\stage3_scaling\miters\P000359_miter.c,"sec_pw,pub_user",sec_pw,pub_user,4ef66dfe94285e45ae1702de052bb272ae17e9322b56b3cfbe290e3d7a0486df,26,8,1,0,2,7,0,0,0,1,1,4,3,6,4,0,2,3,0,0.2222,1.0,0.0,0,0.0,0,1,2,2,0,3,3,3
P000360,implicit_flow,datasets\stage3_scaling\programs\P000360.c,datasets\stage3_scaling\miters\P000360_miter.c,"sec_pw,pub_user",sec_pw,pub_user,71fee0132413debe374757d66609c127bfe1e922669ff4bb0d0130343668158d,26,8,1,0,2,7,0,0,0,1,1,4,3,6,4,0,2,3,0,0.2222,1.0,0.0,0,0.0,0,1,2,2,0,3,3,3
P000361,implicit_flow,datasets\stage3_scaling\programs\P000361.c,datasets\stage3_scaling\miters\P000361_miter.c,"sec_pw,pub_user",sec_pw,pub_user,e2d38d737d04389fd5b7a20b4c8c8253b51c0deecaea0ed1c6ed0b9026c09b2f,26,8,1,0,2,7,0,0,0,1,1,4,3,6,4,0,2,3,0,0.2222,1.0,0.0,0,0.0,0,1,2,2,0,3,3,3
P000362,implicit_flow,datasets\stage3_scaling\programs\P000362.c,datasets\stage3_scaling\miters\P000362_miter.c,"sec_pw,pub_user",sec_pw,pub_user,96521eebf55b5dde55921e17d1e7d35d23561ccc53878b6c569dadc8b23ed685,26,8,1,0,2,7,0,0,0,1,1,4,3,6,4,0,2,3,0,0.2222,1.0,0.0,0,0.0,0,1,2,2,0,3,3,3
P000363,implicit_flow,datasets\stage3_scaling\programs\P000363.c,datasets\stage3_scaling\miters\P000363_miter.c,"sec_pw,pub_user",sec_pw,pub_user,c97ab00fcbdf6bfaa248cba1e736be142b8cc6405838a3102c17c9db6a24c650,26,8,1,0,2,7,0,0,0,1,1,4,3,6,4,0,2,3,0,0.2222,1.0,0.0,0,0.0,0,1,2,2,0,3,3,3
P000364,implicit_flow,datasets\stage3_scaling\programs\P000364.c,datasets\stage3_scaling\miters\P000364_miter.c,"sec_pw,pub_user",sec_pw,pub_user,2fba08dfe7286fe2ddd8aa477fa5fde282efa4000ee4d17aeb5a68b6c4988fc3,26,8,1,0,2,7,0,0,0,1,1,4,3,6,4,0,2,3,0,0.2222,1.0,0.0,0,0.0,0,1,2,2,0,3,3,3
P000365,implicit_flow,datasets\stage3_scaling\programs\P000365.c,datasets\stage3_scaling\miters\P000365_miter.c,"sec_pw,pub_user",sec_pw,pub_user,72c70ccd5d4d921fc80b4114ff739cae1559549c2290bc09f2e3896ad01c1acf,26,8,1,0,2,7,0,0,0,1,1,4,3,6,4,0,2,3,0,0.2222,1.0,0.0,0,0.0,0,1,2,2,0,3,3,3
P000366,implicit_flow,datasets\stage3_scaling\programs\P000366.c,datasets\stage3_scaling\miters\P000366_miter.c,"sec_pw,pub_user",sec_pw,pub_user,513f805c9ea0c67997b6dafb9c1a8471fabbd1963834d729500cfe688f61db7e,26,8,1,0,2,7,0,0,0,1,1,4,3,6,4,0,2,3,0,0.2222,1.0,0.0,0,0.0,0,1,2,2,0,3,3,3
P000367,implicit_flow,datasets\stage3_scaling\programs\P000367.c,datasets\stage3_scaling\miters\P000367_miter.c,"sec_pw,pub_user",sec_pw,pub_user,6acdfced8bcca9db489e9bfb7c98838ed30107af494620ea12199d1ec436f1d1,26,8,1,0,2,7,0,0,0,1,1,4,3,6,4,0,2,3,0,0.2222,1.0,0.0,0,0.0,0,1,2,2,0,3,3,3
P000368,implicit_flow,datasets\stage3_scaling\programs\P000368.c,datasets\stage3_scaling\miters\P000368_miter.c,"sec_pw,pub_user",sec_pw,pub_user,a6d61d9a61dde3c3b1ceafcaf9c0ffa5e606d243962b02463632d5ca24bb1208,26,8,1,0,2,7,0,0,0,1,1,4,3,6,4,0,2,3,0,0.2222,1.0,0.0,0,0.0,0,1,2,2,0,3,3,3
P000369,implicit_flow,datasets\stage3_scaling\programs\P000369.c,datasets\stage3_scaling\miters\P000369_miter.c,"sec_pw,pub_user",sec_pw,pub_user,8ffccabd41611736ac1f28790bed29518bb110561a2a0e9983ebdd265fca49d4,26,8,1,0,2,7,0,0,0,1,1,4,3,6,4,0,2,3,0,0.2222,1.0,0.0,0,0.0,0,1,2,2,0,3,3,3
P000370,implicit_flow,datasets\stage3_scaling\programs\P000370.c,datasets\stage3_scaling\miters\P000370_miter.c,"sec_pw,pub_user",sec_pw,pub_user,9b965e178216362c2fda70f51d04341ad6668a0fb7c956bbb46c58ef12e9cc65,26,8,1,0,2,7,0,0,0,1,1,4,3,6,4,0,2,3,0,0.2222,1.0,0.0,0,0.0,0,1,2,2,0,3,3,3
P000371,implicit_flow,datasets\stage3_scaling\programs\P000371.c,datasets\stage3_scaling\miters\P000371_miter.c,"sec_pw,pub_user",sec_pw,pub_user,b043360ef3302a4060ae390a47b15e347508556647b0c8d8fd43daa167660467,26,8,1,0,2,7,0,0,0,1,1,4,3,6,4,0,2,3,0,0.2222,1.0,0.0,0,0.0,0,1,2,2,0,3,3,3
P000372,implicit_flow,datasets\stage3_scaling\programs\P000372.c,datasets\stage3_scaling\miters\P000372_miter.c,"sec_pw,pub_user",sec_pw,pub_user,142b489f8e096f766b3248d6c2a3ad81ddc15fd222e07ce3a6d069934ad2e2f6,26,8,1,0,2,7,0,0,0,1,1,4,3,6,4,0,2,3,0,0.2222,1.0,0.0,0,0.0,0,1,2,2,0,3,3,3
P000373,implicit_flow,datasets\stage3_scaling\programs\P000373.c,datasets\stage3_scaling\miters\P000373_miter.c,"sec_pw,pub_user",sec_pw,pub_user,61ab2eab36a600f2cc0b681db371d0c11f3d1727ab320623188e973c6fdf08b2,26,8,1,0,2,7,0,0,0,1,1,4,3,6,4,0,2,3,0,0.2222,1.0,0.0,0,0.0,0,1,2,2,0,3,3,3
P000374,implicit_flow,datasets\stage3_scaling\programs\P000374.c,datasets\stage3_scaling\miters\P000374_miter.c,"sec_pw,pub_user",sec_pw,pub_user,174e3d2de1743463168e4ee79c4b0de0886e3acf079ee00bfcaee8e2cfa110d8,26,8,1,0,2,7,0,0,0,1,1,4,3,6,4,0,2,3,0,0.2222,1.0,0.0,0,0.0,0,1,2,2,0,3,3,3
P000375,implicit_flow,datasets\stage3_scaling\programs\P000375.c,datasets\stage3_scaling\miters\P000375_miter.c,"sec_pw,pub_user",sec_pw,pub_user,be18fd7cd46c6a51a1de83b0b3ce6c3c46fb0651f9fe0dc7f8e6830c430a0066,26,8,1,0,2,7,0,0,0,1,1,4,3,6,4,0,2,3,0,0.2222,1.0,0.0,0,0.0,0,1,2,2,0,3,3,3
P000376,implicit_flow,datasets\stage3_scaling\programs\P000376.c,datasets\stage3_scaling\miters\P000376_miter.c,"sec_pw,pub_user",sec_pw,pub_user,60fec9b47c77f9dcbaa77a3d776953a2d9a6cd554aa61b8d85bd2b84e8ce76c4,26,8,1,0,2,7,0,0,0,1,1,4,3,6,4,0,2,3,0,0.2222,1.0,0.0,0,0.0,0,1,2,2,0,3,3,3
P000377,implicit_flow,datasets\stage3_scaling\programs\P000377.c,datasets\stage3_scaling\miters\P000377_miter.c,"sec_pw,pub_user",sec_pw,pub_user,06412681fb561750fd12ddafca1b99e44d0b8cbb5b7f5bceb6973a625c471bf6,26,8,1,0,2,7,0,0,0,1,1,4,3,6,4,0,2,3,0,0.2222,1.0,0.0,0,0.0,0,1,2,2,0,3,3,3
P000378,implicit_flow,datasets\stage3_scaling\programs\P000378.c,datasets\stage3_scaling\miters\P000378_miter.c,"sec_pw,pub_user",sec_pw,pub_user,8700f79e0e211cb5fb965ee8d89dc204ffa3d660edc5fc9b8071813d05f09bb7,26,8,1,0,2,7,0,0,0,1,1,4,3,6,4,0,2,3,0,0.2222,1.0,0.0,0,0.0,0,1,2,2,0,3,3,3
P000379,implicit_flow,datasets\stage3_scaling\programs\P000379.c,datasets\stage3_scaling\miters\P000379_miter.c,"sec_pw,pub_user",sec_pw,pub_user,1150a9ea6c19767e53b30493fc826bfaafe7eea1ff581970cc00647fe8f8b247,26,8,1,0,2,7,0,0,0,1,1,4,3,6,4,0,2,3,0,0.2222,1.0,0.0,0,0.0,0,1,2,2,0,3,3,3
P000380,implicit_flow,datasets\stage3_scaling\programs\P000380.c,datasets\stage3_scaling\miters\P000380_miter.c,"sec_pw,pub_user",sec_pw,pub_user,0377385650004f4a15a6b90fa22a64009474db4682dc5ec8c4f8778b4987ce25,26,8,1,0,2,7,0,0,0,1,1,4,3,6,4,0,2,3,0,0.2222,1.0,0.0,0,0.0,0,1,2,2,0,3,3,3
P000381,implicit_flow,datasets\stage3_scaling\programs\P000381.c,datasets\stage3_scaling\miters\P000381_miter.c,"sec_pw,pub_user",sec_pw,pub_user,cf074762f64d489f78d1057706fefcd2b41660d9a371a348b4eca41efde845d6,26,8,1,0,2,7,0,0,0,1,1,4,3,6,4,0,2,3,0,0.2222,1.0,0.0,0,0.0,0,1,2,2,0,3,3,3
P000382,implicit_flow,datasets\stage3_scaling\programs\P000382.c,datasets\stage3_scaling\miters\P000382_miter.c,"sec_pw,pub_user",sec_pw,pub_user,ff7152894169dcced93e9382bd7bd2f4e6848df6d989b23fd8dc1f839f864378,26,8,1,0,2,7,0,0,0,1,1,4,3,6,4,0,2,3,0,0.2222,1.0,0.0,0,0.0,0,1,2,2,0,3,3,3
P000383,implicit_flow,datasets\stage3_scaling\programs\P000383.c,datasets\stage3_scaling\miters\P000383_miter.c,"sec_pw,pub_user",sec_pw,pub_user,08c3887c1e3f9698f70ca90c9e030c6460b8841f2895059e4cd9201c8f3f3111,26,8,1,0,2,7,0,0,0,1,1,4,3,6,4,0,2,3,0,0.2222,1.0,0.0,0,0.0,0,1,2,2,0,3,3,3
P000384,implicit_flow,datasets\stage3_scaling\programs\P000384.c,datasets\stage3_scaling\miters\P000384_miter.c,"sec_pw,pub_user",sec_pw,pub_user,c11f700c10269f84661a8800b20ec39f45cd577ef90d57a7c76798a598d2552d,26,8,1,0,2,7,0,0,0,1,1,4,3,6,4,0,2,3,0,0.2222,1.0,0.0,0,0.0,0,1,2,2,0,3,3,3
P000385,implicit_flow,datasets\stage3_scaling\programs\P000385.c,datasets\stage3_scaling\miters\P000385_miter.c,"sec_pw,pub_user",sec_pw,pub_user,1acddc012ae129c070770043ed2e9193b2ffae13abbcebebeb9ab4afeb04b8d2,26,8,1,0,2,7,0,0,0,1,1,4,3,6,4,0,2,3,0,0.2222,1.0,0.0,0,0.0,0,1,2,2,0,3,3,3
P000386,implicit_flow,datasets\stage3_scaling\programs\P000386.c,datasets\stage3_scaling\miters\P000386_miter.c,"sec_pw,pub_user",sec_pw,pub_user,5b4ebe222ad344d5fe59f156444a49fdc86aa2490388c6f0fb1bb662a5a56801,26,8,1,0,2,7,0,0,0,1,1,4,3,6,4,0,2,3,0,0.2222,1.0,0.0,0,0.0,0,1,2,2,0,3,3,3
P000387,implicit_flow,datasets\stage3_scaling\programs\P000387.c,datasets\stage3_scaling\miters\P000387_miter.c,"sec_pw,pub_user",sec_pw,pub_user,72614dbf9fc15c22a6a28af2adaacee91c36fe8dfa9d02179c1b9bff3ae9d909,26,8,1,0,2,7,0,0,0,1,1,4,3,6,4,0,2,3,0,0.2222,1.0,0.0,0,0.0,0,1,2,2,0,3,3,3
P000388,implicit_flow,datasets\stage3_scaling\programs\P000388.c,datasets\stage3_scaling\miters\P000388_miter.c,"sec_pw,pub_user",sec_pw,pub_user,ee4c3fa72b63ccbcec8c1341a19c14e526148201044400300c01a24ff6c13493,26,8,1,0,2,7,0,0,0,1,1,4,3,6,4,0,2,3,0,0.2222,1.0,0.0,0,0.0,0,1,2,2,0,3,3,3
P000389,implicit_flow,datasets\stage3_scaling\programs\P000389.c,datasets\stage3_scaling\miters\P000389_miter.c,"sec_pw,pub_user",sec_pw,pub_user,814b97102a14174efcbb4d77a4e9fb9fe0945a83ebb48747d6c96256211be179,26,8,1,0,2,7,0,0,0,1,1,4,3,6,4,0,2,3,0,0.2222,1.0,0.0,0,0.0,0,1,2,2,0,3,3,3
P000390,implicit_flow,datasets\stage3_scaling\programs\P000390.c,datasets\stage3_scaling\miters\P000390_miter.c,"sec_pw,pub_user",sec_pw,pub_user,67e8acb1b992693da4d932091f4c27770c7a64f96eb85b1c6d23539afac63eff,26,8,1,0,2,7,0,0,0,1,1,4,3,6,4,0,2,3,0,0.2222,1.0,0.0,0,0.0,0,1,2,2,0,3,3,3
P000391,implicit_flow,datasets\stage3_scaling\programs\P000391.c,datasets\stage3_scaling\miters\P000391_miter.c,"sec_pw,pub_user",sec_pw,pub_user,f657137bcc1d9fb781f98fecfb36eed5df779276b1138254a7360d5cf7e388a3,26,8,1,0,2,7,0,0,0,1,1,4,3,6,4,0,2,3,0,0.2222,1.0,0.0,0,0.0,0,1,2,2,0,3,3,3
P000392,implicit_flow,datasets\stage3_scaling\programs\P000392.c,datasets\stage3_scaling\miters\P000392_miter.c,"sec_pw,pub_user",sec_pw,pub_user,1f0a54384e76070f69f76141881d67e29add225322395e8ae116891faa01e30d,26,8,1,0,2,7,0,0,0,1,1,4,3,6,4,0,2,3,0,0.2222,1.0,0.0,0,0.0,0,1,2,2,0,3,3,3
P000393,implicit_flow,datasets\stage3_scaling\programs\P000393.c,datasets\stage3_scaling\miters\P000393_miter.c,"sec_pw,pub_user",sec_pw,pub_user,ab6b3ac1cea5c0fcccee93fce796e42d64c5e661394466200ed751b5285fc267,26,8,1,0,2,7,0,0,0,1,1,4,3,6,4,0,2,3,0,0.2222,1.0,0.0,0,0.0,0,1,2,2,0,3,3,3
P000394,implicit_flow,datasets\stage3_scaling\programs\P000394.c,datasets\stage3_scaling\miters\P000394_miter.c,"sec_pw,pub_user",sec_pw,pub_user,167aa187c0e3c319e63406ba9a9593963bbb30c37c1c31e5d034c77e220abff6,26,8,1,0,2,7,0,0,0,1,1,4,3,6,4,0,2,3,0,0.2222,1.0,0.0,0,0.0,0,1,2,2,0,3,3,3
P000395,implicit_flow,datasets\stage3_scaling\programs\P000395.c,datasets\stage3_scaling\miters\P000395_miter.c,"sec_pw,pub_user",sec_pw,pub_user,54a8c2be6200567f624411b8877b7e890d4f93e97aecfbb1bdcbb0f8ee399cfe,26,8,1,0,2,7,0,0,0,1,1,4,3,6,4,0,2,3,0,0.2222,1.0,0.0,0,0.0,0,1,2,2,0,3,3,3
P000396,implicit_flow,datasets\stage3_scaling\programs\P000396.c,datasets\stage3_scaling\miters\P000396_miter.c,"sec_pw,pub_user",sec_pw,pub_user,88865e856bb52ba95f6438ef04231974114c0b29a1657c0235cc104131b33092,26,8,1,0,2,7,0,0,0,1,1,4,3,6,4,0,2,3,0,0.2222,1.0,0.0,0,0.0,0,1,2,2,0,3,3,3
P000397,implicit_flow,datasets\stage3_scaling\programs\P000397.c,datasets\stage3_scaling\miters\P000397_miter.c,"sec_pw,pub_user",sec_pw,pub_user,1f268926d974d5cb28f9821b89cb358bc2c9578f2a262521ab77e3aeec586182,26,8,1,0,2,7,0,0,0,1,1,4,3,6,4,0,2,3,0,0.2222,1.0,0.0,0,0.0,0,1,2,2,0,3,3,3
P000398,implicit_flow,datasets\stage3_scaling\programs\P000398.c,datasets\stage3_scaling\miters\P000398_miter.c,"sec_pw,pub_user",sec_pw,pub_user,4e0b5cd1f10189c6cffc7c9d9823c1f0e494267beb8af3368f84d812d4a3b0ec,26,8,1,0,2,7,0,0,0,1,1,4,3,6,4,0,2,3,0,0.2222,1.0,0.0,0,0.0,0,1,2,2,0,3,3,3
P000399,implicit_flow,datasets\stage3_scaling\programs\P000399.c,datasets\stage3_scaling\miters\P000399_miter.c,"sec_pw,pub_user",sec_pw,pub_user,469e6da80385f7bc3d5e82f9c2b94cfe7bb4d5c4fcf9ecbce6c5c3d20e90b63a,26,8,1,0,2,7,0,0,0,1,1,4,3,6,4,0,2,3,0,0.2222,1.0,0.0,0,0.0,0,1,2,2,0,3,3,3
P000400,implicit_flow,datasets\stage3_scaling\programs\P000400.c,datasets\stage3_scaling\miters\P000400_miter.c,"sec_pw,pub_user",sec_pw,pub_user,ff09bd844910890c7892b34b849b4be903ca1129a6ca764c620b27df1623bb2f,26,8,1,0,2,7,0,0,0,1,1,4,3,6,4,0,2,3,0,0.2222,1.0,0.0,0,0.0,0,1,2,2,0,3,3,3
P000401,arithmetic,datasets\stage3_scaling\programs\P000401.c,datasets\stage3_scaling\miters\P000401_miter.c,"sec_val,pub_scale",sec_val,pub_scale,e4f4f07e0d2170fb118e12cc61ba053c96f35896bb851a6f323d0e9ac04ca812,20,5,0,0,2,6,0,0,0,1,1,4,0,0,4,0,2,2,0,0.2667,0.0,0.0,0,0.0,1,1,2,3,0,2,2,2
P000402,arithmetic,datasets\stage3_scaling\programs\P000402.c,datasets\stage3_scaling\miters\P000402_miter.c,"sec_val,pub_scale",sec_val,pub_scale,2e6fd6686849cafa423b30548e7f4be404ed1d63878a291238de88cb9827598b,20,5,0,0,2,6,0,0,0,1,1,4,0,0,4,0,2,2,0,0.2667,0.0,0.0,0,0.0,1,1,2,3,0,2,2,2
P000403,arithmetic,datasets\stage3_scaling\programs\P000403.c,datasets\stage3_scaling\miters\P000403_miter.c,"sec_val,pub_scale",sec_val,pub_scale,2cec286c56c06c97175d92308c0d14ef7bb071dd61e83cdd26825fc7654a2e9b,20,5,0,0,2,6,0,0,0,1,1,4,0,0,4,0,2,2,0,0.2667,0.0,0.0,0,0.0,1,1,2,3,0,2,2,2
P000404,arithmetic,datasets\stage3_scaling\programs\P000404.c,datasets\stage3_scaling\miters\P000404_miter.c,"sec_val,pub_scale",sec_val,pub_scale,690f873c849eefdebfe0a373935d9f14ab8549abe4d7abc0cfdac1c9ad957b27,20,5,0,0,2,6,0,0,0,1,1,4,0,0,4,0,2,2,0,0.2667,0.0,0.0,0,0.0,1,1,2,3,0,2,2,2
P000405,arithmetic,datasets\stage3_scaling\programs\P000405.c,datasets\stage3_scaling\miters\P000405_miter.c,"sec_val,pub_scale",sec_val,pub_scale,701797bdbb0f939389af8779c7b4765a3db603a5ad1e2945f668a7ce20fb081a,20,5,0,0,2,6,0,0,0,1,1,4,0,0,4,0,2,2,0,0.2667,0.0,0.0,0,0.0,1,1,2,3,0,2,2,2
P000406,arithmetic,datasets\stage3_scaling\programs\P000406.c,datasets\stage3_scaling\miters\P000406_miter.c,"sec_val,pub_scale",sec_val,pub_scale,c12d00695f2d8f0e5694ab5ee793037f5faa998576bca039bdcb525d45f18a10,20,5,0,0,2,6,0,0,0,1,1,4,0,0,4,0,2,2,0,0.2667,0.0,0.0,0,0.0,1,1,2,3,0,2,2,2
P000407,arithmetic,datasets\stage3_scaling\programs\P000407.c,datasets\stage3_scaling\miters\P000407_miter.c,"sec_val,pub_scale",sec_val,pub_scale,94f3506081156ee01885e2cc759e3aefd51512f2d39738f0bab7df0b19121e3e,20,5,0,0,2,6,0,0,0,1,1,4,0,0,4,0,2,2,0,0.2667,0.0,0.0,0,0.0,1,1,2,3,0,2,2,2
P000408,arithmetic,datasets\stage3_scaling\programs\P000408.c,datasets\stage3_scaling\miters\P000408_miter.c,"sec_val,pub_scale",sec_val,pub_scale,6104cbf25a51702a8e3a6dbea3584852e5d375bf20354d6301d8d46b26d3b4b9,20,5,0,0,2,6,0,0,0,1,1,4,0,0,4,0,2,2,0,0.2667,0.0,0.0,0,0.0,1,1,2,3,0,2,2,2
P000409,arithmetic,datasets\stage3_scaling\programs\P000409.c,datasets\stage3_scaling\miters\P000409_miter.c,"sec_val,pub_scale",sec_val,pub_scale,3f409d2eb5bc6f6d58f1ff0f27de5e09d798f8bf9cd740cbeae00ccf6f008c98,20,5,0,0,2,6,0,0,0,1,1,4,0,0,4,0,2,2,0,0.2667,0.0,0.0,0,0.0,1,1,2,3,0,2,2,2
P000410,arithmetic,datasets\stage3_scaling\programs\P000410.c,datasets\stage3_scaling\miters\P000410_miter.c,"sec_val,pub_scale",sec_val,pub_scale,e7ff89919829e425ada5108ca40cfb3f9a27e2bdd7b69d586ba116bb0b3550f8,20,5,0,0,2,6,0,0,0,1,1,4,0,0,4,0,2,2,0,0.2667,0.0,0.0,0,0.0,1,1,2,3,0,2,2,2
P000411,arithmetic,datasets\stage3_scaling\programs\P000411.c,datasets\stage3_scaling\miters\P000411_miter.c,"sec_val,pub_scale",sec_val,pub_scale,162129939e8962de7fedeac0126057627b190c1fb46fe85588be419123a667b8,20,5,0,0,2,6,0,0,0,1,1,4,0,0,4,0,2,2,0,0.2667,0.0,0.0,0,0.0,1,1,2,3,0,2,2,2
P000412,arithmetic,datasets\stage3_scaling\programs\P000412.c,datasets\stage3_scaling\miters\P000412_miter.c,"sec_val,pub_scale",sec_val,pub_scale,24280572a6abaf1f1233bf788a7dbf33a9b7c7cc49802e8a423037bcf84b8adf,20,5,0,0,2,6,0,0,0,1,1,4,0,0,4,0,2,2,0,0.2667,0.0,0.0,0,0.0,1,1,2,3,0,2,2,2
P000413,arithmetic,datasets\stage3_scaling\programs\P000413.c,datasets\stage3_scaling\miters\P000413_miter.c,"sec_val,pub_scale",sec_val,pub_scale,0a1c0214d35ea4e1320c10bfb39378bd610a815ddeb4295c2e6090ae2f05a891,20,5,0,0,2,6,0,0,0,1,1,4,0,0,4,0,2,2,0,0.2667,0.0,0.0,0,0.0,1,1,2,3,0,2,2,2
P000414,arithmetic,datasets\stage3_scaling\programs\P000414.c,datasets\stage3_scaling\miters\P000414_miter.c,"sec_val,pub_scale",sec_val,pub_scale,c00ebf16bea0374f83cb0bb6912f7cd0a817be03f27ae8478e04290982a64ef8,20,5,0,0,2,6,0,0,0,1,1,4,0,0,4,0,2,2,0,0.2667,0.0,0.0,0,0.0,1,1,2,3,0,2,2,2
P000415,arithmetic,datasets\stage3_scaling\programs\P000415.c,datasets\stage3_scaling\miters\P000415_miter.c,"sec_val,pub_scale",sec_val,pub_scale,d226a46e26abb097facac27f9c98349cde0fd4038560426fe87371abda97329b,20,5,0,0,2,6,0,0,0,1,1,4,0,0,4,0,2,2,0,0.2667,0.0,0.0,0,0.0,1,1,2,3,0,2,2,2
P000416,arithmetic,datasets\stage3_scaling\programs\P000416.c,datasets\stage3_scaling\miters\P000416_miter.c,"sec_val,pub_scale",sec_val,pub_scale,392b6139e2805e521c74bc13d16dc5babd0367eec6bcc9d22280deafb6b1bda1,20,5,0,0,2,6,0,0,0,1,1,4,0,0,4,0,2,2,0,0.2667,0.0,0.0,0,0.0,1,1,2,3,0,2,2,2
P000417,arithmetic,datasets\stage3_scaling\programs\P000417.c,datasets\stage3_scaling\miters\P000417_miter.c,"sec_val,pub_scale",sec_val,pub_scale,e5d615fabadac6820d580c6252ed49ca00ce4b37dd07e1ff99c2ced5012d2182,20,5,0,0,2,6,0,0,0,1,1,4,0,0,4,0,2,2,0,0.2667,0.0,0.0,0,0.0,1,1,2,3,0,2,2,2
P000418,arithmetic,datasets\stage3_scaling\programs\P000418.c,datasets\stage3_scaling\miters\P000418_miter.c,"sec_val,pub_scale",sec_val,pub_scale,ba367c2fc0f24923510ecb513b76bef7351942c088b77c02f73417a08e2ad325,20,5,0,0,2,6,0,0,0,1,1,4,0,0,4,0,2,2,0,0.2667,0.0,0.0,0,0.0,1,1,2,3,0,2,2,2
P000419,arithmetic,datasets\stage3_scaling\programs\P000419.c,datasets\stage3_scaling\miters\P000419_miter.c,"sec_val,pub_scale",sec_val,pub_scale,4c498bc23933222ff73bb4ed664e1737ed12d71e9186b0a51617124f77e3cda9,20,5,0,0,2,6,0,0,0,1,1,4,0,0,4,0,2,2,0,0.2667,0.0,0.0,0,0.0,1,1,2,3,0,2,2,2
P000420,arithmetic,datasets\stage3_scaling\programs\P000420.c,datasets\stage3_scaling\miters\P000420_miter.c,"sec_val,pub_scale",sec_val,pub_scale,b3d7df5771221740eeff397b98a63fffaf3863ba321c991b0fe246174d62ecb9,20,5,0,0,2,6,0,0,0,1,1,4,0,0,4,0,2,2,0,0.2667,0.0,0.0,0,0.0,1,1,2,3,0,2,2,2
P000421,arithmetic,datasets\stage3_scaling\programs\P000421.c,datasets\stage3_scaling\miters\P000421_miter.c,"sec_val,pub_scale",sec_val,pub_scale,743ff156c379c1820576777a253eb08b4f9815725551cb8d02292cb169051fe1,20,5,0,0,2,6,0,0,0,1,1,4,0,0,4,0,2,2,0,0.2667,0.0,0.0,0,0.0,1,1,2,3,0,2,2,2
P000422,arithmetic,datasets\stage3_scaling\programs\P000422.c,datasets\stage3_scaling\miters\P000422_miter.c,"sec_val,pub_scale",sec_val,pub_scale,ceff0eac4460f722f26ce3f8c0892dcb9797ecf9844d79d09782fdf67874f50e,20,5,0,0,2,6,0,0,0,1,1,4,0,0,4,0,2,2,0,0.2667,0.0,0.0,0,0.0,1,1,2,3,0,2,2,2
P000423,arithmetic,datasets\stage3_scaling\programs\P000423.c,datasets\stage3_scaling\miters\P000423_miter.c,"sec_val,pub_scale",sec_val,pub_scale,3c8490de45f49199cd9f10a2bf650b7ab046b3d942eb86abbaab7e08b9ef8017,20,5,0,0,2,6,0,0,0,1,1,4,0,0,4,0,2,2,0,0.2667,0.0,0.0,0,0.0,1,1,2,3,0,2,2,2
P000424,arithmetic,datasets\stage3_scaling\programs\P000424.c,datasets\stage3_scaling\miters\P000424_miter.c,"sec_val,pub_scale",sec_val,pub_scale,095f94e510de1c8e766015271bafddf2c9e405226c3d57e1610f3b11fa5fe4ce,20,5,0,0,2,6,0,0,0,1,1,4,0,0,4,0,2,2,0,0.2667,0.0,0.0,0,0.0,1,1,2,3,0,2,2,2
P000425,arithmetic,datasets\stage3_scaling\programs\P000425.c,datasets\stage3_scaling\miters\P000425_miter.c,"sec_val,pub_scale",sec_val,pub_scale,948a883782381106d5c8a2aa55da74d4a3e48b69126faae863a1e4b9ed75132e,20,5,0,0,2,6,0,0,0,1,1,4,0,0,4,0,2,2,0,0.2667,0.0,0.0,0,0.0,1,1,2,3,0,2,2,2
P000426,arithmetic,datasets\stage3_scaling\programs\P000426.c,datasets\stage3_scaling\miters\P000426_miter.c,"sec_val,pub_scale",sec_val,pub_scale,adfe5d1a6a724dcdfe0fbc1a2dbb2bf8699eaa1f206fa01bf00639d66727374a,20,5,0,0,2,6,0,0,0,1,1,4,0,0,4,0,2,2,0,0.2667,0.0,0.0,0,0.0,1,1,2,3,0,2,2,2
P000427,arithmetic,datasets\stage3_scaling\programs\P000427.c,datasets\stage3_scaling\miters\P000427_miter.c,"sec_val,pub_scale",sec_val,pub_scale,69481972662e8cda7f6430dd1c93bf6473380b597997a75b9f5835edbbd69417,20,5,0,0,2,6,0,0,0,1,1,4,0,0,4,0,2,2,0,0.2667,0.0,0.0,0,0.0,1,1,2,3,0,2,2,2
P000428,arithmetic,datasets\stage3_scaling\programs\P000428.c,datasets\stage3_scaling\miters\P000428_miter.c,"sec_val,pub_scale",sec_val,pub_scale,c6e77f2a893ccccbf9a7b11adc5b0ae2f935b2b14c0fa307bbf9506b7ca76c2f,20,5,0,0,2,6,0,0,0,1,1,4,0,0,4,0,2,2,0,0.2667,0.0,0.0,0,0.0,1,1,2,3,0,2,2,2
P000429,arithmetic,datasets\stage3_scaling\programs\P000429.c,datasets\stage3_scaling\miters\P000429_miter.c,"sec_val,pub_scale",sec_val,pub_scale,87680c3fc5179505c86043091b84963891266a8d6ed70558deb2dbf5ef3eda16,20,5,0,0,2,6,0,0,0,1,1,4,0,0,4,0,2,2,0,0.2667,0.0,0.0,0,0.0,1,1,2,3,0,2,2,2
P000430,arithmetic,datasets\stage3_scaling\programs\P000430.c,datasets\stage3_scaling\miters\P000430_miter.c,"sec_val,pub_scale",sec_val,pub_scale,ff9b44264d84600a280db497354d0fe03218bb98812d30ec2fe4d98f570628ed,20,5,0,0,2,6,0,0,0,1,1,4,0,0,4,0,2,2,0,0.2667,0.0,0.0,0,0.0,1,1,2,3,0,2,2,2
P000431,arithmetic,datasets\stage3_scaling\programs\P000431.c,datasets\stage3_scaling\miters\P000431_miter.c,"sec_val,pub_scale",sec_val,pub_scale,536fee37f246a9012afb016e809e99426e767cc14309d01be68f53f6525f2a50,20,5,0,0,2,6,0,0,0,1,1,4,0,0,4,0,2,2,0,0.2667,0.0,0.0,0,0.0,1,1,2,3,0,2,2,2
P000432,arithmetic,datasets\stage3_scaling\programs\P000432.c,datasets\stage3_scaling\miters\P000432_miter.c,"sec_val,pub_scale",sec_val,pub_scale,75e68f21776a47d807ccb4464c2328f47a1329c12387c2c8d80712cedfef6d7d,20,5,0,0,2,6,0,0,0,1,1,4,0,0,4,0,2,2,0,0.2667,0.0,0.0,0,0.0,1,1,2,3,0,2,2,2
P000433,arithmetic,datasets\stage3_scaling\programs\P000433.c,datasets\stage3_scaling\miters\P000433_miter.c,"sec_val,pub_scale",sec_val,pub_scale,b256ef4b5e2523123ecf6415c3c11a5701ff5c63727dbfcb8764391d8e4e25fe,20,5,0,0,2,6,0,0,0,1,1,4,0,0,4,0,2,2,0,0.2667,0.0,0.0,0,0.0,1,1,2,3,0,2,2,2
P000434,arithmetic,datasets\stage3_scaling\programs\P000434.c,datasets\stage3_scaling\miters\P000434_miter.c,"sec_val,pub_scale",sec_val,pub_scale,d1acc0730fd6a5764638f0de8605a7f3b3500ec3fc8aed9d7d3380eabf66e6c0,20,5,0,0,2,6,0,0,0,1,1,4,0,0,4,0,2,2,0,0.2667,0.0,0.0,0,0.0,1,1,2,3,0,2,2,2
P000435,arithmetic,datasets\stage3_scaling\programs\P000435.c,datasets\stage3_scaling\miters\P000435_miter.c,"sec_val,pub_scale",sec_val,pub_scale,d297b2c471ce5b950b5dc789ea65fb12c7037c2175ffe70af735e23d200a5e9d,20,5,0,0,2,6,0,0,0,1,1,4,0,0,4,0,2,2,0,0.2667,0.0,0.0,0,0.0,1,1,2,3,0,2,2,2
P000436,arithmetic,datasets\stage3_scaling\programs\P000436.c,datasets\stage3_scaling\miters\P000436_miter.c,"sec_val,pub_scale",sec_val,pub_scale,048c18ade1472e75c0595228de9343997be2f71df55afc05bb97a0e93c17cad4,20,5,0,0,2,6,0,0,0,1,1,4,0,0,4,0,2,2,0,0.2667,0.0,0.0,0,0.0,1,1,2,3,0,2,2,2
P000437,arithmetic,datasets\stage3_scaling\programs\P000437.c,datasets\stage3_scaling\miters\P000437_miter.c,"sec_val,pub_scale",sec_val,pub_scale,a66327fd3da42744d8067868d613a6da2672ee04b12db5770273cf09e7be90c8,20,5,0,0,2,6,0,0,0,1,1,4,0,0,4,0,2,2,0,0.2667,0.0,0.0,0,0.0,1,1,2,3,0,2,2,2
P000438,arithmetic,datasets\stage3_scaling\programs\P000438.c,datasets\stage3_scaling\miters\P000438_miter.c,"sec_val,pub_scale",sec_val,pub_scale,5f84e760a98f3fa411a576c5d7549ef16cc7ca500c38f9dea8d6b274c2480196,20,5,0,0,2,6,0,0,0,1,1,4,0,0,4,0,2,2,0,0.2667,0.0,0.0,0,0.0,1,1,2,3,0,2,2,2
P000439,arithmetic,datasets\stage3_scaling\programs\P000439.c,datasets\stage3_scaling\miters\P000439_miter.c,"sec_val,pub_scale",sec_val,pub_scale,5cd6e2101c199de7d9d66870bf0428fe20c0f685025b36ceba9b60724b430ae5,20,5,0,0,2,6,0,0,0,1,1,4,0,0,4,0,2,2,0,0.2667,0.0,0.0,0,0.0,1,1,2,3,0,2,2,2
P000440,arithmetic,datasets\stage3_scaling\programs\P000440.c,datasets\stage3_scaling\miters\P000440_miter.c,"sec_val,pub_scale",sec_val,pub_scale,4fd6837735c7c0dd1c73f8a900ea48406642df2da46b2c79410dde89a2c6d299,20,5,0,0,2,6,0,0,0,1,1,4,0,0,4,0,2,2,0,0.2667,0.0,0.0,0,0.0,1,1,2,3,0,2,2,2
P000441,arithmetic,datasets\stage3_scaling\programs\P000441.c,datasets\stage3_scaling\miters\P000441_miter.c,"sec_val,pub_scale",sec_val,pub_scale,a5a6f5745045bbc6bd9df9fc8966f13251a8a5b67109bd51606c5ae1fa9c5bae,20,5,0,0,2,6,0,0,0,1,1,4,0,0,4,0,2,2,0,0.2667,0.0,0.0,0,0.0,1,1,2,3,0,2,2,2
P000442,arithmetic,datasets\stage3_scaling\programs\P000442.c,datasets\stage3_scaling\miters\P000442_miter.c,"sec_val,pub_scale",sec_val,pub_scale,a4859a635a075d3ff6c15150649d785aab0bf707e55bd4814e6fe0cfe49a4eb2,20,5,0,0,2,6,0,0,0,1,1,4,0,0,4,0,2,2,0,0.2667,0.0,0.0,0,0.0,1,1,2,3,0,2,2,2
P000443,arithmetic,datasets\stage3_scaling\programs\P000443.c,datasets\stage3_scaling\miters\P000443_miter.c,"sec_val,pub_scale",sec_val,pub_scale,4d3f6b518280d75604073d23484d30dfd2a9a80186eda0d7c96c14c2705140d0,20,5,0,0,2,6,0,0,0,1,1,4,0,0,4,0,2,2,0,0.2667,0.0,0.0,0,0.0,1,1,2,3,0,2,2,2
P000444,arithmetic,datasets\stage3_scaling\programs\P000444.c,datasets\stage3_scaling\miters\P000444_miter.c,"sec_val,pub_scale",sec_val,pub_scale,354ce006c1ca5f8b9cf0157ecd1c82018a4d209810163ee86427a99652fcfe34,20,5,0,0,2,6,0,0,0,1,1,4,0,0,4,0,2,2,0,0.2667,0.0,0.0,0,0.0,1,1,2,3,0,2,2,2
P000445,arithmetic,datasets\stage3_scaling\programs\P000445.c,datasets\stage3_scaling\miters\P000445_miter.c,"sec_val,pub_scale",sec_val,pub_scale,6a19034cb25f57fea401c0959d967cc8b255979dd64452a30354c4b98c29e45d,20,5,0,0,2,6,0,0,0,1,1,4,0,0,4,0,2,2,0,0.2667,0.0,0.0,0,0.0,1,1,2,3,0,2,2,2
P000446,arithmetic,datasets\stage3_scaling\programs\P000446.c,datasets\stage3_scaling\miters\P000446_miter.c,"sec_val,pub_scale",sec_val,pub_scale,b5bd0285f872dd69863c4a66e6cbda8fd573ebd481f90f19f2c7035d5c738969,20,5,0,0,2,6,0,0,0,1,1,4,0,0,4,0,2,2,0,0.2667,0.0,0.0,0,0.0,1,1,2,3,0,2,2,2
P000447,arithmetic,datasets\stage3_scaling\programs\P000447.c,datasets\stage3_scaling\miters\P000447_miter.c,"sec_val,pub_scale",sec_val,pub_scale,645351ac587875a75edc07ee790bc7352cf34ceb644b590404f9d037cc2406e9,20,5,0,0,2,6,0,0,0,1,1,4,0,0,4,0,2,2,0,0.2667,0.0,0.0,0,0.0,1,1,2,3,0,2,2,2
P000448,arithmetic,datasets\stage3_scaling\programs\P000448.c,datasets\stage3_scaling\miters\P000448_miter.c,"sec_val,pub_scale",sec_val,pub_scale,18d7d4af2452d94e9f0e5bd1a2ab2e02e3534c9e1a6f4d86c7e29125e0db6b7c,20,5,0,0,2,6,0,0,0,1,1,4,0,0,4,0,2,2,0,0.2667,0.0,0.0,0,0.0,1,1,2,3,0,2,2,2
P000449,arithmetic,datasets\stage3_scaling\programs\P000449.c,datasets\stage3_scaling\miters\P000449_miter.c,"sec_val,pub_scale",sec_val,pub_scale,5e2b2de2eccc41afc468d3df7b013bd7f47b655e84c83a207fe76fa441d215e5,20,5,0,0,2,6,0,0,0,1,1,4,0,0,4,0,2,2,0,0.2667,0.0,0.0,0,0.0,1,1,2,3,0,2,2,2
P000450,arithmetic,datasets\stage3_scaling\programs\P000450.c,datasets\stage3_scaling\miters\P000450_miter.c,"sec_val,pub_scale",sec_val,pub_scale,0abb8329aa35e109e05e2c375edf2d34d2d93ac509cebd604196c30bfe7266b4,20,5,0,0,2,6,0,0,0,1,1,4,0,0,4,0,2,2,0,0.2667,0.0,0.0,0,0.0,1,1,2,3,0,2,2,2
P000451,arithmetic,datasets\stage3_scaling\programs\P000451.c,datasets\stage3_scaling\miters\P000451_miter.c,"sec_val,pub_scale",sec_val,pub_scale,14e57aeb765250bab82e1a8288c6f5141582e659f71cf0497f4cc51993f68dd5,20,5,0,0,2,6,0,0,0,1,1,4,0,0,4,0,2,2,0,0.2667,0.0,0.0,0,0.0,1,1,2,3,0,2,2,2
P000452,arithmetic,datasets\stage3_scaling\programs\P000452.c,datasets\stage3_scaling\miters\P000452_miter.c,"sec_val,pub_scale",sec_val,pub_scale,4029af39727c1e73270075db3eb900d9b043e635e105496e354a2a18c9c54167,20,5,0,0,2,6,0,0,0,1,1,4,0,0,4,0,2,2,0,0.2667,0.0,0.0,0,0.0,1,1,2,3,0,2,2,2
P000453,arithmetic,datasets\stage3_scaling\programs\P000453.c,datasets\stage3_scaling\miters\P000453_miter.c,"sec_val,pub_scale",sec_val,pub_scale,de5be9ac90e3c8c02bb8e5c7d709eeffead2d2a2eeda9881490aaee5e4df257d,20,5,0,0,2,6,0,0,0,1,1,4,0,0,4,0,2,2,0,0.2667,0.0,0.0,0,0.0,1,1,2,3,0,2,2,2
P000454,arithmetic,datasets\stage3_scaling\programs\P000454.c,datasets\stage3_scaling\miters\P000454_miter.c,"sec_val,pub_scale",sec_val,pub_scale,5480d1ce49114d0ed967a3d39d5c828eb019b4a322c932915deb6283eb44ecbf,20,5,0,0,2,6,0,0,0,1,1,4,0,0,4,0,2,2,0,0.2667,0.0,0.0,0,0.0,1,1,2,3,0,2,2,2
P000455,arithmetic,datasets\stage3_scaling\programs\P000455.c,datasets\stage3_scaling\miters\P000455_miter.c,"sec_val,pub_scale",sec_val,pub_scale,983d2953db1fb7ff8c43c065747fdd9af4029c78b01a6c35a571114c90d9db3e,20,5,0,0,2,6,0,0,0,1,1,4,0,0,4,0,2,2,0,0.2667,0.0,0.0,0,0.0,1,1,2,3,0,2,2,2
P000456,arithmetic,datasets\stage3_scaling\programs\P000456.c,datasets\stage3_scaling\miters\P000456_miter.c,"sec_val,pub_scale",sec_val,pub_scale,fd4049fb90001e8f7ee0e6b2c2aca04349aa55e8969d1cfc7c068db6dbbcbb42,20,5,0,0,2,6,0,0,0,1,1,4,0,0,4,0,2,2,0,0.2667,0.0,0.0,0,0.0,1,1,2,3,0,2,2,2
P000457,arithmetic,datasets\stage3_scaling\programs\P000457.c,datasets\stage3_scaling\miters\P000457_miter.c,"sec_val,pub_scale",sec_val,pub_scale,2694b0d263682469651dda39f19c1596f378eff6ec2e926c9e98e7a8404b1ae3,20,5,0,0,2,6,0,0,0,1,1,4,0,0,4,0,2,2,0,0.2667,0.0,0.0,0,0.0,1,1,2,3,0,2,2,2
P000458,arithmetic,datasets\stage3_scaling\programs\P000458.c,datasets\stage3_scaling\miters\P000458_miter.c,"sec_val,pub_scale",sec_val,pub_scale,8e6aee4bfb761b694e0ef1af219ab18691f6461d17bea222d16f642ca4988764,20,5,0,0,2,6,0,0,0,1,1,4,0,0,4,0,2,2,0,0.2667,0.0,0.0,0,0.0,1,1,2,3,0,2,2,2
P000459,arithmetic,datasets\stage3_scaling\programs\P000459.c,datasets\stage3_scaling\miters\P000459_miter.c,"sec_val,pub_scale",sec_val,pub_scale,e9b5ec96bf113d406f5299d44c61af8c9c00f5c89acec410ccd305d5288e89e5,20,5,0,0,2,6,0,0,0,1,1,4,0,0,4,0,2,2,0,0.2667,0.0,0.0,0,0.0,1,1,2,3,0,2,2,2
P000460,arithmetic,datasets\stage3_scaling\programs\P000460.c,datasets\stage3_scaling\miters\P000460_miter.c,"sec_val,pub_scale",sec_val,pub_scale,109d2631573e8129e15b2a4d311e81358e0c0b2ca62cd54ac1a1687c51e05298,20,5,0,0,2,6,0,0,0,1,1,4,0,0,4,0,2,2,0,0.2667,0.0,0.0,0,0.0,1,1,2,3,0,2,2,2
P000461,arithmetic,datasets\stage3_scaling\programs\P000461.c,datasets\stage3_scaling\miters\P000461_miter.c,"sec_val,pub_scale",sec_val,pub_scale,ef5dddcc4fb6e62ca12cda4aa9c4238b9c200770f3c9062f0bca540530fb29c5,20,5,0,0,2,6,0,0,0,1,1,4,0,0,4,0,2,2,0,0.2667,0.0,0.0,0,0.0,1,1,2,3,0,2,2,2
P000462,arithmetic,datasets\stage3_scaling\programs\P000462.c,datasets\stage3_scaling\miters\P000462_miter.c,"sec_val,pub_scale",sec_val,pub_scale,de3153b9b59c0847d99c1bb9e6a5362c4929b379b3e255d578d839b4909bf8ee,20,5,0,0,2,6,0,0,0,1,1,4,0,0,4,0,2,2,0,0.2667,0.0,0.0,0,0.0,1,1,2,3,0,2,2,2
P000463,arithmetic,datasets\stage3_scaling\programs\P000463.c,datasets\stage3_scaling\miters\P000463_miter.c,"sec_val,pub_scale",sec_val,pub_scale,a3ce06b577948453abcea2b5fc615077d52d1120cbdb90a8b5ced2708a464cb4,20,5,0,0,2,6,0,0,0,1,1,4,0,0,4,0,2,2,0,0.2667,0.0,0.0,0,0.0,1,1,2,3,0,2,2,2
P000464,arithmetic,datasets\stage3_scaling\programs\P000464.c,datasets\stage3_scaling\miters\P000464_miter.c,"sec_val,pub_scale",sec_val,pub_scale,e5988ada20e54e49fc6eb5c114f9d4599c04e5480d5048ab49d44826a1f55fa7,20,5,0,0,2,6,0,0,0,1,1,4,0,0,4,0,2,2,0,0.2667,0.0,0.0,0,0.0,1,1,2,3,0,2,2,2
P000465,arithmetic,datasets\stage3_scaling\programs\P000465.c,datasets\stage3_scaling\miters\P000465_miter.c,"sec_val,pub_scale",sec_val,pub_scale,a9ecd1f60139dcc66b2caffc09aa8648c82e85569e43696665557e784a85ba4d,20,5,0,0,2,6,0,0,0,1,1,4,0,0,4,0,2,2,0,0.2667,0.0,0.0,0,0.0,1,1,2,3,0,2,2,2
P000466,arithmetic,datasets\stage3_scaling\programs\P000466.c,datasets\stage3_scaling\miters\P000466_miter.c,"sec_val,pub_scale",sec_val,pub_scale,b7305736d582ad8e802b571d2eaa8555ce2d64affef20f45c88e33d19bf39b7d,20,5,0,0,2,6,0,0,0,1,1,4,0,0,4,0,2,2,0,0.2667,0.0,0.0,0,0.0,1,1,2,3,0,2,2,2
P000467,arithmetic,datasets\stage3_scaling\programs\P000467.c,datasets\stage3_scaling\miters\P000467_miter.c,"sec_val,pub_scale",sec_val,pub_scale,353a4827685e75a13a94ccdb2222b6d463d5766cbe435c183424e7a7fb9cfe7b,20,5,0,0,2,6,0,0,0,1,1,4,0,0,4,0,2,2,0,0.2667,0.0,0.0,0,0.0,1,1,2,3,0,2,2,2
P000468,arithmetic,datasets\stage3_scaling\programs\P000468.c,datasets\stage3_scaling\miters\P000468_miter.c,"sec_val,pub_scale",sec_val,pub_scale,8168799a5da2059665e29164ac1ed799f1e4c4067d8478b67f5d3d4bcdaa603a,20,5,0,0,2,6,0,0,0,1,1,4,0,0,4,0,2,2,0,0.2667,0.0,0.0,0,0.0,1,1,2,3,0,2,2,2
P000469,arithmetic,datasets\stage3_scaling\programs\P000469.c,datasets\stage3_scaling\miters\P000469_miter.c,"sec_val,pub_scale",sec_val,pub_scale,a15e91d85f0c5723389e3d2e5f33db63e4f76fc5be12a26504249f483ad7b8b3,20,5,0,0,2,6,0,0,0,1,1,4,0,0,4,0,2,2,0,0.2667,0.0,0.0,0,0.0,1,1,2,3,0,2,2,2
P000470,arithmetic,datasets\stage3_scaling\programs\P000470.c,datasets\stage3_scaling\miters\P000470_miter.c,"sec_val,pub_scale",sec_val,pub_scale,fd53dcd6bb5745bfb6b2090bdc0602411249fd86c9aa722322cecfda267cdb92,20,5,0,0,2,6,0,0,0,1,1,4,0,0,4,0,2,2,0,0.2667,0.0,0.0,0,0.0,1,1,2,3,0,2,2,2
P000471,arithmetic,datasets\stage3_scaling\programs\P000471.c,datasets\stage3_scaling\miters\P000471_miter.c,"sec_val,pub_scale",sec_val,pub_scale,1d98b3207fcc0b9e68e71e0669aab19f1a428bf83d696c3e9086196abe01d119,20,5,0,0,2,6,0,0,0,1,1,4,0,0,4,0,2,2,0,0.2667,0.0,0.0,0,0.0,1,1,2,3,0,2,2,2
P000472,arithmetic,datasets\stage3_scaling\programs\P000472.c,datasets\stage3_scaling\miters\P000472_miter.c,"sec_val,pub_scale",sec_val,pub_scale,9a4d46545960dfeef02f98fefbb29d61739ec696328f4c33f09084253c25df62,20,5,0,0,2,6,0,0,0,1,1,4,0,0,4,0,2,2,0,0.2667,0.0,0.0,0,0.0,1,1,2,3,0,2,2,2
P000473,arithmetic,datasets\stage3_scaling\programs\P000473.c,datasets\stage3_scaling\miters\P000473_miter.c,"sec_val,pub_scale",sec_val,pub_scale,126de61fbcb59bb3549e26309776ab363ba461cf3225ac76d87eac9053433a32,20,5,0,0,2,6,0,0,0,1,1,4,0,0,4,0,2,2,0,0.2667,0.0,0.0,0,0.0,1,1,2,3,0,2,2,2
P000474,arithmetic,datasets\stage3_scaling\programs\P000474.c,datasets\stage3_scaling\miters\P000474_miter.c,"sec_val,pub_scale",sec_val,pub_scale,76b714a81b195e83edaa40c4181b454fadb185e6a0b1386b657ddf261b4d35f0,20,5,0,0,2,6,0,0,0,1,1,4,0,0,4,0,2,2,0,0.2667,0.0,0.0,0,0.0,1,1,2,3,0,2,2,2
P000475,arithmetic,datasets\stage3_scaling\programs\P000475.c,datasets\stage3_scaling\miters\P000475_miter.c,"sec_val,pub_scale",sec_val,pub_scale,8bfb0bc25c775865f5eeb0f906778642e15e20a9eac668762f6974edfbd5e37f,20,5,0,0,2,6,0,0,0,1,1,4,0,0,4,0,2,2,0,0.2667,0.0,0.0,0,0.0,1,1,2,3,0,2,2,2
P000476,arithmetic,datasets\stage3_scaling\programs\P000476.c,datasets\stage3_scaling\miters\P000476_miter.c,"sec_val,pub_scale",sec_val,pub_scale,20857e2c904d32895d15726fc02a2b3487575d8a2a5bc56d65d167dfef2190fc,20,5,0,0,2,6,0,0,0,1,1,4,0,0,4,0,2,2,0,0.2667,0.0,0.0,0,0.0,1,1,2,3,0,2,2,2
P000477,arithmetic,datasets\stage3_scaling\programs\P000477.c,datasets\stage3_scaling\miters\P000477_miter.c,"sec_val,pub_scale",sec_val,pub_scale,c338654d6c34fed1f23a4ca2b6b80b16d28b5cebc32f30280ce47c1c389214ec,20,5,0,0,2,6,0,0,0,1,1,4,0,0,4,0,2,2,0,0.2667,0.0,0.0,0,0.0,1,1,2,3,0,2,2,2
P000478,arithmetic,datasets\stage3_scaling\programs\P000478.c,datasets\stage3_scaling\miters\P000478_miter.c,"sec_val,pub_scale",sec_val,pub_scale,9bac416929d42942793909a1d53926f0c695a0147f061ab7e3dc317d9070ffe2,20,5,0,0,2,6,0,0,0,1,1,4,0,0,4,0,2,2,0,0.2667,0.0,0.0,0,0.0,1,1,2,3,0,2,2,2
P000479,arithmetic,datasets\stage3_scaling\programs\P000479.c,datasets\stage3_scaling\miters\P000479_miter.c,"sec_val,pub_scale",sec_val,pub_scale,d0204ffec86bec42f06e46b019053f6ec34ad81cfd41e94030c02d734b03e06b,20,5,0,0,2,6,0,0,0,1,1,4,0,0,4,0,2,2,0,0.2667,0.0,0.0,0,0.0,1,1,2,3,0,2,2,2
P000480,arithmetic,datasets\stage3_scaling\programs\P000480.c,datasets\stage3_scaling\miters\P000480_miter.c,"sec_val,pub_scale",sec_val,pub_scale,b3575c08cd3ad7352bbd91c5424f2ba46c17a0f89a9406e0433771e339a3d412,20,5,0,0,2,6,0,0,0,1,1,4,0,0,4,0,2,2,0,0.2667,0.0,0.0,0,0.0,1,1,2,3,0,2,2,2
P000481,arithmetic,datasets\stage3_scaling\programs\P000481.c,datasets\stage3_scaling\miters\P000481_miter.c,"sec_val,pub_scale",sec_val,pub_scale,1ce1062f4f200ee77e478e387d7b7e32a5f47a3b369dd6931d50401d370a3e59,20,5,0,0,2,6,0,0,0,1,1,4,0,0,4,0,2,2,0,0.2667,0.0,0.0,0,0.0,1,1,2,3,0,2,2,2
P000482,arithmetic,datasets\stage3_scaling\programs\P000482.c,datasets\stage3_scaling\miters\P000482_miter.c,"sec_val,pub_scale",sec_val,pub_scale,95efcb692772e9bdb5c203c8e2d98a99d2863c14387401b5b04e4a6fe340e051,20,5,0,0,2,6,0,0,0,1,1,4,0,0,4,0,2,2,0,0.2667,0.0,0.0,0,0.0,1,1,2,3,0,2,2,2
P000483,arithmetic,datasets\stage3_scaling\programs\P000483.c,datasets\stage3_scaling\miters\P000483_miter.c,"sec_val,pub_scale",sec_val,pub_scale,912c74190928e82cd37a1b3fe951a980e0fa4e4499863e9b01c31b14ff54b455,20,5,0,0,2,6,0,0,0,1,1,4,0,0,4,0,2,2,0,0.2667,0.0,0.0,0,0.0,1,1,2,3,0,2,2,2
P000484,arithmetic,datasets\stage3_scaling\programs\P000484.c,datasets\stage3_scaling\miters\P000484_miter.c,"sec_val,pub_scale",sec_val,pub_scale,f6bdae79e10777793d524f53a1962d162129e67979b550b2402308cd8af95ca6,20,5,0,0,2,6,0,0,0,1,1,4,0,0,4,0,2,2,0,0.2667,0.0,0.0,0,0.0,1,1,2,3,0,2,2,2
P000485,arithmetic,datasets\stage3_scaling\programs\P000485.c,datasets\stage3_scaling\miters\P000485_miter.c,"sec_val,pub_scale",sec_val,pub_scale,e66fdd64924f14de5452fbd0d892a126cdbef56d439e0c88d1ffdb2f50b0cf3e,20,5,0,0,2,6,0,0,0,1,1,4,0,0,4,0,2,2,0,0.2667,0.0,0.0,0,0.0,1,1,2,3,0,2,2,2
P000486,arithmetic,datasets\stage3_scaling\programs\P000486.c,datasets\stage3_scaling\miters\P000486_miter.c,"sec_val,pub_scale",sec_val,pub_scale,9b0892f99809399b1f858179f441c55e11ea5d5a5fa1100e3c7b490af29b799e,20,5,0,0,2,6,0,0,0,1,1,4,0,0,4,0,2,2,0,0.2667,0.0,0.0,0,0.0,1,1,2,3,0,2,2,2
P000487,arithmetic,datasets\stage3_scaling\programs\P000487.c,datasets\stage3_scaling\miters\P000487_miter.c,"sec_val,pub_scale",sec_val,pub_scale,1b377948b8ba6deea3a0b5996628012ac9255831559501ba4d0b1582e41ead32,20,5,0,0,2,6,0,0,0,1,1,4,0,0,4,0,2,2,0,0.2667,0.0,0.0,0,0.0,1,1,2,3,0,2,2,2
P000488,arithmetic,datasets\stage3_scaling\programs\P000488.c,datasets\stage3_scaling\miters\P000488_miter.c,"sec_val,pub_scale",sec_val,pub_scale,78bea2d8924d0ae58f947802dbfb6ef7aa3b6d77b4a8b5fca6fcc5921bbe3cd0,20,5,0,0,2,6,0,0,0,1,1,4,0,0,4,0,2,2,0,0.2667,0.0,0.0,0,0.0,1,1,2,3,0,2,2,2
P000489,arithmetic,datasets\stage3_scaling\programs\P000489.c,datasets\stage3_scaling\miters\P000489_miter.c,"sec_val,pub_scale",sec_val,pub_scale,bc9c06eef293b189e09b031e972a3e1452de31660325f793bb5a8848d5c96f82,20,5,0,0,2,6,0,0,0,1,1,4,0,0,4,0,2,2,0,0.2667,0.0,0.0,0,0.0,1,1,2,3,0,2,2,2
P000490,arithmetic,datasets\stage3_scaling\programs\P000490.c,datasets\stage3_scaling\miters\P000490_miter.c,"sec_val,pub_scale",sec_val,pub_scale,149f12fcbca321913742e33b20c0e6a51e9149a459c18836a72dec1f069f3906,20,5,0,0,2,6,0,0,0,1,1,4,0,0,4,0,2,2,0,0.2667,0.0,0.0,0,0.0,1,1,2,3,0,2,2,2
P000491,arithmetic,datasets\stage3_scaling\programs\P000491.c,datasets\stage3_scaling\miters\P000491_miter.c,"sec_val,pub_scale",sec_val,pub_scale,38ee72231b7eabee7b73459d487d4023583f4f045f19695b29671cb49dde4a8d,20,5,0,0,2,6,0,0,0,1,1,4,0,0,4,0,2,2,0,0.2667,0.0,0.0,0,0.0,1,1,2,3,0,2,2,2
P000492,arithmetic,datasets\stage3_scaling\programs\P000492.c,datasets\stage3_scaling\miters\P000492_miter.c,"sec_val,pub_scale",sec_val,pub_scale,4c27de34ceadf5b46a55115ddfd28f8874afc577e5c05857bd4fc67617497706,20,5,0,0,2,6,0,0,0,1,1,4,0,0,4,0,2,2,0,0.2667,0.0,0.0,0,0.0,1,1,2,3,0,2,2,2
P000493,arithmetic,datasets\stage3_scaling\programs\P000493.c,datasets\stage3_scaling\miters\P000493_miter.c,"sec_val,pub_scale",sec_val,pub_scale,1d14bd493c0786a5fa7c47d1ce529478919bb1f59beeeb9ff7fc62453084889f,20,5,0,0,2,6,0,0,0,1,1,4,0,0,4,0,2,2,0,0.2667,0.0,0.0,0,0.0,1,1,2,3,0,2,2,2
P000494,arithmetic,datasets\stage3_scaling\programs\P000494.c,datasets\stage3_scaling\miters\P000494_miter.c,"sec_val,pub_scale",sec_val,pub_scale,007fdd628a1a150033ab75a54dfb8d0f1cf1ed1ff9812fcc1d9b99f50aa96e89,20,5,0,0,2,6,0,0,0,1,1,4,0,0,4,0,2,2,0,0.2667,0.0,0.0,0,0.0,1,1,2,3,0,2,2,2
P000495,arithmetic,datasets\stage3_scaling\programs\P000495.c,datasets\stage3_scaling\miters\P000495_miter.c,"sec_val,pub_scale",sec_val,pub_scale,85a83d799cab055d9e4e3e6f81911ed5fd81ce893dbcf44e958442823bcd1c9f,20,5,0,0,2,6,0,0,0,1,1,4,0,0,4,0,2,2,0,0.2667,0.0,0.0,0,0.0,1,1,2,3,0,2,2,2
P000496,arithmetic,datasets\stage3_scaling\programs\P000496.c,datasets\stage3_scaling\miters\P000496_miter.c,"sec_val,pub_scale",sec_val,pub_scale,4757de7a5ea746ab8a22961c8e0cea87f73f79473e8b1353bbb79412b4f424a9,20,5,0,0,2,6,0,0,0,1,1,4,0,0,4,0,2,2,0,0.2667,0.0,0.0,0,0.0,1,1,2,3,0,2,2,2
P000497,arithmetic,datasets\stage3_scaling\programs\P000497.c,datasets\stage3_scaling\miters\P000497_miter.c,"sec_val,pub_scale",sec_val,pub_scale,81ca190f28b7e745e05f6fca1eebf5338b9e9e8239135331891e25eac5df0f30,20,5,0,0,2,6,0,0,0,1,1,4,0,0,4,0,2,2,0,0.2667,0.0,0.0,0,0.0,1,1,2,3,0,2,2,2
P000498,arithmetic,datasets\stage3_scaling\programs\P000498.c,datasets\stage3_scaling\miters\P000498_miter.c,"sec_val,pub_scale",sec_val,pub_scale,6d57e5f05d55723c5c283798784b5eb049a118a50bacd4156988172525f3e7d4,20,5,0,0,2,6,0,0,0,1,1,4,0,0,4,0,2,2,0,0.2667,0.0,0.0,0,0.0,1,1,2,3,0,2,2,2
P000499,arithmetic,datasets\stage3_scaling\programs\P000499.c,datasets\stage3_scaling\miters\P000499_miter.c,"sec_val,pub_scale",sec_val,pub_scale,74b2dac469f287bdad4784d4e7e328cf17a46559e13e263eeebd7e9a2f87d96a,20,5,0,0,2,6,0,0,0,1,1,4,0,0,4,0,2,2,0,0.2667,0.0,0.0,0,0.0,1,1,2,3,0,2,2,2
P000500,arithmetic,datasets\stage3_scaling\programs\P000500.c,datasets\stage3_scaling\miters\P000500_miter.c,"sec_val,pub_scale",sec_val,pub_scale,2f02b08d831c8e8ff9657d6c3063550e1c1dc7dff1c7f2efc210e6d014b84b0c,20,5,0,0,2,6,0,0,0,1,1,4,0,0,4,0,2,2,0,0.2667,0.0,0.0,0,0.0,1,1,2,3,0,2,2,2
P000501,bitwise,datasets\stage3_scaling\programs\P000501.c,datasets\stage3_scaling\miters\P000501_miter.c,"sec_token,pub_nonce",sec_token,pub_nonce,258d40583d999f7a00f8a31da4c544bfe21bb00550b82790bed704bacf26e522,21,5,0,0,2,7,0,0,0,1,1,7,0,0,7,0,2,3,0,0.3889,0.0,0.0,0,0.0,1,1,3,4,7,3,3,3
P000502,bitwise,datasets\stage3_scaling\programs\P000502.c,datasets\stage3_scaling\miters\P000502_miter.c,"sec_token,pub_nonce",sec_token,pub_nonce,bf3af337146c3606f392073991b854f0afe5b6c4b4fc1e60bf19e78ebb363f1b,21,5,0,0,2,7,0,0,0,1,1,7,0,0,7,0,2,3,0,0.3889,0.0,0.0,0,0.0,1,1,3,4,7,3,3,3
P000503,bitwise,datasets\stage3_scaling\programs\P000503.c,datasets\stage3_scaling\miters\P000503_miter.c,"sec_token,pub_nonce",sec_token,pub_nonce,40185a88df341609120187b4a950a2e88d3ba6df577b635ebbf293c4c00b48af,21,5,0,0,2,7,0,0,0,1,1,7,0,0,7,0,2,3,0,0.3889,0.0,0.0,0,0.0,1,1,3,4,7,3,3,3
P000504,bitwise,datasets\stage3_scaling\programs\P000504.c,datasets\stage3_scaling\miters\P000504_miter.c,"sec_token,pub_nonce",sec_token,pub_nonce,74380cb8df7be0f4ca2d37830abb691415ce23235000275eee28c706a3f31981,21,5,0,0,2,7,0,0,0,1,1,7,0,0,7,0,2,3,0,0.3889,0.0,0.0,0,0.0,1,1,3,4,7,3,3,3
P000505,bitwise,datasets\stage3_scaling\programs\P000505.c,datasets\stage3_scaling\miters\P000505_miter.c,"sec_token,pub_nonce",sec_token,pub_nonce,4f5779bf47dff9c240130124e9685eda743f14090c8868d6625a7ed37563d200,21,5,0,0,2,7,0,0,0,1,1,7,0,0,7,0,2,3,0,0.3889,0.0,0.0,0,0.0,1,1,3,4,7,3,3,3
P000506,bitwise,datasets\stage3_scaling\programs\P000506.c,datasets\stage3_scaling\miters\P000506_miter.c,"sec_token,pub_nonce",sec_token,pub_nonce,a6d2723585e915c518e0aedf28f01adc4a1b2cb5de496c0a168da465eb177dd5,21,5,0,0,2,7,0,0,0,1,1,7,0,0,7,0,2,3,0,0.3889,0.0,0.0,0,0.0,1,1,3,4,7,3,3,3
P000507,bitwise,datasets\stage3_scaling\programs\P000507.c,datasets\stage3_scaling\miters\P000507_miter.c,"sec_token,pub_nonce",sec_token,pub_nonce,d8eb57ffe2d680d37a1b29580eaec6e22bec4b22bfb20fc5d7a31fe94e86764a,21,5,0,0,2,7,0,0,0,1,1,7,0,0,7,0,2,3,0,0.3889,0.0,0.0,0,0.0,1,1,3,4,7,3,3,3
P000508,bitwise,datasets\stage3_scaling\programs\P000508.c,datasets\stage3_scaling\miters\P000508_miter.c,"sec_token,pub_nonce",sec_token,pub_nonce,6b8335e442f1e3a596879cc2e064102d383fa34f9167f90e0482394d0207c970,21,5,0,0,2,7,0,0,0,1,1,7,0,0,7,0,2,3,0,0.3889,0.0,0.0,0,0.0,1,1,3,4,7,3,3,3
P000509,bitwise,datasets\stage3_scaling\programs\P000509.c,datasets\stage3_scaling\miters\P000509_miter.c,"sec_token,pub_nonce",sec_token,pub_nonce,fe17f760074b87e22e4faa9c727d22c50dde78c00cd1d5be32d8cc60af81bb5c,21,5,0,0,2,7,0,0,0,1,1,7,0,0,7,0,2,3,0,0.3889,0.0,0.0,0,0.0,1,1,3,4,7,3,3,3
P000510,bitwise,datasets\stage3_scaling\programs\P000510.c,datasets\stage3_scaling\miters\P000510_miter.c,"sec_token,pub_nonce",sec_token,pub_nonce,377b5eb285ec7f00995f4e41e3b8e63f5aad8e8691d5b6124442f1618d78f48f,21,5,0,0,2,7,0,0,0,1,1,7,0,0,7,0,2,3,0,0.3889,0.0,0.0,0,0.0,1,1,3,4,7,3,3,3
P000511,bitwise,datasets\stage3_scaling\programs\P000511.c,datasets\stage3_scaling\miters\P000511_miter.c,"sec_token,pub_nonce",sec_token,pub_nonce,8aaa6ae90e564b80fd236da7885a41e35589d5f5096b8f052eada8ca18d932f3,21,5,0,0,2,7,0,0,0,1,1,7,0,0,7,0,2,3,0,0.3889,0.0,0.0,0,0.0,1,1,3,4,7,3,3,3
P000512,bitwise,datasets\stage3_scaling\programs\P000512.c,datasets\stage3_scaling\miters\P000512_miter.c,"sec_token,pub_nonce",sec_token,pub_nonce,614f91883c63a440c222e42ceb13e09abc1270b4b1e2ee34040f65465e1df920,21,5,0,0,2,7,0,0,0,1,1,7,0,0,7,0,2,3,0,0.3889,0.0,0.0,0,0.0,1,1,3,4,7,3,3,3
P000513,bitwise,datasets\stage3_scaling\programs\P000513.c,datasets\stage3_scaling\miters\P000513_miter.c,"sec_token,pub_nonce",sec_token,pub_nonce,f4ffcb1a616f46ea59fa45638d468a114755863d5e69ffc338d5d8369f9bea84,21,5,0,0,2,7,0,0,0,1,1,7,0,0,7,0,2,3,0,0.3889,0.0,0.0,0,0.0,1,1,3,4,7,3,3,3
P000514,bitwise,datasets\stage3_scaling\programs\P000514.c,datasets\stage3_scaling\miters\P000514_miter.c,"sec_token,pub_nonce",sec_token,pub_nonce,c1aa28443bf2b6ab66c6a98957ac252e0ecbf974ec16fec4896cbfb4af07bdb6,21,5,0,0,2,7,0,0,0,1,1,7,0,0,7,0,2,3,0,0.3889,0.0,0.0,0,0.0,1,1,3,4,7,3,3,3
P000515,bitwise,datasets\stage3_scaling\programs\P000515.c,datasets\stage3_scaling\miters\P000515_miter.c,"sec_token,pub_nonce",sec_token,pub_nonce,b01ff491cf5f177985fa450a5c90e894e488666c3cbf592a3144084dfe1ca498,21,5,0,0,2,7,0,0,0,1,1,7,0,0,7,0,2,3,0,0.3889,0.0,0.0,0,0.0,1,1,3,4,7,3,3,3
P000516,bitwise,datasets\stage3_scaling\programs\P000516.c,datasets\stage3_scaling\miters\P000516_miter.c,"sec_token,pub_nonce",sec_token,pub_nonce,52c46c6e545e73bdb2c8561e31407938eda14aa4c8c87f80e0261f9833e6bea8,21,5,0,0,2,7,0,0,0,1,1,7,0,0,7,0,2,3,0,0.3889,0.0,0.0,0,0.0,1,1,3,4,7,3,3,3
P000517,bitwise,datasets\stage3_scaling\programs\P000517.c,datasets\stage3_scaling\miters\P000517_miter.c,"sec_token,pub_nonce",sec_token,pub_nonce,c7b77ac5b040e363867b973bef75d2c03597dcd5267e8fab3788791e12d4ee87,21,5,0,0,2,7,0,0,0,1,1,7,0,0,7,0,2,3,0,0.3889,0.0,0.0,0,0.0,1,1,3,4,7,3,3,3
P000518,bitwise,datasets\stage3_scaling\programs\P000518.c,datasets\stage3_scaling\miters\P000518_miter.c,"sec_token,pub_nonce",sec_token,pub_nonce,415129e9471731021609a955f285200db4e1d43f323bbed356c8bc7d7a1aa3cd,21,5,0,0,2,7,0,0,0,1,1,7,0,0,7,0,2,3,0,0.3889,0.0,0.0,0,0.0,1,1,3,4,7,3,3,3
P000519,bitwise,datasets\stage3_scaling\programs\P000519.c,datasets\stage3_scaling\miters\P000519_miter.c,"sec_token,pub_nonce",sec_token,pub_nonce,ed339baed78f309244e7ec93d69e7825c8511e45bfb7d87f05fe0fcb80ad9968,21,5,0,0,2,7,0,0,0,1,1,7,0,0,7,0,2,3,0,0.3889,0.0,0.0,0,0.0,1,1,3,4,7,3,3,3
P000520,bitwise,datasets\stage3_scaling\programs\P000520.c,datasets\stage3_scaling\miters\P000520_miter.c,"sec_token,pub_nonce",sec_token,pub_nonce,e74faeb83cf6e5afb47649b5895ba64c100d528a2860c0a7cc1b3707ee083a0b,21,5,0,0,2,7,0,0,0,1,1,7,0,0,7,0,2,3,0,0.3889,0.0,0.0,0,0.0,1,1,3,4,7,3,3,3
P000521,bitwise,datasets\stage3_scaling\programs\P000521.c,datasets\stage3_scaling\miters\P000521_miter.c,"sec_token,pub_nonce",sec_token,pub_nonce,90896fca92972492d07ca4d6027ce828b8df48b2ecb7c8f6a3ce2970cfa9a5ab,21,5,0,0,2,7,0,0,0,1,1,7,0,0,7,0,2,3,0,0.3889,0.0,0.0,0,0.0,1,1,3,4,7,3,3,3
P000522,bitwise,datasets\stage3_scaling\programs\P000522.c,datasets\stage3_scaling\miters\P000522_miter.c,"sec_token,pub_nonce",sec_token,pub_nonce,8a4fbfa2ac87abe9653c8f675b59d5245f47330a306870a40484ec62145357e5,21,5,0,0,2,7,0,0,0,1,1,7,0,0,7,0,2,3,0,0.3889,0.0,0.0,0,0.0,1,1,3,4,7,3,3,3
P000523,bitwise,datasets\stage3_scaling\programs\P000523.c,datasets\stage3_scaling\miters\P000523_miter.c,"sec_token,pub_nonce",sec_token,pub_nonce,997ac490260d604a4ee45472c4b7f8674d266df4f9953b2b3caf58e8f40a539a,21,5,0,0,2,7,0,0,0,1,1,7,0,0,7,0,2,3,0,0.3889,0.0,0.0,0,0.0,1,1,3,4,7,3,3,3
P000524,bitwise,datasets\stage3_scaling\programs\P000524.c,datasets\stage3_scaling\miters\P000524_miter.c,"sec_token,pub_nonce",sec_token,pub_nonce,dfc3fa36241de352ee82c39a85350c7f48a1f31f2c986a31f668619d80d350dc,21,5,0,0,2,7,0,0,0,1,1,7,0,0,7,0,2,3,0,0.3889,0.0,0.0,0,0.0,1,1,3,4,7,3,3,3
P000525,bitwise,datasets\stage3_scaling\programs\P000525.c,datasets\stage3_scaling\miters\P000525_miter.c,"sec_token,pub_nonce",sec_token,pub_nonce,7da603326932c10a6a90f2b9f6da9ec2599b991ec46867922e233f1f7225daf8,21,5,0,0,2,7,0,0,0,1,1,7,0,0,7,0,2,3,0,0.3889,0.0,0.0,0,0.0,1,1,3,4,7,3,3,3
P000526,bitwise,datasets\stage3_scaling\programs\P000526.c,datasets\stage3_scaling\miters\P000526_miter.c,"sec_token,pub_nonce",sec_token,pub_nonce,6cf89e01180c4f0f711cdf4baa202b95262ad5e47ff5e050f3c04bda9a689632,21,5,0,0,2,7,0,0,0,1,1,7,0,0,7,0,2,3,0,0.3889,0.0,0.0,0,0.0,1,1,3,4,7,3,3,3
P000527,bitwise,datasets\stage3_scaling\programs\P000527.c,datasets\stage3_scaling\miters\P000527_miter.c,"sec_token,pub_nonce",sec_token,pub_nonce,00c10efcc670497d37c117616e388bccc2c3161c8c8a771ad238178eda5b73ee,21,5,0,0,2,7,0,0,0,1,1,7,0,0,7,0,2,3,0,0.3889,0.0,0.0,0,0.0,1,1,3,4,7,3,3,3
P000528,bitwise,datasets\stage3_scaling\programs\P000528.c,datasets\stage3_scaling\miters\P000528_miter.c,"sec_token,pub_nonce",sec_token,pub_nonce,713dac7b8046c9bfcac3dd7009752160f17c5e02448a12f689867b6f88cf4cd2,21,5,0,0,2,7,0,0,0,1,1,7,0,0,7,0,2,3,0,0.3889,0.0,0.0,0,0.0,1,1,3,4,7,3,3,3
P000529,bitwise,datasets\stage3_scaling\programs\P000529.c,datasets\stage3_scaling\miters\P000529_miter.c,"sec_token,pub_nonce",sec_token,pub_nonce,15cb74a11c038c8438687d6f18c21fbd38ec3ab18156c7942c2aafbc71a68859,21,5,0,0,2,7,0,0,0,1,1,7,0,0,7,0,2,3,0,0.3889,0.0,0.0,0,0.0,1,1,3,4,7,3,3,3
P000530,bitwise,datasets\stage3_scaling\programs\P000530.c,datasets\stage3_scaling\miters\P000530_miter.c,"sec_token,pub_nonce",sec_token,pub_nonce,6f27d044e096d8c8d065c33672b04760c18a473c882289e63dfc0deefc1d3243,21,5,0,0,2,7,0,0,0,1,1,7,0,0,7,0,2,3,0,0.3889,0.0,0.0,0,0.0,1,1,3,4,7,3,3,3
P000531,bitwise,datasets\stage3_scaling\programs\P000531.c,datasets\stage3_scaling\miters\P000531_miter.c,"sec_token,pub_nonce",sec_token,pub_nonce,2b37d6915c4dfdaa5e473b80f666b7b389d1f6f81a1cd854dbae61f6bc91e712,21,5,0,0,2,7,0,0,0,1,1,7,0,0,7,0,2,3,0,0.3889,0.0,0.0,0,0.0,1,1,3,4,7,3,3,3
P000532,bitwise,datasets\stage3_scaling\programs\P000532.c,datasets\stage3_scaling\miters\P000532_miter.c,"sec_token,pub_nonce",sec_token,pub_nonce,57885c1a081b4f8f01e531e67ce2245fc98f00837c13ca6fae45c114b0f05c14,21,5,0,0,2,7,0,0,0,1,1,7,0,0,7,0,2,3,0,0.3889,0.0,0.0,0,0.0,1,1,3,4,7,3,3,3
P000533,bitwise,datasets\stage3_scaling\programs\P000533.c,datasets\stage3_scaling\miters\P000533_miter.c,"sec_token,pub_nonce",sec_token,pub_nonce,d79160518344d205b8eb8cd8b25a1a7261eaee3a3e092d066d407aa009bc7d7e,21,5,0,0,2,7,0,0,0,1,1,7,0,0,7,0,2,3,0,0.3889,0.0,0.0,0,0.0,1,1,3,4,7,3,3,3
P000534,bitwise,datasets\stage3_scaling\programs\P000534.c,datasets\stage3_scaling\miters\P000534_miter.c,"sec_token,pub_nonce",sec_token,pub_nonce,bc4a8636856d165ba0b7d6d593a10d924008e9225153b4be17d425cd39d275de,21,5,0,0,2,7,0,0,0,1,1,7,0,0,7,0,2,3,0,0.3889,0.0,0.0,0,0.0,1,1,3,4,7,3,3,3
P000535,bitwise,datasets\stage3_scaling\programs\P000535.c,datasets\stage3_scaling\miters\P000535_miter.c,"sec_token,pub_nonce",sec_token,pub_nonce,358fe9ab831fef2a336735beba4ad494aaa1aa60535768732fa92373254c5c95,21,5,0,0,2,7,0,0,0,1,1,7,0,0,7,0,2,3,0,0.3889,0.0,0.0,0,0.0,1,1,3,4,7,3,3,3
P000536,bitwise,datasets\stage3_scaling\programs\P000536.c,datasets\stage3_scaling\miters\P000536_miter.c,"sec_token,pub_nonce",sec_token,pub_nonce,f81210296d2704489aa1ba652aa7a57d47c9987313810442a1b06ac4e4c77cf5,21,5,0,0,2,7,0,0,0,1,1,7,0,0,7,0,2,3,0,0.3889,0.0,0.0,0,0.0,1,1,3,4,7,3,3,3
P000537,bitwise,datasets\stage3_scaling\programs\P000537.c,datasets\stage3_scaling\miters\P000537_miter.c,"sec_token,pub_nonce",sec_token,pub_nonce,73fee0a52fa08a55eefb0b9b56fdba38ea13b7add6ab1c46a50ce5e614a589e9,21,5,0,0,2,7,0,0,0,1,1,7,0,0,7,0,2,3,0,0.3889,0.0,0.0,0,0.0,1,1,3,4,7,3,3,3
P000538,bitwise,datasets\stage3_scaling\programs\P000538.c,datasets\stage3_scaling\miters\P000538_miter.c,"sec_token,pub_nonce",sec_token,pub_nonce,648527b7e5c97953b27571142df042f716eb61f474e94f64f71d0644d2dbc360,21,5,0,0,2,7,0,0,0,1,1,7,0,0,7,0,2,3,0,0.3889,0.0,0.0,0,0.0,1,1,3,4,7,3,3,3
P000539,bitwise,datasets\stage3_scaling\programs\P000539.c,datasets\stage3_scaling\miters\P000539_miter.c,"sec_token,pub_nonce",sec_token,pub_nonce,112161d4676885c9dde1a9aa30a8b4c2515519a392475b40b6f8154fa8f9e8d6,21,5,0,0,2,7,0,0,0,1,1,7,0,0,7,0,2,3,0,0.3889,0.0,0.0,0,0.0,1,1,3,4,7,3,3,3
P000540,bitwise,datasets\stage3_scaling\programs\P000540.c,datasets\stage3_scaling\miters\P000540_miter.c,"sec_token,pub_nonce",sec_token,pub_nonce,f33b3bdd66ad1e0774615a3bfc970f25394cbbfbf90f027ffecc649b1394b7e5,21,5,0,0,2,7,0,0,0,1,1,7,0,0,7,0,2,3,0,0.3889,0.0,0.0,0,0.0,1,1,3,4,7,3,3,3
P000541,bitwise,datasets\stage3_scaling\programs\P000541.c,datasets\stage3_scaling\miters\P000541_miter.c,"sec_token,pub_nonce",sec_token,pub_nonce,2d03d81df8b76b5b831c98f8ebdf714431560cb9f1771f29c9dd10164d2460e1,21,5,0,0,2,7,0,0,0,1,1,7,0,0,7,0,2,3,0,0.3889,0.0,0.0,0,0.0,1,1,3,4,7,3,3,3
P000542,bitwise,datasets\stage3_scaling\programs\P000542.c,datasets\stage3_scaling\miters\P000542_miter.c,"sec_token,pub_nonce",sec_token,pub_nonce,4da3c10f512cd89e90b175195d6954223c91d7be116bb4f2b16f5280f2870e63,21,5,0,0,2,7,0,0,0,1,1,7,0,0,7,0,2,3,0,0.3889,0.0,0.0,0,0.0,1,1,3,4,7,3,3,3
P000543,bitwise,datasets\stage3_scaling\programs\P000543.c,datasets\stage3_scaling\miters\P000543_miter.c,"sec_token,pub_nonce",sec_token,pub_nonce,a061094449d3007d3d9f989d567bfb89e17bb26f16c1e50276e7e4549a6e1799,21,5,0,0,2,7,0,0,0,1,1,7,0,0,7,0,2,3,0,0.3889,0.0,0.0,0,0.0,1,1,3,4,7,3,3,3
P000544,bitwise,datasets\stage3_scaling\programs\P000544.c,datasets\stage3_scaling\miters\P000544_miter.c,"sec_token,pub_nonce",sec_token,pub_nonce,0944b8f91670d4ce0e4a48c5f93069bea87a3a2ca32a85a26908abfd901d6648,21,5,0,0,2,7,0,0,0,1,1,7,0,0,7,0,2,3,0,0.3889,0.0,0.0,0,0.0,1,1,3,4,7,3,3,3
P000545,bitwise,datasets\stage3_scaling\programs\P000545.c,datasets\stage3_scaling\miters\P000545_miter.c,"sec_token,pub_nonce",sec_token,pub_nonce,bdae6073a56e33bce5d793225e14a9a713ac8fc3582cda0285c5c3aa99302d67,21,5,0,0,2,7,0,0,0,1,1,7,0,0,7,0,2,3,0,0.3889,0.0,0.0,0,0.0,1,1,3,4,7,3,3,3
P000546,bitwise,datasets\stage3_scaling\programs\P000546.c,datasets\stage3_scaling\miters\P000546_miter.c,"sec_token,pub_nonce",sec_token,pub_nonce,d0f48ff98c292c55422eb32c56c0f3401ad146fe8897071000f25e9e07c15879,21,5,0,0,2,7,0,0,0,1,1,7,0,0,7,0,2,3,0,0.3889,0.0,0.0,0,0.0,1,1,3,4,7,3,3,3
P000547,bitwise,datasets\stage3_scaling\programs\P000547.c,datasets\stage3_scaling\miters\P000547_miter.c,"sec_token,pub_nonce",sec_token,pub_nonce,9e4f818787abbd1c07bb5047bda9175e42be5f42f374c4335f1709cbbca5054b,21,5,0,0,2,7,0,0,0,1,1,7,0,0,7,0,2,3,0,0.3889,0.0,0.0,0,0.0,1,1,3,4,7,3,3,3
P000548,bitwise,datasets\stage3_scaling\programs\P000548.c,datasets\stage3_scaling\miters\P000548_miter.c,"sec_token,pub_nonce",sec_token,pub_nonce,46ccaba12a5664bf94695cb8488021ba776370a312c920ec416f33730a0f171f,21,5,0,0,2,7,0,0,0,1,1,7,0,0,7,0,2,3,0,0.3889,0.0,0.0,0,0.0,1,1,3,4,7,3,3,3
P000549,bitwise,datasets\stage3_scaling\programs\P000549.c,datasets\stage3_scaling\miters\P000549_miter.c,"sec_token,pub_nonce",sec_token,pub_nonce,fcd4dda42f9f55637172ce216e2559f4489dfbdd8dedcd9500602b94956bb092,21,5,0,0,2,7,0,0,0,1,1,7,0,0,7,0,2,3,0,0.3889,0.0,0.0,0,0.0,1,1,3,4,7,3,3,3
P000550,bitwise,datasets\stage3_scaling\programs\P000550.c,datasets\stage3_scaling\miters\P000550_miter.c,"sec_token,pub_nonce",sec_token,pub_nonce,45e8fa1b9f3ade9e6ab3183f420dc3c476f11921dfff8ebee71c728934e21cdd,21,5,0,0,2,7,0,0,0,1,1,7,0,0,7,0,2,3,0,0.3889,0.0,0.0,0,0.0,1,1,3,4,7,3,3,3
P000551,bitwise,datasets\stage3_scaling\programs\P000551.c,datasets\stage3_scaling\miters\P000551_miter.c,"sec_token,pub_nonce",sec_token,pub_nonce,bffe110857e5b66931bb1cb570b7a06b4eceb6b5baba91aa061b56bb1182b4c4,21,5,0,0,2,7,0,0,0,1,1,7,0,0,7,0,2,3,0,0.3889,0.0,0.0,0,0.0,1,1,3,4,7,3,3,3
P000552,bitwise,datasets\stage3_scaling\programs\P000552.c,datasets\stage3_scaling\miters\P000552_miter.c,"sec_token,pub_nonce",sec_token,pub_nonce,5fe9135a9f83990945f1cc638bcf105ca5f7482a4ef0e86454bde0b2d944192a,21,5,0,0,2,7,0,0,0,1,1,7,0,0,7,0,2,3,0,0.3889,0.0,0.0,0,0.0,1,1,3,4,7,3,3,3
P000553,bitwise,datasets\stage3_scaling\programs\P000553.c,datasets\stage3_scaling\miters\P000553_miter.c,"sec_token,pub_nonce",sec_token,pub_nonce,e0ecd990b804f5d05d7459c25d09641fed1251cec0cc81bfc25adabc060381ec,21,5,0,0,2,7,0,0,0,1,1,7,0,0,7,0,2,3,0,0.3889,0.0,0.0,0,0.0,1,1,3,4,7,3,3,3
P000554,bitwise,datasets\stage3_scaling\programs\P000554.c,datasets\stage3_scaling\miters\P000554_miter.c,"sec_token,pub_nonce",sec_token,pub_nonce,46f4ca4dcbcf72d09e461c9844b959df8237f9f63b34990b74a559d7fc48c286,21,5,0,0,2,7,0,0,0,1,1,7,0,0,7,0,2,3,0,0.3889,0.0,0.0,0,0.0,1,1,3,4,7,3,3,3
P000555,bitwise,datasets\stage3_scaling\programs\P000555.c,datasets\stage3_scaling\miters\P000555_miter.c,"sec_token,pub_nonce",sec_token,pub_nonce,357646c071c542ee4ad71ffc8312cad69eab4692f083cb5e1a8146995f7f0ece,21,5,0,0,2,7,0,0,0,1,1,7,0,0,7,0,2,3,0,0.3889,0.0,0.0,0,0.0,1,1,3,4,7,3,3,3
P000556,bitwise,datasets\stage3_scaling\programs\P000556.c,datasets\stage3_scaling\miters\P000556_miter.c,"sec_token,pub_nonce",sec_token,pub_nonce,0741dbf3c53a3d5b5039250d723d5dc932abbbd5c7f1b9ca141f1a289359a6e3,21,5,0,0,2,7,0,0,0,1,1,7,0,0,7,0,2,3,0,0.3889,0.0,0.0,0,0.0,1,1,3,4,7,3,3,3
P000557,bitwise,datasets\stage3_scaling\programs\P000557.c,datasets\stage3_scaling\miters\P000557_miter.c,"sec_token,pub_nonce",sec_token,pub_nonce,c91315dd760c2f83e5d507e4f04da6d4429a81827981321989301bb0b2b9c356,21,5,0,0,2,7,0,0,0,1,1,7,0,0,7,0,2,3,0,0.3889,0.0,0.0,0,0.0,1,1,3,4,7,3,3,3
P000558,bitwise,datasets\stage3_scaling\programs\P000558.c,datasets\stage3_scaling\miters\P000558_miter.c,"sec_token,pub_nonce",sec_token,pub_nonce,542c0040b811686a1f55127a768d45e46799a7caa57b0098ee43c790381c48a8,21,5,0,0,2,7,0,0,0,1,1,7,0,0,7,0,2,3,0,0.3889,0.0,0.0,0,0.0,1,1,3,4,7,3,3,3
P000559,bitwise,datasets\stage3_scaling\programs\P000559.c,datasets\stage3_scaling\miters\P000559_miter.c,"sec_token,pub_nonce",sec_token,pub_nonce,54eebec78bd8d7f0319df4455cc91c1947f9f1183a9119db2475e31cce6a422d,21,5,0,0,2,7,0,0,0,1,1,7,0,0,7,0,2,3,0,0.3889,0.0,0.0,0,0.0,1,1,3,4,7,3,3,3
P000560,bitwise,datasets\stage3_scaling\programs\P000560.c,datasets\stage3_scaling\miters\P000560_miter.c,"sec_token,pub_nonce",sec_token,pub_nonce,4b3896f017096f19a208e4e4818ab6d13fb1e57888b6fe45d98d5fe874e8faac,21,5,0,0,2,7,0,0,0,1,1,7,0,0,7,0,2,3,0,0.3889,0.0,0.0,0,0.0,1,1,3,4,7,3,3,3
P000561,bitwise,datasets\stage3_scaling\programs\P000561.c,datasets\stage3_scaling\miters\P000561_miter.c,"sec_token,pub_nonce",sec_token,pub_nonce,ec6b70b1354c02e56ad90d230ddc618d4d9f9cbd357bd016d7140a161379e3f6,21,5,0,0,2,7,0,0,0,1,1,7,0,0,7,0,2,3,0,0.3889,0.0,0.0,0,0.0,1,1,3,4,7,3,3,3
P000562,bitwise,datasets\stage3_scaling\programs\P000562.c,datasets\stage3_scaling\miters\P000562_miter.c,"sec_token,pub_nonce",sec_token,pub_nonce,e98eb5d237c0b8e4cb37d0ade902c69f448cd99ece93bb48c50c9162fbdacb7a,21,5,0,0,2,7,0,0,0,1,1,7,0,0,7,0,2,3,0,0.3889,0.0,0.0,0,0.0,1,1,3,4,7,3,3,3
P000563,bitwise,datasets\stage3_scaling\programs\P000563.c,datasets\stage3_scaling\miters\P000563_miter.c,"sec_token,pub_nonce",sec_token,pub_nonce,baf901688bf14d805430f8c3ac13cbe0165dcef554830954a26eb98533f763f1,21,5,0,0,2,7,0,0,0,1,1,7,0,0,7,0,2,3,0,0.3889,0.0,0.0,0,0.0,1,1,3,4,7,3,3,3
P000564,bitwise,datasets\stage3_scaling\programs\P000564.c,datasets\stage3_scaling\miters\P000564_miter.c,"sec_token,pub_nonce",sec_token,pub_nonce,ca1024472d27b038a4efbce37ff8b269d261bbcfddb917ccf533e699cfe87274,21,5,0,0,2,7,0,0,0,1,1,7,0,0,7,0,2,3,0,0.3889,0.0,0.0,0,0.0,1,1,3,4,7,3,3,3
P000565,bitwise,datasets\stage3_scaling\programs\P000565.c,datasets\stage3_scaling\miters\P000565_miter.c,"sec_token,pub_nonce",sec_token,pub_nonce,3c5e0d79abdf2374fcac2833bdf6ed93eeff6d5c431add274d1d618d1cd1dfe7,21,5,0,0,2,7,0,0,0,1,1,7,0,0,7,0,2,3,0,0.3889,0.0,0.0,0,0.0,1,1,3,4,7,3,3,3
P000566,bitwise,datasets\stage3_scaling\programs\P000566.c,datasets\stage3_scaling\miters\P000566_miter.c,"sec_token,pub_nonce",sec_token,pub_nonce,002c96a32caea5cdfccf43997205eabc002e03ae4bd64110bc12fd1e1da44820,21,5,0,0,2,7,0,0,0,1,1,7,0,0,7,0,2,3,0,0.3889,0.0,0.0,0,0.0,1,1,3,4,7,3,3,3
P000567,bitwise,datasets\stage3_scaling\programs\P000567.c,datasets\stage3_scaling\miters\P000567_miter.c,"sec_token,pub_nonce",sec_token,pub_nonce,90030e13a9d13d711e44d65a6b5ef4e48adbd4e79a7c84065f913304b8e4d3b0,21,5,0,0,2,7,0,0,0,1,1,7,0,0,7,0,2,3,0,0.3889,0.0,0.0,0,0.0,1,1,3,4,7,3,3,3
P000568,bitwise,datasets\stage3_scaling\programs\P000568.c,datasets\stage3_scaling\miters\P000568_miter.c,"sec_token,pub_nonce",sec_token,pub_nonce,5753303a8dddafba6e277fc19a4a345cd352446733f2ff0d28bbb1d31668df46,21,5,0,0,2,7,0,0,0,1,1,7,0,0,7,0,2,3,0,0.3889,0.0,0.0,0,0.0,1,1,3,4,7,3,3,3
P000569,bitwise,datasets\stage3_scaling\programs\P000569.c,datasets\stage3_scaling\miters\P000569_miter.c,"sec_token,pub_nonce",sec_token,pub_nonce,3fd1f47162595c51021e9342fe90efdda6bf0b5798f9c9d898b509582592d596,21,5,0,0,2,7,0,0,0,1,1,7,0,0,7,0,2,3,0,0.3889,0.0,0.0,0,0.0,1,1,3,4,7,3,3,3
P000570,bitwise,datasets\stage3_scaling\programs\P000570.c,datasets\stage3_scaling\miters\P000570_miter.c,"sec_token,pub_nonce",sec_token,pub_nonce,18d4f823a4ca3d6d18d040ce3c6a7fd604f8d544243886ff38c8360583d7110b,21,5,0,0,2,7,0,0,0,1,1,7,0,0,7,0,2,3,0,0.3889,0.0,0.0,0,0.0,1,1,3,4,7,3,3,3
P000571,bitwise,datasets\stage3_scaling\programs\P000571.c,datasets\stage3_scaling\miters\P000571_miter.c,"sec_token,pub_nonce",sec_token,pub_nonce,0abe9cc9b3984293912defcb92ac1d2119ab2f62df9920beb709970d0b29db9e,21,5,0,0,2,7,0,0,0,1,1,7,0,0,7,0,2,3,0,0.3889,0.0,0.0,0,0.0,1,1,3,4,7,3,3,3
P000572,bitwise,datasets\stage3_scaling\programs\P000572.c,datasets\stage3_scaling\miters\P000572_miter.c,"sec_token,pub_nonce",sec_token,pub_nonce,ba416641cacfdc1ca38568099dd35e33f23a5367c3938c7157c8989a47ea1747,21,5,0,0,2,7,0,0,0,1,1,7,0,0,7,0,2,3,0,0.3889,0.0,0.0,0,0.0,1,1,3,4,7,3,3,3
P000573,bitwise,datasets\stage3_scaling\programs\P000573.c,datasets\stage3_scaling\miters\P000573_miter.c,"sec_token,pub_nonce",sec_token,pub_nonce,5bbd3c7532cd1c0ebb9d7dcf5bd1e40e21d4b7ce738f721df957b08044d17181,21,5,0,0,2,7,0,0,0,1,1,7,0,0,7,0,2,3,0,0.3889,0.0,0.0,0,0.0,1,1,3,4,7,3,3,3
P000574,bitwise,datasets\stage3_scaling\programs\P000574.c,datasets\stage3_scaling\miters\P000574_miter.c,"sec_token,pub_nonce",sec_token,pub_nonce,23f29b842eacfb9892a29e26b532ae533d8f9d9b2628d23348eac529cf340ced,21,5,0,0,2,7,0,0,0,1,1,7,0,0,7,0,2,3,0,0.3889,0.0,0.0,0,0.0,1,1,3,4,7,3,3,3
P000575,bitwise,datasets\stage3_scaling\programs\P000575.c,datasets\stage3_scaling\miters\P000575_miter.c,"sec_token,pub_nonce",sec_token,pub_nonce,1c6b87245505c34dae3dd8d34237e540b9d5c552dc149d0cbc3df72f0f5d28b3,21,5,0,0,2,7,0,0,0,1,1,7,0,0,7,0,2,3,0,0.3889,0.0,0.0,0,0.0,1,1,3,4,7,3,3,3
P000576,bitwise,datasets\stage3_scaling\programs\P000576.c,datasets\stage3_scaling\miters\P000576_miter.c,"sec_token,pub_nonce",sec_token,pub_nonce,ea5aace97a4ce06be8c73a9203083e1380c82639a7bcb046fc87ee11c048e173,21,5,0,0,2,7,0,0,0,1,1,7,0,0,7,0,2,3,0,0.3889,0.0,0.0,0,0.0,1,1,3,4,7,3,3,3
P000577,bitwise,datasets\stage3_scaling\programs\P000577.c,datasets\stage3_scaling\miters\P000577_miter.c,"sec_token,pub_nonce",sec_token,pub_nonce,1f80410e0aaea696294958d3f3875786ebf4e6cf71d9a80226b7f3c8659b11e1,21,5,0,0,2,7,0,0,0,1,1,7,0,0,7,0,2,3,0,0.3889,0.0,0.0,0,0.0,1,1,3,4,7,3,3,3
P000578,bitwise,datasets\stage3_scaling\programs\P000578.c,datasets\stage3_scaling\miters\P000578_miter.c,"sec_token,pub_nonce",sec_token,pub_nonce,b1d24819c4b6e9ef7d5382066477134c15111d3f938eb841ca82dc9725121deb,21,5,0,0,2,7,0,0,0,1,1,7,0,0,7,0,2,3,0,0.3889,0.0,0.0,0,0.0,1,1,3,4,7,3,3,3
P000579,bitwise,datasets\stage3_scaling\programs\P000579.c,datasets\stage3_scaling\miters\P000579_miter.c,"sec_token,pub_nonce",sec_token,pub_nonce,c63eef754499a0ed5aeaf9df413f620b8d45231b6dc7f7c754d846c0461db682,21,5,0,0,2,7,0,0,0,1,1,7,0,0,7,0,2,3,0,0.3889,0.0,0.0,0,0.0,1,1,3,4,7,3,3,3
P000580,bitwise,datasets\stage3_scaling\programs\P000580.c,datasets\stage3_scaling\miters\P000580_miter.c,"sec_token,pub_nonce",sec_token,pub_nonce,8399b0144811e072535476c4591005c17fcfb67d5da801582093cdad5afd6ce9,21,5,0,0,2,7,0,0,0,1,1,7,0,0,7,0,2,3,0,0.3889,0.0,0.0,0,0.0,1,1,3,4,7,3,3,3
P000581,bitwise,datasets\stage3_scaling\programs\P000581.c,datasets\stage3_scaling\miters\P000581_miter.c,"sec_token,pub_nonce",sec_token,pub_nonce,d31c4b950d39fc5584045e40ab1d08eb4d4ea892e2b89faa228df0b6055297b5,21,5,0,0,2,7,0,0,0,1,1,7,0,0,7,0,2,3,0,0.3889,0.0,0.0,0,0.0,1,1,3,4,7,3,3,3
P000582,bitwise,datasets\stage3_scaling\programs\P000582.c,datasets\stage3_scaling\miters\P000582_miter.c,"sec_token,pub_nonce",sec_token,pub_nonce,773588b08e443d24e397cd2b22b328ff432156a5d649aacf422ad66a8abfb480,21,5,0,0,2,7,0,0,0,1,1,7,0,0,7,0,2,3,0,0.3889,0.0,0.0,0,0.0,1,1,3,4,7,3,3,3
P000583,bitwise,datasets\stage3_scaling\programs\P000583.c,datasets\stage3_scaling\miters\P000583_miter.c,"sec_token,pub_nonce",sec_token,pub_nonce,ff218e082d102edf3f2219aae2cc7223d6e3db5bf3f1cf55a8a7786434f42b53,21,5,0,0,2,7,0,0,0,1,1,7,0,0,7,0,2,3,0,0.3889,0.0,0.0,0,0.0,1,1,3,4,7,3,3,3
P000584,bitwise,datasets\stage3_scaling\programs\P000584.c,datasets\stage3_scaling\miters\P000584_miter.c,"sec_token,pub_nonce",sec_token,pub_nonce,74fb34f8dd6b2cf5cc702e32008edc8e9f1a7083f11608ba47cdf23d2a889ad9,21,5,0,0,2,7,0,0,0,1,1,7,0,0,7,0,2,3,0,0.3889,0.0,0.0,0,0.0,1,1,3,4,7,3,3,3
P000585,bitwise,datasets\stage3_scaling\programs\P000585.c,datasets\stage3_scaling\miters\P000585_miter.c,"sec_token,pub_nonce",sec_token,pub_nonce,d7eb6cb3b91eb25780dfbcdcd3bddfd95a7185059a8d895285a0906eb5237491,21,5,0,0,2,7,0,0,0,1,1,7,0,0,7,0,2,3,0,0.3889,0.0,0.0,0,0.0,1,1,3,4,7,3,3,3
P000586,bitwise,datasets\stage3_scaling\programs\P000586.c,datasets\stage3_scaling\miters\P000586_miter.c,"sec_token,pub_nonce",sec_token,pub_nonce,ea960d0ffe640d1a2d56c8ee7d5e4332bff92708131cf6791233721f808d86d8,21,5,0,0,2,7,0,0,0,1,1,7,0,0,7,0,2,3,0,0.3889,0.0,0.0,0,0.0,1,1,3,4,7,3,3,3
P000587,bitwise,datasets\stage3_scaling\programs\P000587.c,datasets\stage3_scaling\miters\P000587_miter.c,"sec_token,pub_nonce",sec_token,pub_nonce,cbbd035d5ae0c40ac02f53709dfe4283a6a35b17e5daeb961ce83999f331f53c,21,5,0,0,2,7,0,0,0,1,1,7,0,0,7,0,2,3,0,0.3889,0.0,0.0,0,0.0,1,1,3,4,7,3,3,3
P000588,bitwise,datasets\stage3_scaling\programs\P000588.c,datasets\stage3_scaling\miters\P000588_miter.c,"sec_token,pub_nonce",sec_token,pub_nonce,619002bf68c40c8a8d752dd38d612a91ec20a6d105d2085da7816403a2cc2739,21,5,0,0,2,7,0,0,0,1,1,7,0,0,7,0,2,3,0,0.3889,0.0,0.0,0,0.0,1,1,3,4,7,3,3,3
P000589,bitwise,datasets\stage3_scaling\programs\P000589.c,datasets\stage3_scaling\miters\P000589_miter.c,"sec_token,pub_nonce",sec_token,pub_nonce,e47805d67533ab7182979856a4740d58ca661c14bdd8f78d44abb98bb43502f9,21,5,0,0,2,7,0,0,0,1,1,7,0,0,7,0,2,3,0,0.3889,0.0,0.0,0,0.0,1,1,3,4,7,3,3,3
P000590,bitwise,datasets\stage3_scaling\programs\P000590.c,datasets\stage3_scaling\miters\P000590_miter.c,"sec_token,pub_nonce",sec_token,pub_nonce,c51f1ff1d1f958dfbb5660f7f3a58fde97ffda90484b3f8238771fbf98d7cfde,21,5,0,0,2,7,0,0,0,1,1,7,0,0,7,0,2,3,0,0.3889,0.0,0.0,0,0.0,1,1,3,4,7,3,3,3
P000591,bitwise,datasets\stage3_scaling\programs\P000591.c,datasets\stage3_scaling\miters\P000591_miter.c,"sec_token,pub_nonce",sec_token,pub_nonce,abc27e5cfda08bb66316defd47a1cda80dac83d82d59ab73c6acdb6bc258069b,21,5,0,0,2,7,0,0,0,1,1,7,0,0,7,0,2,3,0,0.3889,0.0,0.0,0,0.0,1,1,3,4,7,3,3,3
P000592,bitwise,datasets\stage3_scaling\programs\P000592.c,datasets\stage3_scaling\miters\P000592_miter.c,"sec_token,pub_nonce",sec_token,pub_nonce,6d8df53e04e1d02936190da7f4480b8a891ae887a5704e26cfc0640349de7102,21,5,0,0,2,7,0,0,0,1,1,7,0,0,7,0,2,3,0,0.3889,0.0,0.0,0,0.0,1,1,3,4,7,3,3,3
P000593,bitwise,datasets\stage3_scaling\programs\P000593.c,datasets\stage3_scaling\miters\P000593_miter.c,"sec_token,pub_nonce",sec_token,pub_nonce,42d493ed391d6093d2cc8f208f5536a3b0d6f210f92f9ba8802644e081017990,21,5,0,0,2,7,0,0,0,1,1,7,0,0,7,0,2,3,0,0.3889,0.0,0.0,0,0.0,1,1,3,4,7,3,3,3
P000594,bitwise,datasets\stage3_scaling\programs\P000594.c,datasets\stage3_scaling\miters\P000594_miter.c,"sec_token,pub_nonce",sec_token,pub_nonce,715aaf5dba68a58abf6c9c88d232f32202e94c7e29b826f054ee76954c2bf0f4,21,5,0,0,2,7,0,0,0,1,1,7,0,0,7,0,2,3,0,0.3889,0.0,0.0,0,0.0,1,1,3,4,7,3,3,3
P000595,bitwise,datasets\stage3_scaling\programs\P000595.c,datasets\stage3_scaling\miters\P000595_miter.c,"sec_token,pub_nonce",sec_token,pub_nonce,f800af7c960d4cec0ecb7dd5e0ec2394d3b058fad57a2736d52494e06c8271c4,21,5,0,0,2,7,0,0,0,1,1,7,0,0,7,0,2,3,0,0.3889,0.0,0.0,0,0.0,1,1,3,4,7,3,3,3
P000596,bitwise,datasets\stage3_scaling\programs\P000596.c,datasets\stage3_scaling\miters\P000596_miter.c,"sec_token,pub_nonce",sec_token,pub_nonce,356d35995331c59a77ca66a8aa39c86e61f004436b93c0539a00d30942224ed0,21,5,0,0,2,7,0,0,0,1,1,7,0,0,7,0,2,3,0,0.3889,0.0,0.0,0,0.0,1,1,3,4,7,3,3,3
P000597,bitwise,datasets\stage3_scaling\programs\P000597.c,datasets\stage3_scaling\miters\P000597_miter.c,"sec_token,pub_nonce",sec_token,pub_nonce,ae964b9eaaca53a8aebf1654ec3f47495f703e28b6bc7ad3965c94fb3e3abfcb,21,5,0,0,2,7,0,0,0,1,1,7,0,0,7,0,2,3,0,0.3889,0.0,0.0,0,0.0,1,1,3,4,7,3,3,3
P000598,bitwise,datasets\stage3_scaling\programs\P000598.c,datasets\stage3_scaling\miters\P000598_miter.c,"sec_token,pub_nonce",sec_token,pub_nonce,4b5c85a1cbfd3ed6d96a1e9eeee0e8806986d1c0717109ed66683684bc0e72c1,21,5,0,0,2,7,0,0,0,1,1,7,0,0,7,0,2,3,0,0.3889,0.0,0.0,0,0.0,1,1,3,4,7,3,3,3
P000599,bitwise,datasets\stage3_scaling\programs\P000599.c,datasets\stage3_scaling\miters\P000599_miter.c,"sec_token,pub_nonce",sec_token,pub_nonce,1116424d7952354546a467a30c1893fdea5abe9368d60cc47a30894df77472ea,21,5,0,0,2,7,0,0,0,1,1,7,0,0,7,0,2,3,0,0.3889,0.0,0.0,0,0.0,1,1,3,4,7,3,3,3
P000600,bitwise,datasets\stage3_scaling\programs\P000600.c,datasets\stage3_scaling\miters\P000600_miter.c,"sec_token,pub_nonce",sec_token,pub_nonce,fcb2dc4f51f7f506860c23c998ae732b1d5dbcf78811239502691938e2d9b11d,21,5,0,0,2,7,0,0,0,1,1,7,0,0,7,0,2,3,0,0.3889,0.0,0.0,0,0.0,1,1,3,4,7,3,3,3
P000601,nested_branches,datasets\stage3_scaling\programs\P000601.c,datasets\stage3_scaling\miters\P000601_miter.c,"sec_score,pub_flag",sec_score,pub_flag,fd4a280953eabcf149a96f0783a656d36311f65f5c358f30041a9060d4203198,26,10,2,0,2,7,0,0,0,1,1,4,6,18,4,0,2,3,0,0.2222,1.0,0.0,0,0.0,0,1,2,2,0,3,3,3
P000602,nested_branches,datasets\stage3_scaling\programs\P000602.c,datasets\stage3_scaling\miters\P000602_miter.c,"sec_score,pub_flag",sec_score,pub_flag,dda81e3bfc3eb44eec2163f6946a563a49bc833d7fd8a242071e81fbeea1785a,26,10,2,0,2,7,0,0,0,1,1,4,6,18,4,0,2,3,0,0.2222,1.0,0.0,0,0.0,0,1,2,2,0,3,3,3
P000603,nested_branches,datasets\stage3_scaling\programs\P000603.c,datasets\stage3_scaling\miters\P000603_miter.c,"sec_score,pub_flag",sec_score,pub_flag,c5f6984c8b3c549c93fe27333d998bdf106974c83ba81fc0a506f20babea7e74,26,10,2,0,2,7,0,0,0,1,1,4,6,18,4,0,2,3,0,0.2222,1.0,0.0,0,0.0,0,1,2,2,0,3,3,3
P000604,nested_branches,datasets\stage3_scaling\programs\P000604.c,datasets\stage3_scaling\miters\P000604_miter.c,"sec_score,pub_flag",sec_score,pub_flag,bac30ea08ffcd8ec65a729af63476ac3a2b5f81fcb71f80bb33fc301605dc3e6,26,10,2,0,2,7,0,0,0,1,1,4,6,18,4,0,2,3,0,0.2222,1.0,0.0,0,0.0,0,1,2,2,0,3,3,3
P000605,nested_branches,datasets\stage3_scaling\programs\P000605.c,datasets\stage3_scaling\miters\P000605_miter.c,"sec_score,pub_flag",sec_score,pub_flag,9c6d6b4f8cdc772ce546d1c34cfc5e6cb4aeced595a51ad7df295ce13bdd59e4,26,10,2,0,2,7,0,0,0,1,1,4,6,18,4,0,2,3,0,0.2222,1.0,0.0,0,0.0,0,1,2,2,0,3,3,3
P000606,nested_branches,datasets\stage3_scaling\programs\P000606.c,datasets\stage3_scaling\miters\P000606_miter.c,"sec_score,pub_flag",sec_score,pub_flag,301d30438e81cde2dce76280345de887cb19a706bbfba39d76f6b9a2ea669195,26,10,2,0,2,7,0,0,0,1,1,4,6,18,4,0,2,3,0,0.2222,1.0,0.0,0,0.0,0,1,2,2,0,3,3,3
P000607,nested_branches,datasets\stage3_scaling\programs\P000607.c,datasets\stage3_scaling\miters\P000607_miter.c,"sec_score,pub_flag",sec_score,pub_flag,90bc15da6ca5ead56b2660236226a5021dfb905ce4d8b1071dd1b76aa3a059d6,26,10,2,0,2,7,0,0,0,1,1,4,6,18,4,0,2,3,0,0.2222,1.0,0.0,0,0.0,0,1,2,2,0,3,3,3
P000608,nested_branches,datasets\stage3_scaling\programs\P000608.c,datasets\stage3_scaling\miters\P000608_miter.c,"sec_score,pub_flag",sec_score,pub_flag,1cf5d40a30385109c4b25dbc15aa630dc563bbe3a3f902bfe828d81891ca4bba,26,10,2,0,2,7,0,0,0,1,1,4,6,18,4,0,2,3,0,0.2222,1.0,0.0,0,0.0,0,1,2,2,0,3,3,3
P000609,nested_branches,datasets\stage3_scaling\programs\P000609.c,datasets\stage3_scaling\miters\P000609_miter.c,"sec_score,pub_flag",sec_score,pub_flag,587147da01c571b185b31e386f2dda54a2380dd78591963d7c56b5c5de11b2d3,26,10,2,0,2,7,0,0,0,1,1,4,6,18,4,0,2,3,0,0.2222,1.0,0.0,0,0.0,0,1,2,2,0,3,3,3
P000610,nested_branches,datasets\stage3_scaling\programs\P000610.c,datasets\stage3_scaling\miters\P000610_miter.c,"sec_score,pub_flag",sec_score,pub_flag,b8c7140a1d7a102d47137d18ffc4d47b332e87febd77aa88b7b128d8beadf090,26,10,2,0,2,7,0,0,0,1,1,4,6,18,4,0,2,3,0,0.2222,1.0,0.0,0,0.0,0,1,2,2,0,3,3,3
P000611,nested_branches,datasets\stage3_scaling\programs\P000611.c,datasets\stage3_scaling\miters\P000611_miter.c,"sec_score,pub_flag",sec_score,pub_flag,fc0503e16231e1d50ac2292aa3f2b6653dbea3db97d8e07788b4c9ed68109fea,26,10,2,0,2,7,0,0,0,1,1,4,6,18,4,0,2,3,0,0.2222,1.0,0.0,0,0.0,0,1,2,2,0,3,3,3
P000612,nested_branches,datasets\stage3_scaling\programs\P000612.c,datasets\stage3_scaling\miters\P000612_miter.c,"sec_score,pub_flag",sec_score,pub_flag,0a772529778ab57af8dcd0e94989d088aad24eb59023106f9c9ff8ba385376cf,26,10,2,0,2,7,0,0,0,1,1,4,6,18,4,0,2,3,0,0.2222,1.0,0.0,0,0.0,0,1,2,2,0,3,3,3
P000613,nested_branches,datasets\stage3_scaling\programs\P000613.c,datasets\stage3_scaling\miters\P000613_miter.c,"sec_score,pub_flag",sec_score,pub_flag,4678efae59d274d0b85c1609ed07cea19f22f20ecdcc6dc44be4538d15677137,26,10,2,0,2,7,0,0,0,1,1,4,6,18,4,0,2,3,0,0.2222,1.0,0.0,0,0.0,0,1,2,2,0,3,3,3
P000614,nested_branches,datasets\stage3_scaling\programs\P000614.c,datasets\stage3_scaling\miters\P000614_miter.c,"sec_score,pub_flag",sec_score,pub_flag,383a8007b5a781063e1cd0b71c98c3aa884f6829ff30b0c93d01d43feac5c9d0,26,10,2,0,2,7,0,0,0,1,1,4,6,18,4,0,2,3,0,0.2222,1.0,0.0,0,0.0,0,1,2,2,0,3,3,3
P000615,nested_branches,datasets\stage3_scaling\programs\P000615.c,datasets\stage3_scaling\miters\P000615_miter.c,"sec_score,pub_flag",sec_score,pub_flag,305bd7f22781c0cd9f94db509281a084e200d3c641c8119fe1fcb688ced76e79,26,10,2,0,2,7,0,0,0,1,1,4,6,18,4,0,2,3,0,0.2222,1.0,0.0,0,0.0,0,1,2,2,0,3,3,3
P000616,nested_branches,datasets\stage3_scaling\programs\P000616.c,datasets\stage3_scaling\miters\P000616_miter.c,"sec_score,pub_flag",sec_score,pub_flag,a47ad3f1997079ef873e41418715f51f96dcbba4c0c365d88924268b17257b51,26,10,2,0,2,7,0,0,0,1,1,4,6,18,4,0,2,3,0,0.2222,1.0,0.0,0,0.0,0,1,2,2,0,3,3,3
P000617,nested_branches,datasets\stage3_scaling\programs\P000617.c,datasets\stage3_scaling\miters\P000617_miter.c,"sec_score,pub_flag",sec_score,pub_flag,f6589935f65e660bed5d02573ad78e0950b8ce93886f361622ed4b7e02f6c6b9,26,10,2,0,2,7,0,0,0,1,1,4,6,18,4,0,2,3,0,0.2222,1.0,0.0,0,0.0,0,1,2,2,0,3,3,3
P000618,nested_branches,datasets\stage3_scaling\programs\P000618.c,datasets\stage3_scaling\miters\P000618_miter.c,"sec_score,pub_flag",sec_score,pub_flag,35b86af55f9ec28c19be224377ab808e7683dc3184c01949ca972ca543c5815a,26,10,2,0,2,7,0,0,0,1,1,4,6,18,4,0,2,3,0,0.2222,1.0,0.0,0,0.0,0,1,2,2,0,3,3,3
P000619,nested_branches,datasets\stage3_scaling\programs\P000619.c,datasets\stage3_scaling\miters\P000619_miter.c,"sec_score,pub_flag",sec_score,pub_flag,deae58b5ed4b921c268f1848612414995d496df597ef0adac418607074f9cb23,26,10,2,0,2,7,0,0,0,1,1,4,6,18,4,0,2,3,0,0.2222,1.0,0.0,0,0.0,0,1,2,2,0,3,3,3
P000620,nested_branches,datasets\stage3_scaling\programs\P000620.c,datasets\stage3_scaling\miters\P000620_miter.c,"sec_score,pub_flag",sec_score,pub_flag,4f3c9443533337f50e543b12aa5f8a50639ea6496b74a6691bee5c6f590e365c,26,10,2,0,2,7,0,0,0,1,1,4,6,18,4,0,2,3,0,0.2222,1.0,0.0,0,0.0,0,1,2,2,0,3,3,3
P000621,nested_branches,datasets\stage3_scaling\programs\P000621.c,datasets\stage3_scaling\miters\P000621_miter.c,"sec_score,pub_flag",sec_score,pub_flag,9d7e7942afb296b6d0df282d18ee1299d5388cf01889150f809246dbbbd05cdf,26,10,2,0,2,7,0,0,0,1,1,4,6,18,4,0,2,3,0,0.2222,1.0,0.0,0,0.0,0,1,2,2,0,3,3,3
P000622,nested_branches,datasets\stage3_scaling\programs\P000622.c,datasets\stage3_scaling\miters\P000622_miter.c,"sec_score,pub_flag",sec_score,pub_flag,cb3fe6f329ff7dba7d83ba593bb3c315d7e122c60d13c49e62a93f0450086a2c,26,10,2,0,2,7,0,0,0,1,1,4,6,18,4,0,2,3,0,0.2222,1.0,0.0,0,0.0,0,1,2,2,0,3,3,3
P000623,nested_branches,datasets\stage3_scaling\programs\P000623.c,datasets\stage3_scaling\miters\P000623_miter.c,"sec_score,pub_flag",sec_score,pub_flag,6ec122d00dde220e678fb5b38603b0ac227ea510ba1a6a6a2d27b84732c17cae,26,10,2,0,2,7,0,0,0,1,1,4,6,18,4,0,2,3,0,0.2222,1.0,0.0,0,0.0,0,1,2,2,0,3,3,3
P000624,nested_branches,datasets\stage3_scaling\programs\P000624.c,datasets\stage3_scaling\miters\P000624_miter.c,"sec_score,pub_flag",sec_score,pub_flag,454de6192ffe03aaf6cb8cbc464dcb068bfd037cfb5743d0c798698546911731,26,10,2,0,2,7,0,0,0,1,1,4,6,18,4,0,2,3,0,0.2222,1.0,0.0,0,0.0,0,1,2,2,0,3,3,3
P000625,nested_branches,datasets\stage3_scaling\programs\P000625.c,datasets\stage3_scaling\miters\P000625_miter.c,"sec_score,pub_flag",sec_score,pub_flag,23bf3d4e73db64d8f245a88252629a0e666f5e637ed819288602c88f6a35f4dc,26,10,2,0,2,7,0,0,0,1,1,4,6,18,4,0,2,3,0,0.2222,1.0,0.0,0,0.0,0,1,2,2,0,3,3,3
P000626,nested_branches,datasets\stage3_scaling\programs\P000626.c,datasets\stage3_scaling\miters\P000626_miter.c,"sec_score,pub_flag",sec_score,pub_flag,449d5348f13f31d9e20ebf8277a258416bee2ec8b38e92088a9c44a8072f6fd2,26,10,2,0,2,7,0,0,0,1,1,4,6,18,4,0,2,3,0,0.2222,1.0,0.0,0,0.0,0,1,2,2,0,3,3,3
P000627,nested_branches,datasets\stage3_scaling\programs\P000627.c,datasets\stage3_scaling\miters\P000627_miter.c,"sec_score,pub_flag",sec_score,pub_flag,3ed770b831a715f479a5d3f7dc14bc848b3a6c0ddfe54e54d780f8747acb13d9,26,10,2,0,2,7,0,0,0,1,1,4,6,18,4,0,2,3,0,0.2222,1.0,0.0,0,0.0,0,1,2,2,0,3,3,3
P000628,nested_branches,datasets\stage3_scaling\programs\P000628.c,datasets\stage3_scaling\miters\P000628_miter.c,"sec_score,pub_flag",sec_score,pub_flag,3fbbada32608515f5b62b1aae94a1caaa993e16054aff759ef099b62859dd4c5,26,10,2,0,2,7,0,0,0,1,1,4,6,18,4,0,2,3,0,0.2222,1.0,0.0,0,0.0,0,1,2,2,0,3,3,3
P000629,nested_branches,datasets\stage3_scaling\programs\P000629.c,datasets\stage3_scaling\miters\P000629_miter.c,"sec_score,pub_flag",sec_score,pub_flag,c992df27c579e52f69dfe9326e6321e109a2426550c0b8ca8ad3341b7473cd99,26,10,2,0,2,7,0,0,0,1,1,4,6,18,4,0,2,3,0,0.2222,1.0,0.0,0,0.0,0,1,2,2,0,3,3,3
P000630,nested_branches,datasets\stage3_scaling\programs\P000630.c,datasets\stage3_scaling\miters\P000630_miter.c,"sec_score,pub_flag",sec_score,pub_flag,e53a20b14bcf9a629ec9aa31919d185af61a19ea8150072d5c11c2e8fce3ef08,26,10,2,0,2,7,0,0,0,1,1,4,6,18,4,0,2,3,0,0.2222,1.0,0.0,0,0.0,0,1,2,2,0,3,3,3
P000631,nested_branches,datasets\stage3_scaling\programs\P000631.c,datasets\stage3_scaling\miters\P000631_miter.c,"sec_score,pub_flag",sec_score,pub_flag,911cfe04d2c6cb87cdd714c7bacebe4e15d78a8ab383e6a8559707108aeef2e1,26,10,2,0,2,7,0,0,0,1,1,4,6,18,4,0,2,3,0,0.2222,1.0,0.0,0,0.0,0,1,2,2,0,3,3,3
P000632,nested_branches,datasets\stage3_scaling\programs\P000632.c,datasets\stage3_scaling\miters\P000632_miter.c,"sec_score,pub_flag",sec_score,pub_flag,3a7e284cf12c8fca089908b17e1678e66c2538918d36b192fcf822e8691b1537,26,10,2,0,2,7,0,0,0,1,1,4,6,18,4,0,2,3,0,0.2222,1.0,0.0,0,0.0,0,1,2,2,0,3,3,3
P000633,nested_branches,datasets\stage3_scaling\programs\P000633.c,datasets\stage3_scaling\miters\P000633_miter.c,"sec_score,pub_flag",sec_score,pub_flag,af9c3c3c3f910a86f1801d0fdbd1df7a31f225ed0d07f73058f30e33813a9cb1,26,10,2,0,2,7,0,0,0,1,1,4,6,18,4,0,2,3,0,0.2222,1.0,0.0,0,0.0,0,1,2,2,0,3,3,3
P000634,nested_branches,datasets\stage3_scaling\programs\P000634.c,datasets\stage3_scaling\miters\P000634_miter.c,"sec_score,pub_flag",sec_score,pub_flag,4f134fafd2ee195c77f94ff28cded54db6704d551d2da54991e2647a0f273c58,26,10,2,0,2,7,0,0,0,1,1,4,6,18,4,0,2,3,0,0.2222,1.0,0.0,0,0.0,0,1,2,2,0,3,3,3
P000635,nested_branches,datasets\stage3_scaling\programs\P000635.c,datasets\stage3_scaling\miters\P000635_miter.c,"sec_score,pub_flag",sec_score,pub_flag,779c9a99312b9ba36744bf9d139f62669291382a48c9b7d602a84f79534c216b,26,10,2,0,2,7,0,0,0,1,1,4,6,18,4,0,2,3,0,0.2222,1.0,0.0,0,0.0,0,1,2,2,0,3,3,3
P000636,nested_branches,datasets\stage3_scaling\programs\P000636.c,datasets\stage3_scaling\miters\P000636_miter.c,"sec_score,pub_flag",sec_score,pub_flag,2d4caed9680c23720edc7d774321a7c0c3160d37f64c4d9cf8c238bd4edc320d,26,10,2,0,2,7,0,0,0,1,1,4,6,18,4,0,2,3,0,0.2222,1.0,0.0,0,0.0,0,1,2,2,0,3,3,3
P000637,nested_branches,datasets\stage3_scaling\programs\P000637.c,datasets\stage3_scaling\miters\P000637_miter.c,"sec_score,pub_flag",sec_score,pub_flag,3d8ba7e1f6a6fce3c2a8fc0049aed47acbbc02bbb20690e900a18224f8514179,26,10,2,0,2,7,0,0,0,1,1,4,6,18,4,0,2,3,0,0.2222,1.0,0.0,0,0.0,0,1,2,2,0,3,3,3
P000638,nested_branches,datasets\stage3_scaling\programs\P000638.c,datasets\stage3_scaling\miters\P000638_miter.c,"sec_score,pub_flag",sec_score,pub_flag,24df9f1cdefa609391f1d6cd784ed1cca463918abd0d7ae1872af08046d12f7c,26,10,2,0,2,7,0,0,0,1,1,4,6,18,4,0,2,3,0,0.2222,1.0,0.0,0,0.0,0,1,2,2,0,3,3,3
P000639,nested_branches,datasets\stage3_scaling\programs\P000639.c,datasets\stage3_scaling\miters\P000639_miter.c,"sec_score,pub_flag",sec_score,pub_flag,dad3984f8e09c3b82239ecf59fe7c985615573cc5905e625ca66583b7090289f,26,10,2,0,2,7,0,0,0,1,1,4,6,18,4,0,2,3,0,0.2222,1.0,0.0,0,0.0,0,1,2,2,0,3,3,3
P000640,nested_branches,datasets\stage3_scaling\programs\P000640.c,datasets\stage3_scaling\miters\P000640_miter.c,"sec_score,pub_flag",sec_score,pub_flag,17bcdf7995b35982dbeca6dd6bf36e85ac7dbd3905d6081202cd7477a9908dfe,26,10,2,0,2,7,0,0,0,1,1,4,6,18,4,0,2,3,0,0.2222,1.0,0.0,0,0.0,0,1,2,2,0,3,3,3
P000641,nested_branches,datasets\stage3_scaling\programs\P000641.c,datasets\stage3_scaling\miters\P000641_miter.c,"sec_score,pub_flag",sec_score,pub_flag,44b0ca1579b3b4856ec46f40b68104e4c394d2391ff6ba19d09e4ab6be758a93,26,10,2,0,2,7,0,0,0,1,1,4,6,18,4,0,2,3,0,0.2222,1.0,0.0,0,0.0,0,1,2,2,0,3,3,3
P000642,nested_branches,datasets\stage3_scaling\programs\P000642.c,datasets\stage3_scaling\miters\P000642_miter.c,"sec_score,pub_flag",sec_score,pub_flag,cf740fce1e22ba1bcf500f111552d2dd42e1c6108bd8129764baf96a0a65f2bc,26,10,2,0,2,7,0,0,0,1,1,4,6,18,4,0,2,3,0,0.2222,1.0,0.0,0,0.0,0,1,2,2,0,3,3,3
P000643,nested_branches,datasets\stage3_scaling\programs\P000643.c,datasets\stage3_scaling\miters\P000643_miter.c,"sec_score,pub_flag",sec_score,pub_flag,7390af738eaf9cc12a4657950810cb66a711be15f341bb62396fc79903d1081b,26,10,2,0,2,7,0,0,0,1,1,4,6,18,4,0,2,3,0,0.2222,1.0,0.0,0,0.0,0,1,2,2,0,3,3,3
P000644,nested_branches,datasets\stage3_scaling\programs\P000644.c,datasets\stage3_scaling\miters\P000644_miter.c,"sec_score,pub_flag",sec_score,pub_flag,134f4f60b6d1fb784dfdf2fa7a2353a8707fdcf98ee8706854a24f28c81cbed1,26,10,2,0,2,7,0,0,0,1,1,4,6,18,4,0,2,3,0,0.2222,1.0,0.0,0,0.0,0,1,2,2,0,3,3,3
P000645,nested_branches,datasets\stage3_scaling\programs\P000645.c,datasets\stage3_scaling\miters\P000645_miter.c,"sec_score,pub_flag",sec_score,pub_flag,49138e5ff933c3ec185006c1137794892b52796ed0c04a6dab168a61bded8569,26,10,2,0,2,7,0,0,0,1,1,4,6,18,4,0,2,3,0,0.2222,1.0,0.0,0,0.0,0,1,2,2,0,3,3,3
P000646,nested_branches,datasets\stage3_scaling\programs\P000646.c,datasets\stage3_scaling\miters\P000646_miter.c,"sec_score,pub_flag",sec_score,pub_flag,8f1024abc37353a882dd59cad36a19b66ded2e929fdbcd8ad0d018a3303c3802,26,10,2,0,2,7,0,0,0,1,1,4,6,18,4,0,2,3,0,0.2222,1.0,0.0,0,0.0,0,1,2,2,0,3,3,3
P000647,nested_branches,datasets\stage3_scaling\programs\P000647.c,datasets\stage3_scaling\miters\P000647_miter.c,"sec_score,pub_flag",sec_score,pub_flag,289c9b56210c4c3fb7de94df7d046d8462a66f2be9494aef0613f98dbf9a6811,26,10,2,0,2,7,0,0,0,1,1,4,6,18,4,0,2,3,0,0.2222,1.0,0.0,0,0.0,0,1,2,2,0,3,3,3
P000648,nested_branches,datasets\stage3_scaling\programs\P000648.c,datasets\stage3_scaling\miters\P000648_miter.c,"sec_score,pub_flag",sec_score,pub_flag,22aedea1e6b88d29551a010ee5b6e4db1aaf319bbf4d4eea2df600656f152bd4,26,10,2,0,2,7,0,0,0,1,1,4,6,18,4,0,2,3,0,0.2222,1.0,0.0,0,0.0,0,1,2,2,0,3,3,3
P000649,nested_branches,datasets\stage3_scaling\programs\P000649.c,datasets\stage3_scaling\miters\P000649_miter.c,"sec_score,pub_flag",sec_score,pub_flag,62b38dfbbfb031bd1eca07073673a02d8428e7613d9aa1fd5ee988937f9a7a18,26,10,2,0,2,7,0,0,0,1,1,4,6,18,4,0,2,3,0,0.2222,1.0,0.0,0,0.0,0,1,2,2,0,3,3,3
P000650,nested_branches,datasets\stage3_scaling\programs\P000650.c,datasets\stage3_scaling\miters\P000650_miter.c,"sec_score,pub_flag",sec_score,pub_flag,99f258de0c983772173fc4222f9dd0afa528b84e96b6794b8e0a5000f0423796,26,10,2,0,2,7,0,0,0,1,1,4,6,18,4,0,2,3,0,0.2222,1.0,0.0,0,0.0,0,1,2,2,0,3,3,3
P000651,nested_branches,datasets\stage3_scaling\programs\P000651.c,datasets\stage3_scaling\miters\P000651_miter.c,"sec_score,pub_flag",sec_score,pub_flag,b07ee0c22f557e58e6bf7701c47ebb7c305efc773f775efe8b74518d0c35f578,26,10,2,0,2,7,0,0,0,1,1,4,6,18,4,0,2,3,0,0.2222,1.0,0.0,0,0.0,0,1,2,2,0,3,3,3
P000652,nested_branches,datasets\stage3_scaling\programs\P000652.c,datasets\stage3_scaling\miters\P000652_miter.c,"sec_score,pub_flag",sec_score,pub_flag,229ae8394d80005fe953fdfb65fafa9708a19d2003ed28e8a8f84cbb80a6b06c,26,10,2,0,2,7,0,0,0,1,1,4,6,18,4,0,2,3,0,0.2222,1.0,0.0,0,0.0,0,1,2,2,0,3,3,3
P000653,nested_branches,datasets\stage3_scaling\programs\P000653.c,datasets\stage3_scaling\miters\P000653_miter.c,"sec_score,pub_flag",sec_score,pub_flag,2b051ce51599420c3becee15af5f16f7ba1355cbe878d64e2dc00f8de720fc83,26,10,2,0,2,7,0,0,0,1,1,4,6,18,4,0,2,3,0,0.2222,1.0,0.0,0,0.0,0,1,2,2,0,3,3,3
P000654,nested_branches,datasets\stage3_scaling\programs\P000654.c,datasets\stage3_scaling\miters\P000654_miter.c,"sec_score,pub_flag",sec_score,pub_flag,684450fa4bf220e34919aff3644aa97119af210ad6d196e0aa14b199b9be229c,26,10,2,0,2,7,0,0,0,1,1,4,6,18,4,0,2,3,0,0.2222,1.0,0.0,0,0.0,0,1,2,2,0,3,3,3
P000655,nested_branches,datasets\stage3_scaling\programs\P000655.c,datasets\stage3_scaling\miters\P000655_miter.c,"sec_score,pub_flag",sec_score,pub_flag,583b898c62d55d6be7fd8599562172ac72eb6c5bce363d7ad8137ca6cbb297ff,26,10,2,0,2,7,0,0,0,1,1,4,6,18,4,0,2,3,0,0.2222,1.0,0.0,0,0.0,0,1,2,2,0,3,3,3
P000656,nested_branches,datasets\stage3_scaling\programs\P000656.c,datasets\stage3_scaling\miters\P000656_miter.c,"sec_score,pub_flag",sec_score,pub_flag,4cafae6443c8157515e076dd7a94e32183289615dbb1c402b2d516e9a5093e85,26,10,2,0,2,7,0,0,0,1,1,4,6,18,4,0,2,3,0,0.2222,1.0,0.0,0,0.0,0,1,2,2,0,3,3,3
P000657,nested_branches,datasets\stage3_scaling\programs\P000657.c,datasets\stage3_scaling\miters\P000657_miter.c,"sec_score,pub_flag",sec_score,pub_flag,a8a4a62cc0efe96b15b3d086abc9c65a60908a3531be97d3c52311b760ab8561,26,10,2,0,2,7,0,0,0,1,1,4,6,18,4,0,2,3,0,0.2222,1.0,0.0,0,0.0,0,1,2,2,0,3,3,3
P000658,nested_branches,datasets\stage3_scaling\programs\P000658.c,datasets\stage3_scaling\miters\P000658_miter.c,"sec_score,pub_flag",sec_score,pub_flag,aa6cf767edd9155667ba05d394988fa19713dd249d1e4031942204aa32cfaf7a,26,10,2,0,2,7,0,0,0,1,1,4,6,18,4,0,2,3,0,0.2222,1.0,0.0,0,0.0,0,1,2,2,0,3,3,3
P000659,nested_branches,datasets\stage3_scaling\programs\P000659.c,datasets\stage3_scaling\miters\P000659_miter.c,"sec_score,pub_flag",sec_score,pub_flag,6b6d07eb5c79eaa7146d6491f4a7fa2a1abfe122836468b9fee00c65952dbb2d,26,10,2,0,2,7,0,0,0,1,1,4,6,18,4,0,2,3,0,0.2222,1.0,0.0,0,0.0,0,1,2,2,0,3,3,3
P000660,nested_branches,datasets\stage3_scaling\programs\P000660.c,datasets\stage3_scaling\miters\P000660_miter.c,"sec_score,pub_flag",sec_score,pub_flag,5e1385a77ff305d02304b9d85fbfa43c5665c6a8197fe552dd00262e401d4b34,26,10,2,0,2,7,0,0,0,1,1,4,6,18,4,0,2,3,0,0.2222,1.0,0.0,0,0.0,0,1,2,2,0,3,3,3
P000661,nested_branches,datasets\stage3_scaling\programs\P000661.c,datasets\stage3_scaling\miters\P000661_miter.c,"sec_score,pub_flag",sec_score,pub_flag,13526c7c042ee601c6e734774c551e93c77dc36698b1178dfa5e4fd99ab3e8fa,26,10,2,0,2,7,0,0,0,1,1,4,6,18,4,0,2,3,0,0.2222,1.0,0.0,0,0.0,0,1,2,2,0,3,3,3
P000662,nested_branches,datasets\stage3_scaling\programs\P000662.c,datasets\stage3_scaling\miters\P000662_miter.c,"sec_score,pub_flag",sec_score,pub_flag,fbea7fd203f652d043ac3a9961e61e5929c21666c51b50d7e9cd65f848c4f001,26,10,2,0,2,7,0,0,0,1,1,4,6,18,4,0,2,3,0,0.2222,1.0,0.0,0,0.0,0,1,2,2,0,3,3,3
P000663,nested_branches,datasets\stage3_scaling\programs\P000663.c,datasets\stage3_scaling\miters\P000663_miter.c,"sec_score,pub_flag",sec_score,pub_flag,dfb72cecbfec11e87b786ab583f74a0e07b3596c2c45c0ea6f1a0f38dccb3936,26,10,2,0,2,7,0,0,0,1,1,4,6,18,4,0,2,3,0,0.2222,1.0,0.0,0,0.0,0,1,2,2,0,3,3,3
P000664,nested_branches,datasets\stage3_scaling\programs\P000664.c,datasets\stage3_scaling\miters\P000664_miter.c,"sec_score,pub_flag",sec_score,pub_flag,e141c2d11b1d2031c52f362bcffc194120ae90465352204bc1c91f9a144d0da8,26,10,2,0,2,7,0,0,0,1,1,4,6,18,4,0,2,3,0,0.2222,1.0,0.0,0,0.0,0,1,2,2,0,3,3,3
P000665,nested_branches,datasets\stage3_scaling\programs\P000665.c,datasets\stage3_scaling\miters\P000665_miter.c,"sec_score,pub_flag",sec_score,pub_flag,d9139b72b1f38971e009129d0e8b75a36b73d7ef6ff84c97b29cc5da86b842b3,26,10,2,0,2,7,0,0,0,1,1,4,6,18,4,0,2,3,0,0.2222,1.0,0.0,0,0.0,0,1,2,2,0,3,3,3
P000666,nested_branches,datasets\stage3_scaling\programs\P000666.c,datasets\stage3_scaling\miters\P000666_miter.c,"sec_score,pub_flag",sec_score,pub_flag,02599ece8e0d5331b3cc25dabfcc81d6419e05e8bf24ad20a6dd70550268d44a,26,10,2,0,2,7,0,0,0,1,1,4,6,18,4,0,2,3,0,0.2222,1.0,0.0,0,0.0,0,1,2,2,0,3,3,3
P000667,nested_branches,datasets\stage3_scaling\programs\P000667.c,datasets\stage3_scaling\miters\P000667_miter.c,"sec_score,pub_flag",sec_score,pub_flag,89decc2f5c7270bf03d7427c49ee77c5a25859285465199875807eadeae5f2f7,26,10,2,0,2,7,0,0,0,1,1,4,6,18,4,0,2,3,0,0.2222,1.0,0.0,0,0.0,0,1,2,2,0,3,3,3
P000668,nested_branches,datasets\stage3_scaling\programs\P000668.c,datasets\stage3_scaling\miters\P000668_miter.c,"sec_score,pub_flag",sec_score,pub_flag,46b0b6f3f9110f53cd0b130a9839b75c7301a2fbedceab5178d77526be3e2839,26,10,2,0,2,7,0,0,0,1,1,4,6,18,4,0,2,3,0,0.2222,1.0,0.0,0,0.0,0,1,2,2,0,3,3,3
P000669,nested_branches,datasets\stage3_scaling\programs\P000669.c,datasets\stage3_scaling\miters\P000669_miter.c,"sec_score,pub_flag",sec_score,pub_flag,9e8f4c793907ee22abecf65389584b85fe6c0a8e2d4f31b4ca8bcb1fa68ceda0,26,10,2,0,2,7,0,0,0,1,1,4,6,18,4,0,2,3,0,0.2222,1.0,0.0,0,0.0,0,1,2,2,0,3,3,3
P000670,nested_branches,datasets\stage3_scaling\programs\P000670.c,datasets\stage3_scaling\miters\P000670_miter.c,"sec_score,pub_flag",sec_score,pub_flag,c6e19814efa6f2d31ab25639f0a222463c6450e0cdfd08ba5530999587618f45,26,10,2,0,2,7,0,0,0,1,1,4,6,18,4,0,2,3,0,0.2222,1.0,0.0,0,0.0,0,1,2,2,0,3,3,3
P000671,nested_branches,datasets\stage3_scaling\programs\P000671.c,datasets\stage3_scaling\miters\P000671_miter.c,"sec_score,pub_flag",sec_score,pub_flag,f16de7812cc77d77acd20b1e7eb033ea605d9daba39b2348681d5fc2e98dd606,26,10,2,0,2,7,0,0,0,1,1,4,6,18,4,0,2,3,0,0.2222,1.0,0.0,0,0.0,0,1,2,2,0,3,3,3
P000672,nested_branches,datasets\stage3_scaling\programs\P000672.c,datasets\stage3_scaling\miters\P000672_miter.c,"sec_score,pub_flag",sec_score,pub_flag,8b14ade598ee608ca74019bda6408f7d81879a001c9c26db10d27c3e22805142,26,10,2,0,2,7,0,0,0,1,1,4,6,18,4,0,2,3,0,0.2222,1.0,0.0,0,0.0,0,1,2,2,0,3,3,3
P000673,nested_branches,datasets\stage3_scaling\programs\P000673.c,datasets\stage3_scaling\miters\P000673_miter.c,"sec_score,pub_flag",sec_score,pub_flag,bee793fab491680db79b24691a2a4913db9cb6e058d2ae61e1435cc6746c1dd0,26,10,2,0,2,7,0,0,0,1,1,4,6,18,4,0,2,3,0,0.2222,1.0,0.0,0,0.0,0,1,2,2,0,3,3,3
P000674,nested_branches,datasets\stage3_scaling\programs\P000674.c,datasets\stage3_scaling\miters\P000674_miter.c,"sec_score,pub_flag",sec_score,pub_flag,3bfa686e8dfa56ac969ba78375c5640ae5ddf957d73bd910ec91604986252037,26,10,2,0,2,7,0,0,0,1,1,4,6,18,4,0,2,3,0,0.2222,1.0,0.0,0,0.0,0,1,2,2,0,3,3,3
P000675,nested_branches,datasets\stage3_scaling\programs\P000675.c,datasets\stage3_scaling\miters\P000675_miter.c,"sec_score,pub_flag",sec_score,pub_flag,a8db1b60aa2605a00959df992952b6f3c2832651e25f2de5cfc4ce013b5a191a,26,10,2,0,2,7,0,0,0,1,1,4,6,18,4,0,2,3,0,0.2222,1.0,0.0,0,0.0,0,1,2,2,0,3,3,3
P000676,nested_branches,datasets\stage3_scaling\programs\P000676.c,datasets\stage3_scaling\miters\P000676_miter.c,"sec_score,pub_flag",sec_score,pub_flag,c3e3412398858ba19ceb5ff8ac30629458fc4b907ca92f675a420b6864e674f9,26,10,2,0,2,7,0,0,0,1,1,4,6,18,4,0,2,3,0,0.2222,1.0,0.0,0,0.0,0,1,2,2,0,3,3,3
P000677,nested_branches,datasets\stage3_scaling\programs\P000677.c,datasets\stage3_scaling\miters\P000677_miter.c,"sec_score,pub_flag",sec_score,pub_flag,e7100803044c8b137b4112b67fc2ccb8fbb28de07e72ab030f24e580cd02c8c5,26,10,2,0,2,7,0,0,0,1,1,4,6,18,4,0,2,3,0,0.2222,1.0,0.0,0,0.0,0,1,2,2,0,3,3,3
P000678,nested_branches,datasets\stage3_scaling\programs\P000678.c,datasets\stage3_scaling\miters\P000678_miter.c,"sec_score,pub_flag",sec_score,pub_flag,d31aa5238a94d5c57e4113338e69f0279b0fcd1e0201bddb5be9fd09f8fbcb51,26,10,2,0,2,7,0,0,0,1,1,4,6,18,4,0,2,3,0,0.2222,1.0,0.0,0,0.0,0,1,2,2,0,3,3,3
P000679,nested_branches,datasets\stage3_scaling\programs\P000679.c,datasets\stage3_scaling\miters\P000679_miter.c,"sec_score,pub_flag",sec_score,pub_flag,abb7513b6eb158f65bd081bdb1f598c4019f0a9c96c1ce6c6c794d42d88d060e,26,10,2,0,2,7,0,0,0,1,1,4,6,18,4,0,2,3,0,0.2222,1.0,0.0,0,0.0,0,1,2,2,0,3,3,3
P000680,nested_branches,datasets\stage3_scaling\programs\P000680.c,datasets\stage3_scaling\miters\P000680_miter.c,"sec_score,pub_flag",sec_score,pub_flag,db2f40e79963bf945e3dfdae13176444731789357bf52f5faf31bd83989091da,26,10,2,0,2,7,0,0,0,1,1,4,6,18,4,0,2,3,0,0.2222,1.0,0.0,0,0.0,0,1,2,2,0,3,3,3
P000681,nested_branches,datasets\stage3_scaling\programs\P000681.c,datasets\stage3_scaling\miters\P000681_miter.c,"sec_score,pub_flag",sec_score,pub_flag,642e38c5dfcf7781a76f53fbe42771ca7861b0228489246916ad6cd238994a10,26,10,2,0,2,7,0,0,0,1,1,4,6,18,4,0,2,3,0,0.2222,1.0,0.0,0,0.0,0,1,2,2,0,3,3,3
P000682,nested_branches,datasets\stage3_scaling\programs\P000682.c,datasets\stage3_scaling\miters\P000682_miter.c,"sec_score,pub_flag",sec_score,pub_flag,89a7ee609774a89aa5d69035a1f092d8bff8fe4668de46a89d62266415746ed1,26,10,2,0,2,7,0,0,0,1,1,4,6,18,4,0,2,3,0,0.2222,1.0,0.0,0,0.0,0,1,2,2,0,3,3,3
P000683,nested_branches,datasets\stage3_scaling\programs\P000683.c,datasets\stage3_scaling\miters\P000683_miter.c,"sec_score,pub_flag",sec_score,pub_flag,6f534dbede46bd86fb69b232901fab17b5c145c62c3f46bb4d261e4c9a712d10,26,10,2,0,2,7,0,0,0,1,1,4,6,18,4,0,2,3,0,0.2222,1.0,0.0,0,0.0,0,1,2,2,0,3,3,3
P000684,nested_branches,datasets\stage3_scaling\programs\P000684.c,datasets\stage3_scaling\miters\P000684_miter.c,"sec_score,pub_flag",sec_score,pub_flag,efd969dc1e9c89e3456e075c652f8df1de9dd63858295933346e6ac966679c43,26,10,2,0,2,7,0,0,0,1,1,4,6,18,4,0,2,3,0,0.2222,1.0,0.0,0,0.0,0,1,2,2,0,3,3,3
P000685,nested_branches,datasets\stage3_scaling\programs\P000685.c,datasets\stage3_scaling\miters\P000685_miter.c,"sec_score,pub_flag",sec_score,pub_flag,efb6247870c625f587ba646a994c049b9a26902f202e951acdf42869b46bac8a,26,10,2,0,2,7,0,0,0,1,1,4,6,18,4,0,2,3,0,0.2222,1.0,0.0,0,0.0,0,1,2,2,0,3,3,3
P000686,nested_branches,datasets\stage3_scaling\programs\P000686.c,datasets\stage3_scaling\miters\P000686_miter.c,"sec_score,pub_flag",sec_score,pub_flag,a29b81201c2d80fed6b4b583990980a14a3a5ae00d8fc9a816c8a2cdebb153d1,26,10,2,0,2,7,0,0,0,1,1,4,6,18,4,0,2,3,0,0.2222,1.0,0.0,0,0.0,0,1,2,2,0,3,3,3
P000687,nested_branches,datasets\stage3_scaling\programs\P000687.c,datasets\stage3_scaling\miters\P000687_miter.c,"sec_score,pub_flag",sec_score,pub_flag,5ab356a491a0589c526ebe535d907879d8bf06cb5755f771be063666162f1b64,26,10,2,0,2,7,0,0,0,1,1,4,6,18,4,0,2,3,0,0.2222,1.0,0.0,0,0.0,0,1,2,2,0,3,3,3
P000688,nested_branches,datasets\stage3_scaling\programs\P000688.c,datasets\stage3_scaling\miters\P000688_miter.c,"sec_score,pub_flag",sec_score,pub_flag,f782b12210935b571c4b9c94c0b85d1c382e620b5ea05c43729414efdcfbc654,26,10,2,0,2,7,0,0,0,1,1,4,6,18,4,0,2,3,0,0.2222,1.0,0.0,0,0.0,0,1,2,2,0,3,3,3
P000689,nested_branches,datasets\stage3_scaling\programs\P000689.c,datasets\stage3_scaling\miters\P000689_miter.c,"sec_score,pub_flag",sec_score,pub_flag,b141bf5ff8371ee878a908e7ec322a9579884ce02278b4885980614339bad62f,26,10,2,0,2,7,0,0,0,1,1,4,6,18,4,0,2,3,0,0.2222,1.0,0.0,0,0.0,0,1,2,2,0,3,3,3
P000690,nested_branches,datasets\stage3_scaling\programs\P000690.c,datasets\stage3_scaling\miters\P000690_miter.c,"sec_score,pub_flag",sec_score,pub_flag,0dbd651d871604f835c87ccb311a286d2a031b84a59e0c3cf01addef3eae757e,26,10,2,0,2,7,0,0,0,1,1,4,6,18,4,0,2,3,0,0.2222,1.0,0.0,0,0.0,0,1,2,2,0,3,3,3
P000691,nested_branches,datasets\stage3_scaling\programs\P000691.c,datasets\stage3_scaling\miters\P000691_miter.c,"sec_score,pub_flag",sec_score,pub_flag,bf236dff3e687abf24001b3150e541478e1ffe38a607e98f888eae24cb33e008,26,10,2,0,2,7,0,0,0,1,1,4,6,18,4,0,2,3,0,0.2222,1.0,0.0,0,0.0,0,1,2,2,0,3,3,3
P000692,nested_branches,datasets\stage3_scaling\programs\P000692.c,datasets\stage3_scaling\miters\P000692_miter.c,"sec_score,pub_flag",sec_score,pub_flag,c6df422586edbb5bc01c3f779b36a4267ab0cc1a2582362bfe0bb9a375b093f5,26,10,2,0,2,7,0,0,0,1,1,4,6,18,4,0,2,3,0,0.2222,1.0,0.0,0,0.0,0,1,2,2,0,3,3,3
P000693,nested_branches,datasets\stage3_scaling\programs\P000693.c,datasets\stage3_scaling\miters\P000693_miter.c,"sec_score,pub_flag",sec_score,pub_flag,010eb8b6f430e014754d6d81f8388d391a69ffe2d57b42e5e355b34799f9db15,26,10,2,0,2,7,0,0,0,1,1,4,6,18,4,0,2,3,0,0.2222,1.0,0.0,0,0.0,0,1,2,2,0,3,3,3
P000694,nested_branches,datasets\stage3_scaling\programs\P000694.c,datasets\stage3_scaling\miters\P000694_miter.c,"sec_score,pub_flag",sec_score,pub_flag,955758506bc98abd2fd8b0427c9d760367124c62f6d7c4863740ba0b2af410e6,26,10,2,0,2,7,0,0,0,1,1,4,6,18,4,0,2,3,0,0.2222,1.0,0.0,0,0.0,0,1,2,2,0,3,3,3
P000695,nested_branches,datasets\stage3_scaling\programs\P000695.c,datasets\stage3_scaling\miters\P000695_miter.c,"sec_score,pub_flag",sec_score,pub_flag,1bf88e62cf293b2ad376ed9c55490d906d0fc2c34fd0b6237a038a6c67bb4167,26,10,2,0,2,7,0,0,0,1,1,4,6,18,4,0,2,3,0,0.2222,1.0,0.0,0,0.0,0,1,2,2,0,3,3,3
P000696,nested_branches,datasets\stage3_scaling\programs\P000696.c,datasets\stage3_scaling\miters\P000696_miter.c,"sec_score,pub_flag",sec_score,pub_flag,6f34992122be524cca7f0d9eb609d5339963895877af8f7ba7cde4856d3676e5,26,10,2,0,2,7,0,0,0,1,1,4,6,18,4,0,2,3,0,0.2222,1.0,0.0,0,0.0,0,1,2,2,0,3,3,3
P000697,nested_branches,datasets\stage3_scaling\programs\P000697.c,datasets\stage3_scaling\miters\P000697_miter.c,"sec_score,pub_flag",sec_score,pub_flag,3871f7e1bce646fb10c6fb414c4b925c2dfdd00074e775e64fe4e4c6c089b59d,26,10,2,0,2,7,0,0,0,1,1,4,6,18,4,0,2,3,0,0.2222,1.0,0.0,0,0.0,0,1,2,2,0,3,3,3
P000698,nested_branches,datasets\stage3_scaling\programs\P000698.c,datasets\stage3_scaling\miters\P000698_miter.c,"sec_score,pub_flag",sec_score,pub_flag,516ff9dfb1750cb8ca32095ad0c7e4bf702c463bd0c22c3e5b1b8251116f5c04,26,10,2,0,2,7,0,0,0,1,1,4,6,18,4,0,2,3,0,0.2222,1.0,0.0,0,0.0,0,1,2,2,0,3,3,3
P000699,nested_branches,datasets\stage3_scaling\programs\P000699.c,datasets\stage3_scaling\miters\P000699_miter.c,"sec_score,pub_flag",sec_score,pub_flag,5733ae611b498203a7526f2d4837ef2f4fae4208ab91aeee04bf90bd06bfc3e8,26,10,2,0,2,7,0,0,0,1,1,4,6,18,4,0,2,3,0,0.2222,1.0,0.0,0,0.0,0,1,2,2,0,3,3,3
P000700,nested_branches,datasets\stage3_scaling\programs\P000700.c,datasets\stage3_scaling\miters\P000700_miter.c,"sec_score,pub_flag",sec_score,pub_flag,a421d4bbf4bface3a078c7937a3e20672aecbacfde3a451c054ada382fea5052,26,10,2,0,2,7,0,0,0,1,1,4,6,18,4,0,2,3,0,0.2222,1.0,0.0,0,0.0,0,1,2,2,0,3,3,3
P000701,loop_accumulator,datasets\stage3_scaling\programs\P000701.c,datasets\stage3_scaling\miters\P000701_miter.c,"sec_data,pub_seed",sec_data,pub_seed,c9da3ee803bf7ef54774c570dca4a286e46ae7c6428f04184cfbb20c6367b22d,24,6,1,1,2,8,0,0,0,1,1,7,0,0,7,0,2,3,0,0.3333,0.0,0.0,2,0.4,1,1,3,4,6,3,3,3
P000702,loop_accumulator,datasets\stage3_scaling\programs\P000702.c,datasets\stage3_scaling\miters\P000702_miter.c,"sec_data,pub_seed",sec_data,pub_seed,d20795531d06b9aed80bce11d9191a385000492a7f70b6533bb6d1f527b7192f,24,6,1,1,2,8,0,0,0,1,1,7,0,0,7,0,2,3,0,0.3333,0.0,0.0,3,0.6,1,1,3,4,6,3,3,3
P000703,loop_accumulator,datasets\stage3_scaling\programs\P000703.c,datasets\stage3_scaling\miters\P000703_miter.c,"sec_data,pub_seed",sec_data,pub_seed,5689055d9a393884357fff957259d9a3d7f43b5227de2266c7330fcdd4446cec,24,6,1,1,2,8,0,0,0,1,1,7,0,0,7,0,2,3,0,0.3333,0.0,0.0,4,0.8,1,1,3,4,6,3,3,3
P000704,loop_accumulator,datasets\stage3_scaling\programs\P000704.c,datasets\stage3_scaling\miters\P000704_miter.c,"sec_data,pub_seed",sec_data,pub_seed,1f0f33eae472bd6bccae36d8d43db6dd4a4261727d5d3431fb7fedc6a5105ff7,24,6,1,1,2,8,0,0,0,1,1,7,0,0,7,0,2,3,0,0.3333,0.0,0.0,5,1.0,1,1,3,4,6,0,0,3
P000705,loop_accumulator,datasets\stage3_scaling\programs\P000705.c,datasets\stage3_scaling\miters\P000705_miter.c,"sec_data,pub_seed",sec_data,pub_seed,7dd052e1f9799e08c863f80e3461c767f2bbfc17423889fe27f7373aeedb5537,24,6,1,1,2,8,0,0,0,1,1,7,0,0,7,0,2,3,0,0.3333,0.0,0.0,2,0.4,1,1,3,4,6,3,3,3
P000706,loop_accumulator,datasets\stage3_scaling\programs\P000706.c,datasets\stage3_scaling\miters\P000706_miter.c,"sec_data,pub_seed",sec_data,pub_seed,05071ee1b4c082e4d92c172c22cf36613436388b8d372c89474ab0d00d96e5fa,24,6,1,1,2,8,0,0,0,1,1,7,0,0,7,0,2,3,0,0.3333,0.0,0.0,3,0.6,1,1,3,4,6,3,3,3
P000707,loop_accumulator,datasets\stage3_scaling\programs\P000707.c,datasets\stage3_scaling\miters\P000707_miter.c,"sec_data,pub_seed",sec_data,pub_seed,d40db28b1b6edf7f3a67e3d71724e7c1944e418cd7ab2315396d57825512bba4,24,6,1,1,2,8,0,0,0,1,1,7,0,0,7,0,2,3,0,0.3333,0.0,0.0,4,0.8,1,1,3,4,6,3,3,3
P000708,loop_accumulator,datasets\stage3_scaling\programs\P000708.c,datasets\stage3_scaling\miters\P000708_miter.c,"sec_data,pub_seed",sec_data,pub_seed,c050e9ad69b4476fd37338976c53c7efca1c905eb2d05edd33656a05074958d5,24,6,1,1,2,8,0,0,0,1,1,7,0,0,7,0,2,3,0,0.3333,0.0,0.0,5,1.0,1,1,3,4,6,0,0,3
P000709,loop_accumulator,datasets\stage3_scaling\programs\P000709.c,datasets\stage3_scaling\miters\P000709_miter.c,"sec_data,pub_seed",sec_data,pub_seed,280815428a73078cebb1ef49b9e7b7b617dd075f05e421f537aa0ac7757aaecf,24,6,1,1,2,8,0,0,0,1,1,7,0,0,7,0,2,3,0,0.3333,0.0,0.0,2,0.4,1,1,3,4,6,3,3,3
P000710,loop_accumulator,datasets\stage3_scaling\programs\P000710.c,datasets\stage3_scaling\miters\P000710_miter.c,"sec_data,pub_seed",sec_data,pub_seed,84a5b6eda255c7260eeec319b43feabd3a35bf4027c54780322af36e77c773c6,24,6,1,1,2,8,0,0,0,1,1,7,0,0,7,0,2,3,0,0.3333,0.0,0.0,3,0.6,1,1,3,4,6,3,3,3
P000711,loop_accumulator,datasets\stage3_scaling\programs\P000711.c,datasets\stage3_scaling\miters\P000711_miter.c,"sec_data,pub_seed",sec_data,pub_seed,47f0200d5d30981f74745db7faff61284b5343aced674b3977d630bdbfdc215f,24,6,1,1,2,8,0,0,0,1,1,7,0,0,7,0,2,3,0,0.3333,0.0,0.0,4,0.8,1,1,3,4,6,3,3,3
P000712,loop_accumulator,datasets\stage3_scaling\programs\P000712.c,datasets\stage3_scaling\miters\P000712_miter.c,"sec_data,pub_seed",sec_data,pub_seed,4b55246b331386fafdaf01797d795106948b3c9da9fb17da2914ae9e70456d9d,24,6,1,1,2,8,0,0,0,1,1,7,0,0,7,0,2,3,0,0.3333,0.0,0.0,5,1.0,1,1,3,4,6,0,0,3
P000713,loop_accumulator,datasets\stage3_scaling\programs\P000713.c,datasets\stage3_scaling\miters\P000713_miter.c,"sec_data,pub_seed",sec_data,pub_seed,95dcd88aa117bcc6e0b597e3faf30b04f4ed774323847b86368927d55e934903,24,6,1,1,2,8,0,0,0,1,1,7,0,0,7,0,2,3,0,0.3333,0.0,0.0,2,0.4,1,1,3,4,6,3,3,3
P000714,loop_accumulator,datasets\stage3_scaling\programs\P000714.c,datasets\stage3_scaling\miters\P000714_miter.c,"sec_data,pub_seed",sec_data,pub_seed,adfaaa7160b97c8b82a6120bce6214b46299e40f7a10a6e17e71954bc136ab16,24,6,1,1,2,8,0,0,0,1,1,7,0,0,7,0,2,3,0,0.3333,0.0,0.0,3,0.6,1,1,3,4,6,3,3,3
P000715,loop_accumulator,datasets\stage3_scaling\programs\P000715.c,datasets\stage3_scaling\miters\P000715_miter.c,"sec_data,pub_seed",sec_data,pub_seed,cafbdb6e8aefea04b1b7a8a9a4f6554e6a0130ac189b9b61ecec10e5affbe545,24,6,1,1,2,8,0,0,0,1,1,7,0,0,7,0,2,3,0,0.3333,0.0,0.0,4,0.8,1,1,3,4,6,3,3,3
P000716,loop_accumulator,datasets\stage3_scaling\programs\P000716.c,datasets\stage3_scaling\miters\P000716_miter.c,"sec_data,pub_seed",sec_data,pub_seed,9d999575999e8d0d9df575d1d42247f7b758bba75b67d8219ea4d79342e5c153,24,6,1,1,2,8,0,0,0,1,1,7,0,0,7,0,2,3,0,0.3333,0.0,0.0,5,1.0,1,1,3,4,6,0,0,3
P000717,loop_accumulator,datasets\stage3_scaling\programs\P000717.c,datasets\stage3_scaling\miters\P000717_miter.c,"sec_data,pub_seed",sec_data,pub_seed,d0d1cc9e6a6fa43bfcfb25fe7662154dd0ad94110c8668ca6a1490ab60aedb0d,24,6,1,1,2,8,0,0,0,1,1,7,0,0,7,0,2,3,0,0.3333,0.0,0.0,2,0.4,1,1,3,4,6,3,3,3
P000718,loop_accumulator,datasets\stage3_scaling\programs\P000718.c,datasets\stage3_scaling\miters\P000718_miter.c,"sec_data,pub_seed",sec_data,pub_seed,c92a0ec9c26c8b14c4c7a44e790d8c0e11ee80a59a851265021d63cd83a356e7,24,6,1,1,2,8,0,0,0,1,1,7,0,0,7,0,2,3,0,0.3333,0.0,0.0,3,0.6,1,1,3,4,6,3,3,3
P000719,loop_accumulator,datasets\stage3_scaling\programs\P000719.c,datasets\stage3_scaling\miters\P000719_miter.c,"sec_data,pub_seed",sec_data,pub_seed,b95933fdefc2a832c22d3672df0d48c044f793ccf289d9dd22506545ee63ceac,24,6,1,1,2,8,0,0,0,1,1,7,0,0,7,0,2,3,0,0.3333,0.0,0.0,4,0.8,1,1,3,4,6,3,3,3
P000720,loop_accumulator,datasets\stage3_scaling\programs\P000720.c,datasets\stage3_scaling\miters\P000720_miter.c,"sec_data,pub_seed",sec_data,pub_seed,f87aa01b2c95aa28b8103b6ce067f2e2d1e9162c7107f5cd5d89f304a27d2f0c,24,6,1,1,2,8,0,0,0,1,1,7,0,0,7,0,2,3,0,0.3333,0.0,0.0,5,1.0,1,1,3,4,6,0,0,3
P000721,loop_accumulator,datasets\stage3_scaling\programs\P000721.c,datasets\stage3_scaling\miters\P000721_miter.c,"sec_data,pub_seed",sec_data,pub_seed,bd35fa2f9dc72c47d7f514ad5b6ba04506ecec6106d683432b9d24a16fe1f223,24,6,1,1,2,8,0,0,0,1,1,7,0,0,7,0,2,3,0,0.3333,0.0,0.0,2,0.4,1,1,3,4,6,3,3,3
P000722,loop_accumulator,datasets\stage3_scaling\programs\P000722.c,datasets\stage3_scaling\miters\P000722_miter.c,"sec_data,pub_seed",sec_data,pub_seed,f21e0dab16c98be54bbc7681c1484d9d504d40c381801bb6039c1f6cdeb2157c,24,6,1,1,2,8,0,0,0,1,1,7,0,0,7,0,2,3,0,0.3333,0.0,0.0,3,0.6,1,1,3,4,6,3,3,3
P000723,loop_accumulator,datasets\stage3_scaling\programs\P000723.c,datasets\stage3_scaling\miters\P000723_miter.c,"sec_data,pub_seed",sec_data,pub_seed,bd6f3cde16c09e45c550574db3d381ff12f901e8d4c51f66165df3fa6f347ec8,24,6,1,1,2,8,0,0,0,1,1,7,0,0,7,0,2,3,0,0.3333,0.0,0.0,4,0.8,1,1,3,4,6,3,3,3
P000724,loop_accumulator,datasets\stage3_scaling\programs\P000724.c,datasets\stage3_scaling\miters\P000724_miter.c,"sec_data,pub_seed",sec_data,pub_seed,67e5d598e879a1a494973611739562f36df7873be5a5815cd609b9d49b74c6f0,24,6,1,1,2,8,0,0,0,1,1,7,0,0,7,0,2,3,0,0.3333,0.0,0.0,5,1.0,1,1,3,4,6,0,0,3
P000725,loop_accumulator,datasets\stage3_scaling\programs\P000725.c,datasets\stage3_scaling\miters\P000725_miter.c,"sec_data,pub_seed",sec_data,pub_seed,09f97b296f53e1dd27e8933fa24781d161e0730f56e0ab72c30084e455938bef,24,6,1,1,2,8,0,0,0,1,1,7,0,0,7,0,2,3,0,0.3333,0.0,0.0,2,0.4,1,1,3,4,6,3,3,3
P000726,loop_accumulator,datasets\stage3_scaling\programs\P000726.c,datasets\stage3_scaling\miters\P000726_miter.c,"sec_data,pub_seed",sec_data,pub_seed,8d691d947ed7670402366bc42fcf5ec5bce6b664c2f85ddba0e6feb1dd1079e1,24,6,1,1,2,8,0,0,0,1,1,7,0,0,7,0,2,3,0,0.3333,0.0,0.0,3,0.6,1,1,3,4,6,3,3,3
P000727,loop_accumulator,datasets\stage3_scaling\programs\P000727.c,datasets\stage3_scaling\miters\P000727_miter.c,"sec_data,pub_seed",sec_data,pub_seed,09b85424324308e99f1268a6ae3f8c95eea2f4f23fa2c0ba441d650b34d26c76,24,6,1,1,2,8,0,0,0,1,1,7,0,0,7,0,2,3,0,0.3333,0.0,0.0,4,0.8,1,1,3,4,6,3,3,3
P000728,loop_accumulator,datasets\stage3_scaling\programs\P000728.c,datasets\stage3_scaling\miters\P000728_miter.c,"sec_data,pub_seed",sec_data,pub_seed,27fbb3a38090da5913e8593921c0be59b4c15456d0bc7455607d9a463ac1b575,24,6,1,1,2,8,0,0,0,1,1,7,0,0,7,0,2,3,0,0.3333,0.0,0.0,5,1.0,1,1,3,4,6,0,0,3
P000729,loop_accumulator,datasets\stage3_scaling\programs\P000729.c,datasets\stage3_scaling\miters\P000729_miter.c,"sec_data,pub_seed",sec_data,pub_seed,f13b01d6bcb053d2b59a026bcf4db5e2ef6708ec32373efe25006b4adac68474,24,6,1,1,2,8,0,0,0,1,1,7,0,0,7,0,2,3,0,0.3333,0.0,0.0,2,0.4,1,1,3,4,6,3,3,3
P000730,loop_accumulator,datasets\stage3_scaling\programs\P000730.c,datasets\stage3_scaling\miters\P000730_miter.c,"sec_data,pub_seed",sec_data,pub_seed,1c161640b6f45103733a678dd78a2bc979cb4a73e76f85fd8bcff853f874299a,24,6,1,1,2,8,0,0,0,1,1,7,0,0,7,0,2,3,0,0.3333,0.0,0.0,3,0.6,1,1,3,4,6,3,3,3
P000731,loop_accumulator,datasets\stage3_scaling\programs\P000731.c,datasets\stage3_scaling\miters\P000731_miter.c,"sec_data,pub_seed",sec_data,pub_seed,b5d43fbb7120260623581e54592ca6c4aa1a50621d0ed2c1d4a61cc7ed1d8b09,24,6,1,1,2,8,0,0,0,1,1,7,0,0,7,0,2,3,0,0.3333,0.0,0.0,4,0.8,1,1,3,4,6,3,3,3
P000732,loop_accumulator,datasets\stage3_scaling\programs\P000732.c,datasets\stage3_scaling\miters\P000732_miter.c,"sec_data,pub_seed",sec_data,pub_seed,1d7ce84aa653bd12440c75f366a18a756daa478117e3b58890527a2bae27e999,24,6,1,1,2,8,0,0,0,1,1,7,0,0,7,0,2,3,0,0.3333,0.0,0.0,5,1.0,1,1,3,4,6,0,0,3
P000733,loop_accumulator,datasets\stage3_scaling\programs\P000733.c,datasets\stage3_scaling\miters\P000733_miter.c,"sec_data,pub_seed",sec_data,pub_seed,cba78f3db6784b5e8d2abf518e3bd567df82498d8a320e98bf5e49b21895a46e,24,6,1,1,2,8,0,0,0,1,1,7,0,0,7,0,2,3,0,0.3333,0.0,0.0,2,0.4,1,1,3,4,6,3,3,3
P000734,loop_accumulator,datasets\stage3_scaling\programs\P000734.c,datasets\stage3_scaling\miters\P000734_miter.c,"sec_data,pub_seed",sec_data,pub_seed,59c7b556cef695feb40777aa5976d4c779ff2b68dee8200f0f3c951bee4f9cc2,24,6,1,1,2,8,0,0,0,1,1,7,0,0,7,0,2,3,0,0.3333,0.0,0.0,3,0.6,1,1,3,4,6,3,3,3
P000735,loop_accumulator,datasets\stage3_scaling\programs\P000735.c,datasets\stage3_scaling\miters\P000735_miter.c,"sec_data,pub_seed",sec_data,pub_seed,74a9fd0adf61c642150fedec6f3da4fc3e9f28f80f15a05a7feb302f9a4cc6cb,24,6,1,1,2,8,0,0,0,1,1,7,0,0,7,0,2,3,0,0.3333,0.0,0.0,4,0.8,1,1,3,4,6,3,3,3
P000736,loop_accumulator,datasets\stage3_scaling\programs\P000736.c,datasets\stage3_scaling\miters\P000736_miter.c,"sec_data,pub_seed",sec_data,pub_seed,b9afeaceeabc4a6167df0dce00c4f9ab8487d4e0c298674eedbe4cb486d99a9f,24,6,1,1,2,8,0,0,0,1,1,7,0,0,7,0,2,3,0,0.3333,0.0,0.0,5,1.0,1,1,3,4,6,0,0,3
P000737,loop_accumulator,datasets\stage3_scaling\programs\P000737.c,datasets\stage3_scaling\miters\P000737_miter.c,"sec_data,pub_seed",sec_data,pub_seed,58d4a9db543543373f91b1746c7c403d3793fb6c2c027102a621a0c775b21104,24,6,1,1,2,8,0,0,0,1,1,7,0,0,7,0,2,3,0,0.3333,0.0,0.0,2,0.4,1,1,3,4,6,3,3,3
P000738,loop_accumulator,datasets\stage3_scaling\programs\P000738.c,datasets\stage3_scaling\miters\P000738_miter.c,"sec_data,pub_seed",sec_data,pub_seed,cda2c9789ba1856e32869e5296f378142939ce9e327a76ee375dc8b1ed188a08,24,6,1,1,2,8,0,0,0,1,1,7,0,0,7,0,2,3,0,0.3333,0.0,0.0,3,0.6,1,1,3,4,6,3,3,3
P000739,loop_accumulator,datasets\stage3_scaling\programs\P000739.c,datasets\stage3_scaling\miters\P000739_miter.c,"sec_data,pub_seed",sec_data,pub_seed,4c12533afdec643a6ec785a040fb6df58811afdd58f28c402da2191718bf8c9c,24,6,1,1,2,8,0,0,0,1,1,7,0,0,7,0,2,3,0,0.3333,0.0,0.0,4,0.8,1,1,3,4,6,3,3,3
P000740,loop_accumulator,datasets\stage3_scaling\programs\P000740.c,datasets\stage3_scaling\miters\P000740_miter.c,"sec_data,pub_seed",sec_data,pub_seed,2a8842ab5d7b1af3c8a243cac95a3574c5b4f1c917917f8546ab9b423fa2d11e,24,6,1,1,2,8,0,0,0,1,1,7,0,0,7,0,2,3,0,0.3333,0.0,0.0,5,1.0,1,1,3,4,6,0,0,3
P000741,loop_accumulator,datasets\stage3_scaling\programs\P000741.c,datasets\stage3_scaling\miters\P000741_miter.c,"sec_data,pub_seed",sec_data,pub_seed,6b49bef32879963a1d004b587fa283e8ca7279b843bc30544c3b2d5a6edaafcf,24,6,1,1,2,8,0,0,0,1,1,7,0,0,7,0,2,3,0,0.3333,0.0,0.0,2,0.4,1,1,3,4,6,3,3,3
P000742,loop_accumulator,datasets\stage3_scaling\programs\P000742.c,datasets\stage3_scaling\miters\P000742_miter.c,"sec_data,pub_seed",sec_data,pub_seed,a662ea21347a2ef6ba89d00abd7b59be92c2149d7bbe9966752f60b4289f1e08,24,6,1,1,2,8,0,0,0,1,1,7,0,0,7,0,2,3,0,0.3333,0.0,0.0,3,0.6,1,1,3,4,6,3,3,3
P000743,loop_accumulator,datasets\stage3_scaling\programs\P000743.c,datasets\stage3_scaling\miters\P000743_miter.c,"sec_data,pub_seed",sec_data,pub_seed,d3071c5bb16ac34cb0606b1f4a49067c550230f72f18d9cff438dc6b74c0693e,24,6,1,1,2,8,0,0,0,1,1,7,0,0,7,0,2,3,0,0.3333,0.0,0.0,4,0.8,1,1,3,4,6,3,3,3
P000744,loop_accumulator,datasets\stage3_scaling\programs\P000744.c,datasets\stage3_scaling\miters\P000744_miter.c,"sec_data,pub_seed",sec_data,pub_seed,cf8f49ba0010f0df555c65018487242d5d72bc079c7ec15382d82018c41d45cc,24,6,1,1,2,8,0,0,0,1,1,7,0,0,7,0,2,3,0,0.3333,0.0,0.0,5,1.0,1,1,3,4,6,0,0,3
P000745,loop_accumulator,datasets\stage3_scaling\programs\P000745.c,datasets\stage3_scaling\miters\P000745_miter.c,"sec_data,pub_seed",sec_data,pub_seed,a5fe1d5611738bb6ee3b65280cb1b542c5bcf5c4c8b16fa540acfd6c9619ba4c,24,6,1,1,2,8,0,0,0,1,1,7,0,0,7,0,2,3,0,0.3333,0.0,0.0,2,0.4,1,1,3,4,6,3,3,3
P000746,loop_accumulator,datasets\stage3_scaling\programs\P000746.c,datasets\stage3_scaling\miters\P000746_miter.c,"sec_data,pub_seed",sec_data,pub_seed,4bc2d8ed67fbe7026488c5f86b9e9f15ff26289327427ba8b8e91f4a0229df9b,24,6,1,1,2,8,0,0,0,1,1,7,0,0,7,0,2,3,0,0.3333,0.0,0.0,3,0.6,1,1,3,4,6,3,3,3
P000747,loop_accumulator,datasets\stage3_scaling\programs\P000747.c,datasets\stage3_scaling\miters\P000747_miter.c,"sec_data,pub_seed",sec_data,pub_seed,9f4059d78c4d95d31ccd43205bbd479c917f626674d99b46578e75bb9c46b557,24,6,1,1,2,8,0,0,0,1,1,7,0,0,7,0,2,3,0,0.3333,0.0,0.0,4,0.8,1,1,3,4,6,3,3,3
P000748,loop_accumulator,datasets\stage3_scaling\programs\P000748.c,datasets\stage3_scaling\miters\P000748_miter.c,"sec_data,pub_seed",sec_data,pub_seed,79c865a8e0145304c379adb5d57ad6384996407890420935d45115d6e3cd32d1,24,6,1,1,2,8,0,0,0,1,1,7,0,0,7,0,2,3,0,0.3333,0.0,0.0,5,1.0,1,1,3,4,6,0,0,3
P000749,loop_accumulator,datasets\stage3_scaling\programs\P000749.c,datasets\stage3_scaling\miters\P000749_miter.c,"sec_data,pub_seed",sec_data,pub_seed,0dff3b9f99221f7e254e5c5a1eceb4b7b15a0d1c6c0a37907a645130b3a1510c,24,6,1,1,2,8,0,0,0,1,1,7,0,0,7,0,2,3,0,0.3333,0.0,0.0,2,0.4,1,1,3,4,6,3,3,3
P000750,loop_accumulator,datasets\stage3_scaling\programs\P000750.c,datasets\stage3_scaling\miters\P000750_miter.c,"sec_data,pub_seed",sec_data,pub_seed,f82ee066e29fb7874094ab5c2503df856d8abf258f421fb6b23eba3bfb79f1f6,24,6,1,1,2,8,0,0,0,1,1,7,0,0,7,0,2,3,0,0.3333,0.0,0.0,3,0.6,1,1,3,4,6,3,3,3
P000751,loop_accumulator,datasets\stage3_scaling\programs\P000751.c,datasets\stage3_scaling\miters\P000751_miter.c,"sec_data,pub_seed",sec_data,pub_seed,ad1ddc38f1df1979d9801b913afd323b77f41fbc2221656a101fc57ebed90480,24,6,1,1,2,8,0,0,0,1,1,7,0,0,7,0,2,3,0,0.3333,0.0,0.0,4,0.8,1,1,3,4,6,3,3,3
P000752,loop_accumulator,datasets\stage3_scaling\programs\P000752.c,datasets\stage3_scaling\miters\P000752_miter.c,"sec_data,pub_seed",sec_data,pub_seed,05a9893b66ec19d4ed597655e54501d6c991be9b41ef523c679d146c2a4b1be2,24,6,1,1,2,8,0,0,0,1,1,7,0,0,7,0,2,3,0,0.3333,0.0,0.0,5,1.0,1,1,3,4,6,0,0,3
P000753,loop_accumulator,datasets\stage3_scaling\programs\P000753.c,datasets\stage3_scaling\miters\P000753_miter.c,"sec_data,pub_seed",sec_data,pub_seed,0f29a0495214e054fea85cdcbe4fcfa474b694a9af1326abc1defcc604b6e845,24,6,1,1,2,8,0,0,0,1,1,7,0,0,7,0,2,3,0,0.3333,0.0,0.0,2,0.4,1,1,3,4,6,3,3,3
P000754,loop_accumulator,datasets\stage3_scaling\programs\P000754.c,datasets\stage3_scaling\miters\P000754_miter.c,"sec_data,pub_seed",sec_data,pub_seed,153a52c558b28458088b7ee9e3cbc229cd770ca0f70e61dbebb39b61c06d49d5,24,6,1,1,2,8,0,0,0,1,1,7,0,0,7,0,2,3,0,0.3333,0.0,0.0,3,0.6,1,1,3,4,6,3,3,3
P000755,loop_accumulator,datasets\stage3_scaling\programs\P000755.c,datasets\stage3_scaling\miters\P000755_miter.c,"sec_data,pub_seed",sec_data,pub_seed,9d67d0f2c9cbfadf5906c9a9e2ba23e7c36a183809f32a1fcf1758a7def09d96,24,6,1,1,2,8,0,0,0,1,1,7,0,0,7,0,2,3,0,0.3333,0.0,0.0,4,0.8,1,1,3,4,6,3,3,3
P000756,loop_accumulator,datasets\stage3_scaling\programs\P000756.c,datasets\stage3_scaling\miters\P000756_miter.c,"sec_data,pub_seed",sec_data,pub_seed,2dd797c9d6ba7c8975bb3ec5a617eaf74ccca98bc124a943a1ffd6bf1e963879,24,6,1,1,2,8,0,0,0,1,1,7,0,0,7,0,2,3,0,0.3333,0.0,0.0,5,1.0,1,1,3,4,6,0,0,3
P000757,loop_accumulator,datasets\stage3_scaling\programs\P000757.c,datasets\stage3_scaling\miters\P000757_miter.c,"sec_data,pub_seed",sec_data,pub_seed,e57c28282a4d25a3a26b39bc8873a827ea6b0fbcb216e9925fcaf3e2a5a47a02,24,6,1,1,2,8,0,0,0,1,1,7,0,0,7,0,2,3,0,0.3333,0.0,0.0,2,0.4,1,1,3,4,6,3,3,3
P000758,loop_accumulator,datasets\stage3_scaling\programs\P000758.c,datasets\stage3_scaling\miters\P000758_miter.c,"sec_data,pub_seed",sec_data,pub_seed,199eb41310ece8528f38cd15a8ca0a76f36b324e7894773233e395f16922ee1f,24,6,1,1,2,8,0,0,0,1,1,7,0,0,7,0,2,3,0,0.3333,0.0,0.0,3,0.6,1,1,3,4,6,3,3,3
P000759,loop_accumulator,datasets\stage3_scaling\programs\P000759.c,datasets\stage3_scaling\miters\P000759_miter.c,"sec_data,pub_seed",sec_data,pub_seed,5b7cda3764c8890c6b97d30e8406e47762d700ff02b7b2a9c24f47f6f1fc87e0,24,6,1,1,2,8,0,0,0,1,1,7,0,0,7,0,2,3,0,0.3333,0.0,0.0,4,0.8,1,1,3,4,6,3,3,3
P000760,loop_accumulator,datasets\stage3_scaling\programs\P000760.c,datasets\stage3_scaling\miters\P000760_miter.c,"sec_data,pub_seed",sec_data,pub_seed,96ceede20d9ef44dd27a66796af35091e3dddd6f4c2c2b2e4807cd296445bd44,24,6,1,1,2,8,0,0,0,1,1,7,0,0,7,0,2,3,0,0.3333,0.0,0.0,5,1.0,1,1,3,4,6,0,0,3
P000761,loop_accumulator,datasets\stage3_scaling\programs\P000761.c,datasets\stage3_scaling\miters\P000761_miter.c,"sec_data,pub_seed",sec_data,pub_seed,693969d4c486b9d3cf243a8116964f8624574ca56c87ced892d682150af75b91,24,6,1,1,2,8,0,0,0,1,1,7,0,0,7,0,2,3,0,0.3333,0.0,0.0,2,0.4,1,1,3,4,6,3,3,3
P000762,loop_accumulator,datasets\stage3_scaling\programs\P000762.c,datasets\stage3_scaling\miters\P000762_miter.c,"sec_data,pub_seed",sec_data,pub_seed,3918d5cd55d83e9c65f479acbac2d67b7d7b848031ba55ecb482ac8eae9d1645,24,6,1,1,2,8,0,0,0,1,1,7,0,0,7,0,2,3,0,0.3333,0.0,0.0,3,0.6,1,1,3,4,6,3,3,3
P000763,loop_accumulator,datasets\stage3_scaling\programs\P000763.c,datasets\stage3_scaling\miters\P000763_miter.c,"sec_data,pub_seed",sec_data,pub_seed,ffd17a4688daa9661c869d7d32ba180053d96bd86ae4da97e5729bc6ca12b1e7,24,6,1,1,2,8,0,0,0,1,1,7,0,0,7,0,2,3,0,0.3333,0.0,0.0,4,0.8,1,1,3,4,6,3,3,3
P000764,loop_accumulator,datasets\stage3_scaling\programs\P000764.c,datasets\stage3_scaling\miters\P000764_miter.c,"sec_data,pub_seed",sec_data,pub_seed,025b2802a7f8ee5b4992fc48c2c66a0192929f45a0d30bc8d430e077b6d614b9,24,6,1,1,2,8,0,0,0,1,1,7,0,0,7,0,2,3,0,0.3333,0.0,0.0,5,1.0,1,1,3,4,6,0,0,3
P000765,loop_accumulator,datasets\stage3_scaling\programs\P000765.c,datasets\stage3_scaling\miters\P000765_miter.c,"sec_data,pub_seed",sec_data,pub_seed,836c3043ef2fb634490780855f9884cabcd4f62329892eb83985a4f96b5603db,24,6,1,1,2,8,0,0,0,1,1,7,0,0,7,0,2,3,0,0.3333,0.0,0.0,2,0.4,1,1,3,4,6,3,3,3
P000766,loop_accumulator,datasets\stage3_scaling\programs\P000766.c,datasets\stage3_scaling\miters\P000766_miter.c,"sec_data,pub_seed",sec_data,pub_seed,3b78c9e1e049e9aa915aa67d5554acc459e71bcd0acb9f9bf4f6bd1124075b34,24,6,1,1,2,8,0,0,0,1,1,7,0,0,7,0,2,3,0,0.3333,0.0,0.0,3,0.6,1,1,3,4,6,3,3,3
P000767,loop_accumulator,datasets\stage3_scaling\programs\P000767.c,datasets\stage3_scaling\miters\P000767_miter.c,"sec_data,pub_seed",sec_data,pub_seed,0de21c470fc952b3d7cb2be1370adbe4ae6192beef90c9983d399ef6a95919df,24,6,1,1,2,8,0,0,0,1,1,7,0,0,7,0,2,3,0,0.3333,0.0,0.0,4,0.8,1,1,3,4,6,3,3,3
P000768,loop_accumulator,datasets\stage3_scaling\programs\P000768.c,datasets\stage3_scaling\miters\P000768_miter.c,"sec_data,pub_seed",sec_data,pub_seed,bcd6a2f17967043ef892c39c6dbafdd783dc03d38dca36005c68528de0afefd5,24,6,1,1,2,8,0,0,0,1,1,7,0,0,7,0,2,3,0,0.3333,0.0,0.0,5,1.0,1,1,3,4,6,0,0,3
P000769,loop_accumulator,datasets\stage3_scaling\programs\P000769.c,datasets\stage3_scaling\miters\P000769_miter.c,"sec_data,pub_seed",sec_data,pub_seed,111148e17377c5285e6e546742bf64b36fe4578cd43e14cb99e960f019127c7b,24,6,1,1,2,8,0,0,0,1,1,7,0,0,7,0,2,3,0,0.3333,0.0,0.0,2,0.4,1,1,3,4,6,3,3,3
P000770,loop_accumulator,datasets\stage3_scaling\programs\P000770.c,datasets\stage3_scaling\miters\P000770_miter.c,"sec_data,pub_seed",sec_data,pub_seed,c988b3527e9d595ffa45bb08fd08d5921055875da589d9ddbfd797ebb324bfc6,24,6,1,1,2,8,0,0,0,1,1,7,0,0,7,0,2,3,0,0.3333,0.0,0.0,3,0.6,1,1,3,4,6,3,3,3
P000771,loop_accumulator,datasets\stage3_scaling\programs\P000771.c,datasets\stage3_scaling\miters\P000771_miter.c,"sec_data,pub_seed",sec_data,pub_seed,f8964a2328d5669bf20d92363b774d50241277fc051155dec9c37fd6ddf9ccbe,24,6,1,1,2,8,0,0,0,1,1,7,0,0,7,0,2,3,0,0.3333,0.0,0.0,4,0.8,1,1,3,4,6,3,3,3
P000772,loop_accumulator,datasets\stage3_scaling\programs\P000772.c,datasets\stage3_scaling\miters\P000772_miter.c,"sec_data,pub_seed",sec_data,pub_seed,1a20967240828d0dda5b066597bcc3f4fd512bd1b51ec3c76f55bd62c2e8308d,24,6,1,1,2,8,0,0,0,1,1,7,0,0,7,0,2,3,0,0.3333,0.0,0.0,5,1.0,1,1,3,4,6,0,0,3
P000773,loop_accumulator,datasets\stage3_scaling\programs\P000773.c,datasets\stage3_scaling\miters\P000773_miter.c,"sec_data,pub_seed",sec_data,pub_seed,367307c8cf31c7fee4f035526fce054546c1f9e7dc19904a32c6862af7b392cc,24,6,1,1,2,8,0,0,0,1,1,7,0,0,7,0,2,3,0,0.3333,0.0,0.0,2,0.4,1,1,3,4,6,3,3,3
P000774,loop_accumulator,datasets\stage3_scaling\programs\P000774.c,datasets\stage3_scaling\miters\P000774_miter.c,"sec_data,pub_seed",sec_data,pub_seed,a44e313f29a807146a3b290330d36233395736bd815e62d1dcdd4a491a3883c0,24,6,1,1,2,8,0,0,0,1,1,7,0,0,7,0,2,3,0,0.3333,0.0,0.0,3,0.6,1,1,3,4,6,3,3,3
P000775,loop_accumulator,datasets\stage3_scaling\programs\P000775.c,datasets\stage3_scaling\miters\P000775_miter.c,"sec_data,pub_seed",sec_data,pub_seed,649a4522950f033d7e1ecbdb96826793028368083bb5c23b9d448746ac70dc4e,24,6,1,1,2,8,0,0,0,1,1,7,0,0,7,0,2,3,0,0.3333,0.0,0.0,4,0.8,1,1,3,4,6,3,3,3
P000776,loop_accumulator,datasets\stage3_scaling\programs\P000776.c,datasets\stage3_scaling\miters\P000776_miter.c,"sec_data,pub_seed",sec_data,pub_seed,30bda4484aee6c9b91b6b96d9abbd8def4aceff48094cfc19b8a7122eefa02ad,24,6,1,1,2,8,0,0,0,1,1,7,0,0,7,0,2,3,0,0.3333,0.0,0.0,5,1.0,1,1,3,4,6,0,0,3
P000777,loop_accumulator,datasets\stage3_scaling\programs\P000777.c,datasets\stage3_scaling\miters\P000777_miter.c,"sec_data,pub_seed",sec_data,pub_seed,9d31a4c707940614d72c03360586ecd6300377ce3ffc27cbafa812abc5e713c4,24,6,1,1,2,8,0,0,0,1,1,7,0,0,7,0,2,3,0,0.3333,0.0,0.0,2,0.4,1,1,3,4,6,3,3,3
P000778,loop_accumulator,datasets\stage3_scaling\programs\P000778.c,datasets\stage3_scaling\miters\P000778_miter.c,"sec_data,pub_seed",sec_data,pub_seed,fb9396461c755352e60c907f13f73dd69f8c4d302481845759e173d4079fc964,24,6,1,1,2,8,0,0,0,1,1,7,0,0,7,0,2,3,0,0.3333,0.0,0.0,3,0.6,1,1,3,4,6,3,3,3
P000779,loop_accumulator,datasets\stage3_scaling\programs\P000779.c,datasets\stage3_scaling\miters\P000779_miter.c,"sec_data,pub_seed",sec_data,pub_seed,ffc001924bf547ac0b10c160cf42b60003c8785d23417ad907d935d027de734a,24,6,1,1,2,8,0,0,0,1,1,7,0,0,7,0,2,3,0,0.3333,0.0,0.0,4,0.8,1,1,3,4,6,3,3,3
P000780,loop_accumulator,datasets\stage3_scaling\programs\P000780.c,datasets\stage3_scaling\miters\P000780_miter.c,"sec_data,pub_seed",sec_data,pub_seed,963355825daffcfacf03a1c81e2d2c1528c1a19def2423b007fdbe6b4f4de959,24,6,1,1,2,8,0,0,0,1,1,7,0,0,7,0,2,3,0,0.3333,0.0,0.0,5,1.0,1,1,3,4,6,0,0,3
P000781,loop_accumulator,datasets\stage3_scaling\programs\P000781.c,datasets\stage3_scaling\miters\P000781_miter.c,"sec_data,pub_seed",sec_data,pub_seed,c3eeab33740a2fd2986668098375ccd6908326d50fb878f56f47d5d21198e9f2,24,6,1,1,2,8,0,0,0,1,1,7,0,0,7,0,2,3,0,0.3333,0.0,0.0,2,0.4,1,1,3,4,6,3,3,3
P000782,loop_accumulator,datasets\stage3_scaling\programs\P000782.c,datasets\stage3_scaling\miters\P000782_miter.c,"sec_data,pub_seed",sec_data,pub_seed,aa707d332c6b5a176d92cf2e358e1c0270d88ccce8b27b5e07875a4652de22d8,24,6,1,1,2,8,0,0,0,1,1,7,0,0,7,0,2,3,0,0.3333,0.0,0.0,3,0.6,1,1,3,4,6,3,3,3
P000783,loop_accumulator,datasets\stage3_scaling\programs\P000783.c,datasets\stage3_scaling\miters\P000783_miter.c,"sec_data,pub_seed",sec_data,pub_seed,d5b6de075ec0cc50ad5bd4fcc71dbbb900d75e5547ca4a91c2acf467e50e3177,24,6,1,1,2,8,0,0,0,1,1,7,0,0,7,0,2,3,0,0.3333,0.0,0.0,4,0.8,1,1,3,4,6,3,3,3
P000784,loop_accumulator,datasets\stage3_scaling\programs\P000784.c,datasets\stage3_scaling\miters\P000784_miter.c,"sec_data,pub_seed",sec_data,pub_seed,328bc5c6a450d394e3e2c68ed23ce7e10e58c705b5cef146a67353eb84e323d5,24,6,1,1,2,8,0,0,0,1,1,7,0,0,7,0,2,3,0,0.3333,0.0,0.0,5,1.0,1,1,3,4,6,0,0,3
P000785,loop_accumulator,datasets\stage3_scaling\programs\P000785.c,datasets\stage3_scaling\miters\P000785_miter.c,"sec_data,pub_seed",sec_data,pub_seed,807d729f289c6c265696c9efd27d379df6a6650fe3650c5ca7ba76894bbff22a,24,6,1,1,2,8,0,0,0,1,1,7,0,0,7,0,2,3,0,0.3333,0.0,0.0,2,0.4,1,1,3,4,6,3,3,3
P000786,loop_accumulator,datasets\stage3_scaling\programs\P000786.c,datasets\stage3_scaling\miters\P000786_miter.c,"sec_data,pub_seed",sec_data,pub_seed,ff81d9b6850bf1a0d6fa613fabfbff78db9d260796e2b3ff3534d827148423f4,24,6,1,1,2,8,0,0,0,1,1,7,0,0,7,0,2,3,0,0.3333,0.0,0.0,3,0.6,1,1,3,4,6,3,3,3
P000787,loop_accumulator,datasets\stage3_scaling\programs\P000787.c,datasets\stage3_scaling\miters\P000787_miter.c,"sec_data,pub_seed",sec_data,pub_seed,c840abb4a0ed502f03b1c92f48bfeb8778b43961b4b63eeb17249e82c187cfe2,24,6,1,1,2,8,0,0,0,1,1,7,0,0,7,0,2,3,0,0.3333,0.0,0.0,4,0.8,1,1,3,4,6,3,3,3
P000788,loop_accumulator,datasets\stage3_scaling\programs\P000788.c,datasets\stage3_scaling\miters\P000788_miter.c,"sec_data,pub_seed",sec_data,pub_seed,2b7db128c51607e731d140f62cbde8085d7a2f44c30ed6aaa6f135bd7eea6e0e,24,6,1,1,2,8,0,0,0,1,1,7,0,0,7,0,2,3,0,0.3333,0.0,0.0,5,1.0,1,1,3,4,6,0,0,3
P000789,loop_accumulator,datasets\stage3_scaling\programs\P000789.c,datasets\stage3_scaling\miters\P000789_miter.c,"sec_data,pub_seed",sec_data,pub_seed,4354f5f0c1ef4411f66a3702875082444b4d5cc054f1a9424ecc17eec65b9996,24,6,1,1,2,8,0,0,0,1,1,7,0,0,7,0,2,3,0,0.3333,0.0,0.0,2,0.4,1,1,3,4,6,3,3,3
P000790,loop_accumulator,datasets\stage3_scaling\programs\P000790.c,datasets\stage3_scaling\miters\P000790_miter.c,"sec_data,pub_seed",sec_data,pub_seed,42e0967dd789f50920fbda868e2b71c2ee18ab8d317e3b1d33b70f630bcb1e01,24,6,1,1,2,8,0,0,0,1,1,7,0,0,7,0,2,3,0,0.3333,0.0,0.0,3,0.6,1,1,3,4,6,3,3,3
P000791,loop_accumulator,datasets\stage3_scaling\programs\P000791.c,datasets\stage3_scaling\miters\P000791_miter.c,"sec_data,pub_seed",sec_data,pub_seed,5a9fd893c3017935521dab24736c3ff553095d5b6e3836074c0653ddc4d4f8c8,24,6,1,1,2,8,0,0,0,1,1,7,0,0,7,0,2,3,0,0.3333,0.0,0.0,4,0.8,1,1,3,4,6,3,3,3
P000792,loop_accumulator,datasets\stage3_scaling\programs\P000792.c,datasets\stage3_scaling\miters\P000792_miter.c,"sec_data,pub_seed",sec_data,pub_seed,e80593fba32bba8e88aeba199f93bff4edab31ea4f8ff4051d8df92df1bce447,24,6,1,1,2,8,0,0,0,1,1,7,0,0,7,0,2,3,0,0.3333,0.0,0.0,5,1.0,1,1,3,4,6,0,0,3
P000793,loop_accumulator,datasets\stage3_scaling\programs\P000793.c,datasets\stage3_scaling\miters\P000793_miter.c,"sec_data,pub_seed",sec_data,pub_seed,a3d005b54ed27ac51380d0ca7c50dccb7e2a8e5259938d880b80ba2cd54f27d8,24,6,1,1,2,8,0,0,0,1,1,7,0,0,7,0,2,3,0,0.3333,0.0,0.0,2,0.4,1,1,3,4,6,3,3,3
P000794,loop_accumulator,datasets\stage3_scaling\programs\P000794.c,datasets\stage3_scaling\miters\P000794_miter.c,"sec_data,pub_seed",sec_data,pub_seed,0f2412a1ce2f9c1bfe75b710af475acf735de5da7e3e68de5e0242673491565c,24,6,1,1,2,8,0,0,0,1,1,7,0,0,7,0,2,3,0,0.3333,0.0,0.0,3,0.6,1,1,3,4,6,3,3,3
P000795,loop_accumulator,datasets\stage3_scaling\programs\P000795.c,datasets\stage3_scaling\miters\P000795_miter.c,"sec_data,pub_seed",sec_data,pub_seed,66880af91feb97ad2903febc3454c3bbef590860c41ecabde7d59721834011c0,24,6,1,1,2,8,0,0,0,1,1,7,0,0,7,0,2,3,0,0.3333,0.0,0.0,4,0.8,1,1,3,4,6,3,3,3
P000796,loop_accumulator,datasets\stage3_scaling\programs\P000796.c,datasets\stage3_scaling\miters\P000796_miter.c,"sec_data,pub_seed",sec_data,pub_seed,96334cae1bf27ec46d7eb9731aa0a09446e49c275af615f72a0b681416ebe400,24,6,1,1,2,8,0,0,0,1,1,7,0,0,7,0,2,3,0,0.3333,0.0,0.0,5,1.0,1,1,3,4,6,0,0,3
P000797,loop_accumulator,datasets\stage3_scaling\programs\P000797.c,datasets\stage3_scaling\miters\P000797_miter.c,"sec_data,pub_seed",sec_data,pub_seed,f03528aa85f247ef811f91ae064a4cad43f5bf9f6fc5051862922d9e07728649,24,6,1,1,2,8,0,0,0,1,1,7,0,0,7,0,2,3,0,0.3333,0.0,0.0,2,0.4,1,1,3,4,6,3,3,3
P000798,loop_accumulator,datasets\stage3_scaling\programs\P000798.c,datasets\stage3_scaling\miters\P000798_miter.c,"sec_data,pub_seed",sec_data,pub_seed,c22a8709cef70e6f71fdc0e3a7ab5f6dae9202b03934aa5c371deaa2d697da23,24,6,1,1,2,8,0,0,0,1,1,7,0,0,7,0,2,3,0,0.3333,0.0,0.0,3,0.6,1,1,3,4,6,3,3,3
P000799,loop_accumulator,datasets\stage3_scaling\programs\P000799.c,datasets\stage3_scaling\miters\P000799_miter.c,"sec_data,pub_seed",sec_data,pub_seed,7fa095b5ad32061adb58486f409643313331372a43d4222c452333538a390161,24,6,1,1,2,8,0,0,0,1,1,7,0,0,7,0,2,3,0,0.3333,0.0,0.0,4,0.8,1,1,3,4,6,3,3,3
P000800,loop_accumulator,datasets\stage3_scaling\programs\P000800.c,datasets\stage3_scaling\miters\P000800_miter.c,"sec_data,pub_seed",sec_data,pub_seed,ba2c12059b681d27bdc10052296c205e97356820f0317a83b33313a7530da076,24,6,1,1,2,8,0,0,0,1,1,7,0,0,7,0,2,3,0,0.3333,0.0,0.0,5,1.0,1,1,3,4,6,0,0,3
P000801,array_lookup,datasets\stage3_scaling\programs\P000801.c,datasets\stage3_scaling\miters\P000801_miter.c,"sec_idx,pub_base",sec_idx,pub_base,c92c5e4ef2df0265c0be693c00cd43f0c908e670be6f994ae3e364be3534f648,22,7,1,0,2,8,1,0,0,1,1,10,3,3,7,0,2,3,1,0.3333,1.0,1.0,0,0.0,1,1,3,4,0,3,3,3
P000802,array_lookup,datasets\stage3_scaling\programs\P000802.c,datasets\stage3_scaling\miters\P000802_miter.c,"sec_idx,pub_base",sec_idx,pub_base,919b8268095d9220437f55e014b80b706e54c5274ccc2054ec14b7e8102dcdfd,22,7,1,0,2,8,1,0,0,1,1,10,3,3,7,0,2,3,1,0.3333,1.0,1.0,0,0.0,1,1,3,4,0,3,3,3
P000803,array_lookup,datasets\stage3_scaling\programs\P000803.c,datasets\stage3_scaling\miters\P000803_miter.c,"sec_idx,pub_base",sec_idx,pub_base,833ab9faa5cb63415ae2b09641bf3bacee1fb829851062d2561132d485a2d48d,22,7,1,0,2,8,1,0,0,1,1,10,3,3,7,0,2,3,1,0.3333,1.0,1.0,0,0.0,1,1,3,4,0,3,3,3
P000804,array_lookup,datasets\stage3_scaling\programs\P000804.c,datasets\stage3_scaling\miters\P000804_miter.c,"sec_idx,pub_base",sec_idx,pub_base,6b42b9ca397ce0a8539b27c13a763b9e5066a749e6c047efc358cad3e21022fc,22,7,1,0,2,8,1,0,0,1,1,10,3,3,7,0,2,3,1,0.3333,1.0,1.0,0,0.0,1,1,3,4,0,3,3,3
P000805,array_lookup,datasets\stage3_scaling\programs\P000805.c,datasets\stage3_scaling\miters\P000805_miter.c,"sec_idx,pub_base",sec_idx,pub_base,6f1ad6455b99f5f45ac744e1aa2e64951304ac9df484bcfc9253a58b94eb59b3,22,7,1,0,2,8,1,0,0,1,1,10,3,3,7,0,2,3,1,0.3333,1.0,1.0,0,0.0,1,1,3,4,0,3,3,3
P000806,array_lookup,datasets\stage3_scaling\programs\P000806.c,datasets\stage3_scaling\miters\P000806_miter.c,"sec_idx,pub_base",sec_idx,pub_base,c4d5668dcb02a2994b6eb760b79fa95672cbe58d858212a53e2603a1e6eb0049,22,7,1,0,2,8,1,0,0,1,1,10,3,3,7,0,2,3,1,0.3333,1.0,1.0,0,0.0,1,1,3,4,0,3,3,3
P000807,array_lookup,datasets\stage3_scaling\programs\P000807.c,datasets\stage3_scaling\miters\P000807_miter.c,"sec_idx,pub_base",sec_idx,pub_base,28a587d4a2cb70c838179298404656c289b7b81bd75fcdc37858009f9aa905ab,22,7,1,0,2,8,1,0,0,1,1,10,3,3,7,0,2,3,1,0.3333,1.0,1.0,0,0.0,1,1,3,4,0,3,3,3
P000808,array_lookup,datasets\stage3_scaling\programs\P000808.c,datasets\stage3_scaling\miters\P000808_miter.c,"sec_idx,pub_base",sec_idx,pub_base,c35c9fe30579cbf8f35c50204e9af755d3e817e716915db19383f6424f25c85d,22,7,1,0,2,8,1,0,0,1,1,10,3,3,7,0,2,3,1,0.3333,1.0,1.0,0,0.0,1,1,3,4,0,3,3,3
P000809,array_lookup,datasets\stage3_scaling\programs\P000809.c,datasets\stage3_scaling\miters\P000809_miter.c,"sec_idx,pub_base",sec_idx,pub_base,a86628ff93bbd84082ac5d83afbd6bf9ff1762de03acd1b57b0d0555b5a97eac,22,7,1,0,2,8,1,0,0,1,1,10,3,3,7,0,2,3,1,0.3333,1.0,1.0,0,0.0,1,1,3,4,0,3,3,3
P000810,array_lookup,datasets\stage3_scaling\programs\P000810.c,datasets\stage3_scaling\miters\P000810_miter.c,"sec_idx,pub_base",sec_idx,pub_base,fe16cee873e920f4161cb0e3b7c9787e308635185b8e0757b6f68b8d51c56da3,22,7,1,0,2,8,1,0,0,1,1,10,3,3,7,0,2,3,1,0.3333,1.0,1.0,0,0.0,1,1,3,4,0,3,3,3
P000811,array_lookup,datasets\stage3_scaling\programs\P000811.c,datasets\stage3_scaling\miters\P000811_miter.c,"sec_idx,pub_base",sec_idx,pub_base,de7ca312e68723edd7b0b2a8bec76209a500ec68d2076c0d3c23adebec817087,22,7,1,0,2,8,1,0,0,1,1,10,3,3,7,0,2,3,1,0.3333,1.0,1.0,0,0.0,1,1,3,4,0,3,3,3
P000812,array_lookup,datasets\stage3_scaling\programs\P000812.c,datasets\stage3_scaling\miters\P000812_miter.c,"sec_idx,pub_base",sec_idx,pub_base,43910bb71efa81072aede0c69fa80d6dcca9591552af492d100f066c4039f048,22,7,1,0,2,8,1,0,0,1,1,10,3,3,7,0,2,3,1,0.3333,1.0,1.0,0,0.0,1,1,3,4,0,3,3,3
P000813,array_lookup,datasets\stage3_scaling\programs\P000813.c,datasets\stage3_scaling\miters\P000813_miter.c,"sec_idx,pub_base",sec_idx,pub_base,813c5dedd7018ec496b39097fbdf098ea0206c0aab21e74d61b33cd3813a4fd9,22,7,1,0,2,8,1,0,0,1,1,10,3,3,7,0,2,3,1,0.3333,1.0,1.0,0,0.0,1,1,3,4,0,3,3,3
P000814,array_lookup,datasets\stage3_scaling\programs\P000814.c,datasets\stage3_scaling\miters\P000814_miter.c,"sec_idx,pub_base",sec_idx,pub_base,ad70a925ccf4e699742891bd8a5b6d715acdf28bbf039456beefe2356721324c,22,7,1,0,2,8,1,0,0,1,1,10,3,3,7,0,2,3,1,0.3333,1.0,1.0,0,0.0,1,1,3,4,0,3,3,3
P000815,array_lookup,datasets\stage3_scaling\programs\P000815.c,datasets\stage3_scaling\miters\P000815_miter.c,"sec_idx,pub_base",sec_idx,pub_base,7b1a29f450c81d3180f1f27a1311662f4d5e9cfa95c35a998435ee2a13fcca28,22,7,1,0,2,8,1,0,0,1,1,10,3,3,7,0,2,3,1,0.3333,1.0,1.0,0,0.0,1,1,3,4,0,3,3,3
P000816,array_lookup,datasets\stage3_scaling\programs\P000816.c,datasets\stage3_scaling\miters\P000816_miter.c,"sec_idx,pub_base",sec_idx,pub_base,77e6e7c427727363bfa7063a42b958c10496851c3caf61e631a9a765c1df3c78,22,7,1,0,2,8,1,0,0,1,1,10,3,3,7,0,2,3,1,0.3333,1.0,1.0,0,0.0,1,1,3,4,0,3,3,3
P000817,array_lookup,datasets\stage3_scaling\programs\P000817.c,datasets\stage3_scaling\miters\P000817_miter.c,"sec_idx,pub_base",sec_idx,pub_base,cc13c45704b90dd2ec8c6f56150e1318555766511b988fc0f1db625fc3f112f7,22,7,1,0,2,8,1,0,0,1,1,10,3,3,7,0,2,3,1,0.3333,1.0,1.0,0,0.0,1,1,3,4,0,3,3,3
P000818,array_lookup,datasets\stage3_scaling\programs\P000818.c,datasets\stage3_scaling\miters\P000818_miter.c,"sec_idx,pub_base",sec_idx,pub_base,b68a43073db3ab70018c0fd0d97356ef85a29221f91e1ca38be4986828a8720c,22,7,1,0,2,8,1,0,0,1,1,10,3,3,7,0,2,3,1,0.3333,1.0,1.0,0,0.0,1,1,3,4,0,3,3,3
P000819,array_lookup,datasets\stage3_scaling\programs\P000819.c,datasets\stage3_scaling\miters\P000819_miter.c,"sec_idx,pub_base",sec_idx,pub_base,51f2a6d4a975c391ec90020a5cd8365297c0b2c35c9136a42f230cfe6b0ff3e6,22,7,1,0,2,8,1,0,0,1,1,10,3,3,7,0,2,3,1,0.3333,1.0,1.0,0,0.0,1,1,3,4,0,3,3,3
P000820,array_lookup,datasets\stage3_scaling\programs\P000820.c,datasets\stage3_scaling\miters\P000820_miter.c,"sec_idx,pub_base",sec_idx,pub_base,8fd848541a87089a743e325c613c686ec6edf7ab71e21cf2f60ce9c64d1be513,22,7,1,0,2,8,1,0,0,1,1,10,3,3,7,0,2,3,1,0.3333,1.0,1.0,0,0.0,1,1,3,4,0,3,3,3
P000821,array_lookup,datasets\stage3_scaling\programs\P000821.c,datasets\stage3_scaling\miters\P000821_miter.c,"sec_idx,pub_base",sec_idx,pub_base,e16c2d8fa181202028249e8fe41f04a18c352869952c94caaa34fae4b870b574,22,7,1,0,2,8,1,0,0,1,1,10,3,3,7,0,2,3,1,0.3333,1.0,1.0,0,0.0,1,1,3,4,0,3,3,3
P000822,array_lookup,datasets\stage3_scaling\programs\P000822.c,datasets\stage3_scaling\miters\P000822_miter.c,"sec_idx,pub_base",sec_idx,pub_base,cc7e3ff0ee02fd9c79b1b4087c5231dff90fc4a52c011936fe8ae60d7d45a83b,22,7,1,0,2,8,1,0,0,1,1,10,3,3,7,0,2,3,1,0.3333,1.0,1.0,0,0.0,1,1,3,4,0,3,3,3
P000823,array_lookup,datasets\stage3_scaling\programs\P000823.c,datasets\stage3_scaling\miters\P000823_miter.c,"sec_idx,pub_base",sec_idx,pub_base,efacfeb6dd6ae2f1d6fed9adf91b9d4fecb32b2e95a339dbef9e43f95c5b7dd1,22,7,1,0,2,8,1,0,0,1,1,10,3,3,7,0,2,3,1,0.3333,1.0,1.0,0,0.0,1,1,3,4,0,3,3,3
P000824,array_lookup,datasets\stage3_scaling\programs\P000824.c,datasets\stage3_scaling\miters\P000824_miter.c,"sec_idx,pub_base",sec_idx,pub_base,7f2f49ae42302cfd7f109bbc41708b8ff036cd90da3777a1a13b0dc4109c8efe,22,7,1,0,2,8,1,0,0,1,1,10,3,3,7,0,2,3,1,0.3333,1.0,1.0,0,0.0,1,1,3,4,0,3,3,3
P000825,array_lookup,datasets\stage3_scaling\programs\P000825.c,datasets\stage3_scaling\miters\P000825_miter.c,"sec_idx,pub_base",sec_idx,pub_base,be87067600c7770e88180294ebb670a827ba10e920548df5124c99f572cb8823,22,7,1,0,2,8,1,0,0,1,1,10,3,3,7,0,2,3,1,0.3333,1.0,1.0,0,0.0,1,1,3,4,0,3,3,3
P000826,array_lookup,datasets\stage3_scaling\programs\P000826.c,datasets\stage3_scaling\miters\P000826_miter.c,"sec_idx,pub_base",sec_idx,pub_base,17ab942ff597450d75d957be1e4a3522c66ced2ba1c912d82ae70c5412673a9c,22,7,1,0,2,8,1,0,0,1,1,10,3,3,7,0,2,3,1,0.3333,1.0,1.0,0,0.0,1,1,3,4,0,3,3,3
P000827,array_lookup,datasets\stage3_scaling\programs\P000827.c,datasets\stage3_scaling\miters\P000827_miter.c,"sec_idx,pub_base",sec_idx,pub_base,b6755720e9368bd4930eefd1122d1d9eec74a7f55c4fc7f2f38c1fe9f3222acd,22,7,1,0,2,8,1,0,0,1,1,10,3,3,7,0,2,3,1,0.3333,1.0,1.0,0,0.0,1,1,3,4,0,3,3,3
P000828,array_lookup,datasets\stage3_scaling\programs\P000828.c,datasets\stage3_scaling\miters\P000828_miter.c,"sec_idx,pub_base",sec_idx,pub_base,860786821513e320dc637baead7b346a1f3aeb3c6a8735017d4f0f47a43fb35d,22,7,1,0,2,8,1,0,0,1,1,10,3,3,7,0,2,3,1,0.3333,1.0,1.0,0,0.0,1,1,3,4,0,3,3,3
P000829,array_lookup,datasets\stage3_scaling\programs\P000829.c,datasets\stage3_scaling\miters\P000829_miter.c,"sec_idx,pub_base",sec_idx,pub_base,43b0a9c2f5b7d0b40abaa9378500d1961e117857d60b3c1c50750d7510b2307a,22,7,1,0,2,8,1,0,0,1,1,10,3,3,7,0,2,3,1,0.3333,1.0,1.0,0,0.0,1,1,3,4,0,3,3,3
P000830,array_lookup,datasets\stage3_scaling\programs\P000830.c,datasets\stage3_scaling\miters\P000830_miter.c,"sec_idx,pub_base",sec_idx,pub_base,ae9614e4856e54e923bcc952c59b38fa720bbe025e1dff405aff6d9094e79532,22,7,1,0,2,8,1,0,0,1,1,10,3,3,7,0,2,3,1,0.3333,1.0,1.0,0,0.0,1,1,3,4,0,3,3,3
P000831,array_lookup,datasets\stage3_scaling\programs\P000831.c,datasets\stage3_scaling\miters\P000831_miter.c,"sec_idx,pub_base",sec_idx,pub_base,e6aabfa5b7b718b37c4e717a7b3b7bb577fb0412c7a6410ede86802be979ab86,22,7,1,0,2,8,1,0,0,1,1,10,3,3,7,0,2,3,1,0.3333,1.0,1.0,0,0.0,1,1,3,4,0,3,3,3
P000832,array_lookup,datasets\stage3_scaling\programs\P000832.c,datasets\stage3_scaling\miters\P000832_miter.c,"sec_idx,pub_base",sec_idx,pub_base,20ad36702cb956dd16e787502db92746c0e6c1a1625cc8fde04837658712f6bf,22,7,1,0,2,8,1,0,0,1,1,10,3,3,7,0,2,3,1,0.3333,1.0,1.0,0,0.0,1,1,3,4,0,3,3,3
P000833,array_lookup,datasets\stage3_scaling\programs\P000833.c,datasets\stage3_scaling\miters\P000833_miter.c,"sec_idx,pub_base",sec_idx,pub_base,8ac406d4ce8d3caf11c41c070af3134bf0630bf00f649d4f63fb7d6caff5da08,22,7,1,0,2,8,1,0,0,1,1,10,3,3,7,0,2,3,1,0.3333,1.0,1.0,0,0.0,1,1,3,4,0,3,3,3
P000834,array_lookup,datasets\stage3_scaling\programs\P000834.c,datasets\stage3_scaling\miters\P000834_miter.c,"sec_idx,pub_base",sec_idx,pub_base,80a789d1cefa7595b1a724fed90aa8b4166fdf46c769d2c30df2c3e9e7311064,22,7,1,0,2,8,1,0,0,1,1,10,3,3,7,0,2,3,1,0.3333,1.0,1.0,0,0.0,1,1,3,4,0,3,3,3
P000835,array_lookup,datasets\stage3_scaling\programs\P000835.c,datasets\stage3_scaling\miters\P000835_miter.c,"sec_idx,pub_base",sec_idx,pub_base,77562666aa976ab4c5c6ef67486a7c54a5878e534183f19146e2695ab96fe25f,22,7,1,0,2,8,1,0,0,1,1,10,3,3,7,0,2,3,1,0.3333,1.0,1.0,0,0.0,1,1,3,4,0,3,3,3
P000836,array_lookup,datasets\stage3_scaling\programs\P000836.c,datasets\stage3_scaling\miters\P000836_miter.c,"sec_idx,pub_base",sec_idx,pub_base,9ad88f6ad69248d94b02b1ce275106cf5ab254895394b7c7a9d561da4aa85c8e,22,7,1,0,2,8,1,0,0,1,1,10,3,3,7,0,2,3,1,0.3333,1.0,1.0,0,0.0,1,1,3,4,0,3,3,3
P000837,array_lookup,datasets\stage3_scaling\programs\P000837.c,datasets\stage3_scaling\miters\P000837_miter.c,"sec_idx,pub_base",sec_idx,pub_base,507c2024d2236f731f7a0b05377d7f0baebc7b4d7f946dcacc7ce459ed626317,22,7,1,0,2,8,1,0,0,1,1,10,3,3,7,0,2,3,1,0.3333,1.0,1.0,0,0.0,1,1,3,4,0,3,3,3
P000838,array_lookup,datasets\stage3_scaling\programs\P000838.c,datasets\stage3_scaling\miters\P000838_miter.c,"sec_idx,pub_base",sec_idx,pub_base,ecbb3940e6be730dfb53fc500ad0a22ee03fe4ce6cf7597abcfe429301fdce1b,22,7,1,0,2,8,1,0,0,1,1,10,3,3,7,0,2,3,1,0.3333,1.0,1.0,0,0.0,1,1,3,4,0,3,3,3
P000839,array_lookup,datasets\stage3_scaling\programs\P000839.c,datasets\stage3_scaling\miters\P000839_miter.c,"sec_idx,pub_base",sec_idx,pub_base,7672763d7d6a3f6fa5654435575228d7ece909ac6bafcb7b0bf97efdde4c805e,22,7,1,0,2,8,1,0,0,1,1,10,3,3,7,0,2,3,1,0.3333,1.0,1.0,0,0.0,1,1,3,4,0,3,3,3
P000840,array_lookup,datasets\stage3_scaling\programs\P000840.c,datasets\stage3_scaling\miters\P000840_miter.c,"sec_idx,pub_base",sec_idx,pub_base,57da68e02ada43fc7ef6833de5d21b1737964b78ed2f2e1bcdc9d821c0a47746,22,7,1,0,2,8,1,0,0,1,1,10,3,3,7,0,2,3,1,0.3333,1.0,1.0,0,0.0,1,1,3,4,0,3,3,3
P000841,array_lookup,datasets\stage3_scaling\programs\P000841.c,datasets\stage3_scaling\miters\P000841_miter.c,"sec_idx,pub_base",sec_idx,pub_base,4ee457c59ac5bca15c0cdf5cbcf808e09b901b70e3b7e2084bff62297348c335,22,7,1,0,2,8,1,0,0,1,1,10,3,3,7,0,2,3,1,0.3333,1.0,1.0,0,0.0,1,1,3,4,0,3,3,3
P000842,array_lookup,datasets\stage3_scaling\programs\P000842.c,datasets\stage3_scaling\miters\P000842_miter.c,"sec_idx,pub_base",sec_idx,pub_base,66fb150642c168d891c947481f2ab344f2847cbc26191f0f010b8760a963284e,22,7,1,0,2,8,1,0,0,1,1,10,3,3,7,0,2,3,1,0.3333,1.0,1.0,0,0.0,1,1,3,4,0,3,3,3
P000843,array_lookup,datasets\stage3_scaling\programs\P000843.c,datasets\stage3_scaling\miters\P000843_miter.c,"sec_idx,pub_base",sec_idx,pub_base,4526446a8bad4b390a71fe3f24d757a8b6184a4e4d5e59ba3f3a89d74bda4eb6,22,7,1,0,2,8,1,0,0,1,1,10,3,3,7,0,2,3,1,0.3333,1.0,1.0,0,0.0,1,1,3,4,0,3,3,3
P000844,array_lookup,datasets\stage3_scaling\programs\P000844.c,datasets\stage3_scaling\miters\P000844_miter.c,"sec_idx,pub_base",sec_idx,pub_base,80a061487143182f573c3c759360fa581e9c896d2a39f84fe1a3707438a8da73,22,7,1,0,2,8,1,0,0,1,1,10,3,3,7,0,2,3,1,0.3333,1.0,1.0,0,0.0,1,1,3,4,0,3,3,3
P000845,array_lookup,datasets\stage3_scaling\programs\P000845.c,datasets\stage3_scaling\miters\P000845_miter.c,"sec_idx,pub_base",sec_idx,pub_base,caf5d641522ba79c534997b0246330fc65d52b6bc46abfdb4ffdc0f8b46bec0b,22,7,1,0,2,8,1,0,0,1,1,10,3,3,7,0,2,3,1,0.3333,1.0,1.0,0,0.0,1,1,3,4,0,3,3,3
P000846,array_lookup,datasets\stage3_scaling\programs\P000846.c,datasets\stage3_scaling\miters\P000846_miter.c,"sec_idx,pub_base",sec_idx,pub_base,ec5b2699ffc38c5821d15259081bd49e9dec62b0486d60388e2315c5404b62ec,22,7,1,0,2,8,1,0,0,1,1,10,3,3,7,0,2,3,1,0.3333,1.0,1.0,0,0.0,1,1,3,4,0,3,3,3
P000847,array_lookup,datasets\stage3_scaling\programs\P000847.c,datasets\stage3_scaling\miters\P000847_miter.c,"sec_idx,pub_base",sec_idx,pub_base,877310b8ac72003ce864b1a15ecc1e621c7afd989f76f00100ccfbc2b66516b0,22,7,1,0,2,8,1,0,0,1,1,10,3,3,7,0,2,3,1,0.3333,1.0,1.0,0,0.0,1,1,3,4,0,3,3,3
P000848,array_lookup,datasets\stage3_scaling\programs\P000848.c,datasets\stage3_scaling\miters\P000848_miter.c,"sec_idx,pub_base",sec_idx,pub_base,0794c0f6084ecad037a7da8aa7c316743c1443197e92339243430586590525c1,22,7,1,0,2,8,1,0,0,1,1,10,3,3,7,0,2,3,1,0.3333,1.0,1.0,0,0.0,1,1,3,4,0,3,3,3
P000849,array_lookup,datasets\stage3_scaling\programs\P000849.c,datasets\stage3_scaling\miters\P000849_miter.c,"sec_idx,pub_base",sec_idx,pub_base,7c4e772a9a5786f7b28a90cfcd420fdbe48e763ce639ed160552ed08c5bec8aa,22,7,1,0,2,8,1,0,0,1,1,10,3,3,7,0,2,3,1,0.3333,1.0,1.0,0,0.0,1,1,3,4,0,3,3,3
P000850,array_lookup,datasets\stage3_scaling\programs\P000850.c,datasets\stage3_scaling\miters\P000850_miter.c,"sec_idx,pub_base",sec_idx,pub_base,da500ca53ceb44798a938010d90c64e258fa9ea4c30f14b1cdb205d0d8726b55,22,7,1,0,2,8,1,0,0,1,1,10,3,3,7,0,2,3,1,0.3333,1.0,1.0,0,0.0,1,1,3,4,0,3,3,3
P000851,array_lookup,datasets\stage3_scaling\programs\P000851.c,datasets\stage3_scaling\miters\P000851_miter.c,"sec_idx,pub_base",sec_idx,pub_base,2cefe774a52534dcdc636c6a3f9efdd64741b532e25eab74bfaa198e6c30f9f7,22,7,1,0,2,8,1,0,0,1,1,10,3,3,7,0,2,3,1,0.3333,1.0,1.0,0,0.0,1,1,3,4,0,3,3,3
P000852,array_lookup,datasets\stage3_scaling\programs\P000852.c,datasets\stage3_scaling\miters\P000852_miter.c,"sec_idx,pub_base",sec_idx,pub_base,6ca50f7ec78860eb75d80d9786d0a4d6491b548b2df32ffe17d90cade8fb1b63,22,7,1,0,2,8,1,0,0,1,1,10,3,3,7,0,2,3,1,0.3333,1.0,1.0,0,0.0,1,1,3,4,0,3,3,3
P000853,array_lookup,datasets\stage3_scaling\programs\P000853.c,datasets\stage3_scaling\miters\P000853_miter.c,"sec_idx,pub_base",sec_idx,pub_base,cebdc402cab6cff2c28075ef81f89769bf3355460a4ba94a16866d5d609ffbbf,22,7,1,0,2,8,1,0,0,1,1,10,3,3,7,0,2,3,1,0.3333,1.0,1.0,0,0.0,1,1,3,4,0,3,3,3
P000854,array_lookup,datasets\stage3_scaling\programs\P000854.c,datasets\stage3_scaling\miters\P000854_miter.c,"sec_idx,pub_base",sec_idx,pub_base,8153ae1cdccbb26041a29edd493fa629f8e2b4ef3e146e5feb0eb919da24960a,22,7,1,0,2,8,1,0,0,1,1,10,3,3,7,0,2,3,1,0.3333,1.0,1.0,0,0.0,1,1,3,4,0,3,3,3
P000855,array_lookup,datasets\stage3_scaling\programs\P000855.c,datasets\stage3_scaling\miters\P000855_miter.c,"sec_idx,pub_base",sec_idx,pub_base,aa4fdd48f6b7302cc93682b3f7f37683160088e2145de4da67c5efc8e7889927,22,7,1,0,2,8,1,0,0,1,1,10,3,3,7,0,2,3,1,0.3333,1.0,1.0,0,0.0,1,1,3,4,0,3,3,3
P000856,array_lookup,datasets\stage3_scaling\programs\P000856.c,datasets\stage3_scaling\miters\P000856_miter.c,"sec_idx,pub_base",sec_idx,pub_base,ff129227ebc1557dcf9d655287ee8fd3fb4b27e446bdd654e53ebf542ae0c8e8,22,7,1,0,2,8,1,0,0,1,1,10,3,3,7,0,2,3,1,0.3333,1.0,1.0,0,0.0,1,1,3,4,0,3,3,3
P000857,array_lookup,datasets\stage3_scaling\programs\P000857.c,datasets\stage3_scaling\miters\P000857_miter.c,"sec_idx,pub_base",sec_idx,pub_base,5437ac266391a6173da9a22ec3bc1b300be9111973ce2e7dbce941d87c04b39e,22,7,1,0,2,8,1,0,0,1,1,10,3,3,7,0,2,3,1,0.3333,1.0,1.0,0,0.0,1,1,3,4,0,3,3,3
P000858,array_lookup,datasets\stage3_scaling\programs\P000858.c,datasets\stage3_scaling\miters\P000858_miter.c,"sec_idx,pub_base",sec_idx,pub_base,c40c38e579cde40d27404b712d72655ae75adb962db93245f74a50b339e027b4,22,7,1,0,2,8,1,0,0,1,1,10,3,3,7,0,2,3,1,0.3333,1.0,1.0,0,0.0,1,1,3,4,0,3,3,3
P000859,array_lookup,datasets\stage3_scaling\programs\P000859.c,datasets\stage3_scaling\miters\P000859_miter.c,"sec_idx,pub_base",sec_idx,pub_base,6f8617b024161cb0ca9511c6f004c1160fe46f1284084f13643067137c34dde5,22,7,1,0,2,8,1,0,0,1,1,10,3,3,7,0,2,3,1,0.3333,1.0,1.0,0,0.0,1,1,3,4,0,3,3,3
P000860,array_lookup,datasets\stage3_scaling\programs\P000860.c,datasets\stage3_scaling\miters\P000860_miter.c,"sec_idx,pub_base",sec_idx,pub_base,b2dfa89bcb66a559f42a5c7b332327ce318f30b69616b6431954ca7a9796b42a,22,7,1,0,2,8,1,0,0,1,1,10,3,3,7,0,2,3,1,0.3333,1.0,1.0,0,0.0,1,1,3,4,0,3,3,3
P000861,array_lookup,datasets\stage3_scaling\programs\P000861.c,datasets\stage3_scaling\miters\P000861_miter.c,"sec_idx,pub_base",sec_idx,pub_base,419ae3ff44981c1756ce85652656e0580b9bb1a020e959bf8ba331947170a2f7,22,7,1,0,2,8,1,0,0,1,1,10,3,3,7,0,2,3,1,0.3333,1.0,1.0,0,0.0,1,1,3,4,0,3,3,3
P000862,array_lookup,datasets\stage3_scaling\programs\P000862.c,datasets\stage3_scaling\miters\P000862_miter.c,"sec_idx,pub_base",sec_idx,pub_base,6b130af8d5e28b797dbc87c9393b8d7f31acc614232292315b6d051c476f59b0,22,7,1,0,2,8,1,0,0,1,1,10,3,3,7,0,2,3,1,0.3333,1.0,1.0,0,0.0,1,1,3,4,0,3,3,3
P000863,array_lookup,datasets\stage3_scaling\programs\P000863.c,datasets\stage3_scaling\miters\P000863_miter.c,"sec_idx,pub_base",sec_idx,pub_base,0112d9d3b5236e4dae81dc2e1f7b3120652b24dd6d3dac67b820cb1752b82558,22,7,1,0,2,8,1,0,0,1,1,10,3,3,7,0,2,3,1,0.3333,1.0,1.0,0,0.0,1,1,3,4,0,3,3,3
P000864,array_lookup,datasets\stage3_scaling\programs\P000864.c,datasets\stage3_scaling\miters\P000864_miter.c,"sec_idx,pub_base",sec_idx,pub_base,6e49bc985d7c50aed8754bf0ea6cb7e31f62733f5bb0b19fe5ba7200313ff72a,22,7,1,0,2,8,1,0,0,1,1,10,3,3,7,0,2,3,1,0.3333,1.0,1.0,0,0.0,1,1,3,4,0,3,3,3
P000865,array_lookup,datasets\stage3_scaling\programs\P000865.c,datasets\stage3_scaling\miters\P000865_miter.c,"sec_idx,pub_base",sec_idx,pub_base,ca286d1e3af494d24141275306fae70b0cd11ebb29a022eb160b6623794c06be,22,7,1,0,2,8,1,0,0,1,1,10,3,3,7,0,2,3,1,0.3333,1.0,1.0,0,0.0,1,1,3,4,0,3,3,3
P000866,array_lookup,datasets\stage3_scaling\programs\P000866.c,datasets\stage3_scaling\miters\P000866_miter.c,"sec_idx,pub_base",sec_idx,pub_base,5eb2270b7fd01a8847c956aa577fabc391d9a6afda706676e2e6dc2dc930584c,22,7,1,0,2,8,1,0,0,1,1,10,3,3,7,0,2,3,1,0.3333,1.0,1.0,0,0.0,1,1,3,4,0,3,3,3
P000867,array_lookup,datasets\stage3_scaling\programs\P000867.c,datasets\stage3_scaling\miters\P000867_miter.c,"sec_idx,pub_base",sec_idx,pub_base,ffc5e66ffb52aeb36ddfba3689d2719487158faee14ff484df538c1012ee6678,22,7,1,0,2,8,1,0,0,1,1,10,3,3,7,0,2,3,1,0.3333,1.0,1.0,0,0.0,1,1,3,4,0,3,3,3
P000868,array_lookup,datasets\stage3_scaling\programs\P000868.c,datasets\stage3_scaling\miters\P000868_miter.c,"sec_idx,pub_base",sec_idx,pub_base,e87f4d9c9d8781196778741a7ae3b6dfbc32e4526ca2d528b740c0d6725794ba,22,7,1,0,2,8,1,0,0,1,1,10,3,3,7,0,2,3,1,0.3333,1.0,1.0,0,0.0,1,1,3,4,0,3,3,3
P000869,array_lookup,datasets\stage3_scaling\programs\P000869.c,datasets\stage3_scaling\miters\P000869_miter.c,"sec_idx,pub_base",sec_idx,pub_base,5614c8f68f2b85a3ff24213f39253015daea85fa97573e27c1ba7c629abd36f9,22,7,1,0,2,8,1,0,0,1,1,10,3,3,7,0,2,3,1,0.3333,1.0,1.0,0,0.0,1,1,3,4,0,3,3,3
P000870,array_lookup,datasets\stage3_scaling\programs\P000870.c,datasets\stage3_scaling\miters\P000870_miter.c,"sec_idx,pub_base",sec_idx,pub_base,ba5472767f2eaae56d1a84c7e2427a57db5f5dfc1c1fc5cf8b47578448f2f1bd,22,7,1,0,2,8,1,0,0,1,1,10,3,3,7,0,2,3,1,0.3333,1.0,1.0,0,0.0,1,1,3,4,0,3,3,3
P000871,array_lookup,datasets\stage3_scaling\programs\P000871.c,datasets\stage3_scaling\miters\P000871_miter.c,"sec_idx,pub_base",sec_idx,pub_base,dedb2a03e85758298f903dd95f88e0b6ccceb6b3a81987045a6e6966691deea9,22,7,1,0,2,8,1,0,0,1,1,10,3,3,7,0,2,3,1,0.3333,1.0,1.0,0,0.0,1,1,3,4,0,3,3,3
P000872,array_lookup,datasets\stage3_scaling\programs\P000872.c,datasets\stage3_scaling\miters\P000872_miter.c,"sec_idx,pub_base",sec_idx,pub_base,0744bb6286b6c50fbdfe373bc455d98b0168e6b06a1283edcc2cf3e74034e1e3,22,7,1,0,2,8,1,0,0,1,1,10,3,3,7,0,2,3,1,0.3333,1.0,1.0,0,0.0,1,1,3,4,0,3,3,3
P000873,array_lookup,datasets\stage3_scaling\programs\P000873.c,datasets\stage3_scaling\miters\P000873_miter.c,"sec_idx,pub_base",sec_idx,pub_base,101cd6111d589b3f3de6cc5f236e05f7f607fe2662fa85afea924d8b72d90957,22,7,1,0,2,8,1,0,0,1,1,10,3,3,7,0,2,3,1,0.3333,1.0,1.0,0,0.0,1,1,3,4,0,3,3,3
P000874,array_lookup,datasets\stage3_scaling\programs\P000874.c,datasets\stage3_scaling\miters\P000874_miter.c,"sec_idx,pub_base",sec_idx,pub_base,d804f26e2b6b0bd940b7c9a417fb3e064eccfedc7953b8639555528c3ad700be,22,7,1,0,2,8,1,0,0,1,1,10,3,3,7,0,2,3,1,0.3333,1.0,1.0,0,0.0,1,1,3,4,0,3,3,3
P000875,array_lookup,datasets\stage3_scaling\programs\P000875.c,datasets\stage3_scaling\miters\P000875_miter.c,"sec_idx,pub_base",sec_idx,pub_base,26a18fdf0fba49470195fcc9e0a550f2f157713e786642050d82507a01966798,22,7,1,0,2,8,1,0,0,1,1,10,3,3,7,0,2,3,1,0.3333,1.0,1.0,0,0.0,1,1,3,4,0,3,3,3
P000876,array_lookup,datasets\stage3_scaling\programs\P000876.c,datasets\stage3_scaling\miters\P000876_miter.c,"sec_idx,pub_base",sec_idx,pub_base,84efe33e6beb832d701eecf5d1ff6dde6622a64e451a5554ccf4a05d2ba65d07,22,7,1,0,2,8,1,0,0,1,1,10,3,3,7,0,2,3,1,0.3333,1.0,1.0,0,0.0,1,1,3,4,0,3,3,3
P000877,array_lookup,datasets\stage3_scaling\programs\P000877.c,datasets\stage3_scaling\miters\P000877_miter.c,"sec_idx,pub_base",sec_idx,pub_base,f1f479286975663b8b25fd555d68aa8d8a702f432a61e37c2a9418a129231b02,22,7,1,0,2,8,1,0,0,1,1,10,3,3,7,0,2,3,1,0.3333,1.0,1.0,0,0.0,1,1,3,4,0,3,3,3
P000878,array_lookup,datasets\stage3_scaling\programs\P000878.c,datasets\stage3_scaling\miters\P000878_miter.c,"sec_idx,pub_base",sec_idx,pub_base,df35a38fa8224e5e1fbe91f491cc01fe5687e234288276ecfcb25349be121032,22,7,1,0,2,8,1,0,0,1,1,10,3,3,7,0,2,3,1,0.3333,1.0,1.0,0,0.0,1,1,3,4,0,3,3,3
P000879,array_lookup,datasets\stage3_scaling\programs\P000879.c,datasets\stage3_scaling\miters\P000879_miter.c,"sec_idx,pub_base",sec_idx,pub_base,63d27741b9a8d929ac55ce7ac1fc89527d96f08b6a5cb731b4aed2d6454efbe2,22,7,1,0,2,8,1,0,0,1,1,10,3,3,7,0,2,3,1,0.3333,1.0,1.0,0,0.0,1,1,3,4,0,3,3,3
P000880,array_lookup,datasets\stage3_scaling\programs\P000880.c,datasets\stage3_scaling\miters\P000880_miter.c,"sec_idx,pub_base",sec_idx,pub_base,fca11dec7d75ffa264691e216a9c156c81324c367652a59266618d42a070b412,22,7,1,0,2,8,1,0,0,1,1,10,3,3,7,0,2,3,1,0.3333,1.0,1.0,0,0.0,1,1,3,4,0,3,3,3
P000881,array_lookup,datasets\stage3_scaling\programs\P000881.c,datasets\stage3_scaling\miters\P000881_miter.c,"sec_idx,pub_base",sec_idx,pub_base,e098b77aa7e45da2bde640774091fc1a1bdb1b28324d1a60d8e663dca6f4ab9b,22,7,1,0,2,8,1,0,0,1,1,10,3,3,7,0,2,3,1,0.3333,1.0,1.0,0,0.0,1,1,3,4,0,3,3,3
P000882,array_lookup,datasets\stage3_scaling\programs\P000882.c,datasets\stage3_scaling\miters\P000882_miter.c,"sec_idx,pub_base",sec_idx,pub_base,2e02eeff31d6cab2ee3eeaad1d3968fc9c02839f8ab11616adcab4f25e4e3212,22,7,1,0,2,8,1,0,0,1,1,10,3,3,7,0,2,3,1,0.3333,1.0,1.0,0,0.0,1,1,3,4,0,3,3,3
P000883,array_lookup,datasets\stage3_scaling\programs\P000883.c,datasets\stage3_scaling\miters\P000883_miter.c,"sec_idx,pub_base",sec_idx,pub_base,e385f78348a6371b96b26e1bf371b528a2b9d78451de53ead3ea369be7726dcc,22,7,1,0,2,8,1,0,0,1,1,10,3,3,7,0,2,3,1,0.3333,1.0,1.0,0,0.0,1,1,3,4,0,3,3,3
P000884,array_lookup,datasets\stage3_scaling\programs\P000884.c,datasets\stage3_scaling\miters\P000884_miter.c,"sec_idx,pub_base",sec_idx,pub_base,d435efca9fa3c941f88afea697687949ec8af2a193871422c157ff2148241ec4,22,7,1,0,2,8,1,0,0,1,1,10,3,3,7,0,2,3,1,0.3333,1.0,1.0,0,0.0,1,1,3,4,0,3,3,3
P000885,array_lookup,datasets\stage3_scaling\programs\P000885.c,datasets\stage3_scaling\miters\P000885_miter.c,"sec_idx,pub_base",sec_idx,pub_base,ff4a0d672a2434fb3f7f2120556cc9bc0c2f114ac191b029bee94ebf2e11c769,22,7,1,0,2,8,1,0,0,1,1,10,3,3,7,0,2,3,1,0.3333,1.0,1.0,0,0.0,1,1,3,4,0,3,3,3
P000886,array_lookup,datasets\stage3_scaling\programs\P000886.c,datasets\stage3_scaling\miters\P000886_miter.c,"sec_idx,pub_base",sec_idx,pub_base,f2a6271d91595e8474c7ebb039483626849976bf1d21d1bc8d294ebddd538db9,22,7,1,0,2,8,1,0,0,1,1,10,3,3,7,0,2,3,1,0.3333,1.0,1.0,0,0.0,1,1,3,4,0,3,3,3
P000887,array_lookup,datasets\stage3_scaling\programs\P000887.c,datasets\stage3_scaling\miters\P000887_miter.c,"sec_idx,pub_base",sec_idx,pub_base,957d547b471b0722b8367d86915a33763e7a9a1b2ad21312edaed5d32808bf2d,22,7,1,0,2,8,1,0,0,1,1,10,3,3,7,0,2,3,1,0.3333,1.0,1.0,0,0.0,1,1,3,4,0,3,3,3
P000888,array_lookup,datasets\stage3_scaling\programs\P000888.c,datasets\stage3_scaling\miters\P000888_miter.c,"sec_idx,pub_base",sec_idx,pub_base,dc87fd39693ce5b0b21d5b85803b5e9c2c245c6bfd82f696d83d43b95d2616aa,22,7,1,0,2,8,1,0,0,1,1,10,3,3,7,0,2,3,1,0.3333,1.0,1.0,0,0.0,1,1,3,4,0,3,3,3
P000889,array_lookup,datasets\stage3_scaling\programs\P000889.c,datasets\stage3_scaling\miters\P000889_miter.c,"sec_idx,pub_base",sec_idx,pub_base,a5101a2916cc8041aa0440b06948bfe1dcf499348cc323b9f73050682888720a,22,7,1,0,2,8,1,0,0,1,1,10,3,3,7,0,2,3,1,0.3333,1.0,1.0,0,0.0,1,1,3,4,0,3,3,3
P000890,array_lookup,datasets\stage3_scaling\programs\P000890.c,datasets\stage3_scaling\miters\P000890_miter.c,"sec_idx,pub_base",sec_idx,pub_base,89bc572824bd8e81343f71b4e6d8e89e3ed8cc89eac6a602e042b362325362e3,22,7,1,0,2,8,1,0,0,1,1,10,3,3,7,0,2,3,1,0.3333,1.0,1.0,0,0.0,1,1,3,4,0,3,3,3
P000891,array_lookup,datasets\stage3_scaling\programs\P000891.c,datasets\stage3_scaling\miters\P000891_miter.c,"sec_idx,pub_base",sec_idx,pub_base,85503babd3116d098fbb5bb4e2fd08fe0ede6772023c6dc02207061166af8f79,22,7,1,0,2,8,1,0,0,1,1,10,3,3,7,0,2,3,1,0.3333,1.0,1.0,0,0.0,1,1,3,4,0,3,3,3
P000892,array_lookup,datasets\stage3_scaling\programs\P000892.c,datasets\stage3_scaling\miters\P000892_miter.c,"sec_idx,pub_base",sec_idx,pub_base,6fc32a3ef88c54be8389133f23db8d312ec8ce210e83169f51e6dfcdbca4e7ec,22,7,1,0,2,8,1,0,0,1,1,10,3,3,7,0,2,3,1,0.3333,1.0,1.0,0,0.0,1,1,3,4,0,3,3,3
P000893,array_lookup,datasets\stage3_scaling\programs\P000893.c,datasets\stage3_scaling\miters\P000893_miter.c,"sec_idx,pub_base",sec_idx,pub_base,96a547bb8bee577b606fd2138ba8b42dee8804e3aa1d0b888b18a41a743bb4c6,22,7,1,0,2,8,1,0,0,1,1,10,3,3,7,0,2,3,1,0.3333,1.0,1.0,0,0.0,1,1,3,4,0,3,3,3
P000894,array_lookup,datasets\stage3_scaling\programs\P000894.c,datasets\stage3_scaling\miters\P000894_miter.c,"sec_idx,pub_base",sec_idx,pub_base,48976073e7e8f38acf881b163183c786bae190dd3e19dbe2b048233d078594f0,22,7,1,0,2,8,1,0,0,1,1,10,3,3,7,0,2,3,1,0.3333,1.0,1.0,0,0.0,1,1,3,4,0,3,3,3
P000895,array_lookup,datasets\stage3_scaling\programs\P000895.c,datasets\stage3_scaling\miters\P000895_miter.c,"sec_idx,pub_base",sec_idx,pub_base,8658cf55c50185d94a260f80493648c4ef0f7fe39f6bdb414573cb16a4401427,22,7,1,0,2,8,1,0,0,1,1,10,3,3,7,0,2,3,1,0.3333,1.0,1.0,0,0.0,1,1,3,4,0,3,3,3
P000896,array_lookup,datasets\stage3_scaling\programs\P000896.c,datasets\stage3_scaling\miters\P000896_miter.c,"sec_idx,pub_base",sec_idx,pub_base,830eeb4690cfc4b143203522e07aee07c0f47c37e6dcb10404dd47cb05b239d0,22,7,1,0,2,8,1,0,0,1,1,10,3,3,7,0,2,3,1,0.3333,1.0,1.0,0,0.0,1,1,3,4,0,3,3,3
P000897,array_lookup,datasets\stage3_scaling\programs\P000897.c,datasets\stage3_scaling\miters\P000897_miter.c,"sec_idx,pub_base",sec_idx,pub_base,3b5c25501932d1f003cef48510cdc622bd35561878f038237034b36039d8ca05,22,7,1,0,2,8,1,0,0,1,1,10,3,3,7,0,2,3,1,0.3333,1.0,1.0,0,0.0,1,1,3,4,0,3,3,3
P000898,array_lookup,datasets\stage3_scaling\programs\P000898.c,datasets\stage3_scaling\miters\P000898_miter.c,"sec_idx,pub_base",sec_idx,pub_base,075f72b56bdd5fef75a1c053e71fc2bbb6cdb6ab7c49b348dc8d9a15f813e037,22,7,1,0,2,8,1,0,0,1,1,10,3,3,7,0,2,3,1,0.3333,1.0,1.0,0,0.0,1,1,3,4,0,3,3,3
P000899,array_lookup,datasets\stage3_scaling\programs\P000899.c,datasets\stage3_scaling\miters\P000899_miter.c,"sec_idx,pub_base",sec_idx,pub_base,a5838bad7b1786b0c62a6a0dad8eed824e887ed9848b2137f9827298dd2482a8,22,7,1,0,2,8,1,0,0,1,1,10,3,3,7,0,2,3,1,0.3333,1.0,1.0,0,0.0,1,1,3,4,0,3,3,3
P000900,array_lookup,datasets\stage3_scaling\programs\P000900.c,datasets\stage3_scaling\miters\P000900_miter.c,"sec_idx,pub_base",sec_idx,pub_base,13f061f688f6f8d4880cb5421c2135d821511ce3eced4658b507c6c71f018fa1,22,7,1,0,2,8,1,0,0,1,1,10,3,3,7,0,2,3,1,0.3333,1.0,1.0,0,0.0,1,1,3,4,0,3,3,3
P000901,mixed_control_data,datasets\stage3_scaling\programs\P000901.c,datasets\stage3_scaling\miters\P000901_miter.c,"sec_param,pub_config",sec_param,pub_config,32f6238024d00c31a9dec166d0cf895aed533ef79e26a7d9e05f4b3cffc91eb9,25,8,2,1,2,9,1,0,0,1,1,4,3,6,4,0,2,4,5,0.16,0.5,0.0,2,0.4,0,1,2,2,6,3,3,4
P000902,mixed_control_data,datasets\stage3_scaling\programs\P000902.c,datasets\stage3_scaling\miters\P000902_miter.c,"sec_param,pub_config",sec_param,pub_config,95618daeeb2a85a4363b3e3b215fc8827f44983de99715947d5ed7366d5d953e,25,8,2,1,2,9,1,0,0,1,1,4,3,6,4,0,2,4,5,0.16,0.5,0.0,3,0.6,0,1,2,2,6,3,3,4
P000903,mixed_control_data,datasets\stage3_scaling\programs\P000903.c,datasets\stage3_scaling\miters\P000903_miter.c,"sec_param,pub_config",sec_param,pub_config,42fc46a7e5fc91b629a8f88c76f112b3ab7a4c48f7d75699e91065388d365575,25,8,2,1,2,9,1,0,0,1,1,4,3,6,4,0,2,4,5,0.16,0.5,0.0,2,0.4,0,1,2,2,6,3,3,4
P000904,mixed_control_data,datasets\stage3_scaling\programs\P000904.c,datasets\stage3_scaling\miters\P000904_miter.c,"sec_param,pub_config",sec_param,pub_config,e5f275346a79429780549e1dde6f7b35ee7f1d2ce62621b9c3449ee5d6d7afd6,25,8,2,1,2,9,1,0,0,1,1,4,3,6,4,0,2,4,5,0.16,0.5,0.0,3,0.6,0,1,2,2,6,3,3,4
P000905,mixed_control_data,datasets\stage3_scaling\programs\P000905.c,datasets\stage3_scaling\miters\P000905_miter.c,"sec_param,pub_config",sec_param,pub_config,063fb2669f2ced24f05ec9fbb9b930ca2c239dd55c720dad9a4e80bfb5852ac9,25,8,2,1,2,9,1,0,0,1,1,4,3,6,4,0,2,4,5,0.16,0.5,0.0,2,0.4,0,1,2,2,6,3,3,4
P000906,mixed_control_data,datasets\stage3_scaling\programs\P000906.c,datasets\stage3_scaling\miters\P000906_miter.c,"sec_param,pub_config",sec_param,pub_config,6aa711476312ccf72cf4a6de7b0a0c6d6713e22f1754b6c3feb303027c3b8c49,25,8,2,1,2,9,1,0,0,1,1,4,3,6,4,0,2,4,5,0.16,0.5,0.0,3,0.6,0,1,2,2,6,3,3,4
P000907,mixed_control_data,datasets\stage3_scaling\programs\P000907.c,datasets\stage3_scaling\miters\P000907_miter.c,"sec_param,pub_config",sec_param,pub_config,974ac43c84c197c48d373650f296648e5cd0120508f2b781bf6fcbced5cab442,25,8,2,1,2,9,1,0,0,1,1,4,3,6,4,0,2,4,5,0.16,0.5,0.0,2,0.4,0,1,2,2,6,3,3,4
P000908,mixed_control_data,datasets\stage3_scaling\programs\P000908.c,datasets\stage3_scaling\miters\P000908_miter.c,"sec_param,pub_config",sec_param,pub_config,15459cb99c5727b3e94d279078b485eaf3f8f5236ef19e63eb89f5eae0afbfc4,25,8,2,1,2,9,1,0,0,1,1,4,3,6,4,0,2,4,5,0.16,0.5,0.0,3,0.6,0,1,2,2,6,3,3,4
P000909,mixed_control_data,datasets\stage3_scaling\programs\P000909.c,datasets\stage3_scaling\miters\P000909_miter.c,"sec_param,pub_config",sec_param,pub_config,68f094681d5d3afc4b5527ec2060b09f772ffabae3442fe9d52c728d05ed9bd0,25,8,2,1,2,9,1,0,0,1,1,4,3,6,4,0,2,4,5,0.16,0.5,0.0,2,0.4,0,1,2,2,6,3,3,4
P000910,mixed_control_data,datasets\stage3_scaling\programs\P000910.c,datasets\stage3_scaling\miters\P000910_miter.c,"sec_param,pub_config",sec_param,pub_config,420c116307d4093fa255943c30fedbe24cdf2500f97a1f3a3016b4487680825b,25,8,2,1,2,9,1,0,0,1,1,4,3,6,4,0,2,4,5,0.16,0.5,0.0,3,0.6,0,1,2,2,6,3,3,4
P000911,mixed_control_data,datasets\stage3_scaling\programs\P000911.c,datasets\stage3_scaling\miters\P000911_miter.c,"sec_param,pub_config",sec_param,pub_config,5d90baa3b588aa6b09c6d9031316b87b7a5a3ee78308050e72358815bc196246,25,8,2,1,2,9,1,0,0,1,1,4,3,6,4,0,2,4,5,0.16,0.5,0.0,2,0.4,0,1,2,2,6,3,3,4
P000912,mixed_control_data,datasets\stage3_scaling\programs\P000912.c,datasets\stage3_scaling\miters\P000912_miter.c,"sec_param,pub_config",sec_param,pub_config,cfa81f69b26dcc90b436b12535e686756ff9960d3823076331b02703168689df,25,8,2,1,2,9,1,0,0,1,1,4,3,6,4,0,2,4,5,0.16,0.5,0.0,3,0.6,0,1,2,2,6,3,3,4
P000913,mixed_control_data,datasets\stage3_scaling\programs\P000913.c,datasets\stage3_scaling\miters\P000913_miter.c,"sec_param,pub_config",sec_param,pub_config,8fb0223b6226e4d8daef37dd1ee4006b99ccbdeca22ec30d6cf85749728ffc6d,25,8,2,1,2,9,1,0,0,1,1,4,3,6,4,0,2,4,5,0.16,0.5,0.0,2,0.4,0,1,2,2,6,3,3,4
P000914,mixed_control_data,datasets\stage3_scaling\programs\P000914.c,datasets\stage3_scaling\miters\P000914_miter.c,"sec_param,pub_config",sec_param,pub_config,36c4eceb523edb532edcf214aad4c5fdc88e9202a7a7667c634f2c8cd37f61e4,25,8,2,1,2,9,1,0,0,1,1,4,3,6,4,0,2,4,5,0.16,0.5,0.0,3,0.6,0,1,2,2,6,3,3,4
P000915,mixed_control_data,datasets\stage3_scaling\programs\P000915.c,datasets\stage3_scaling\miters\P000915_miter.c,"sec_param,pub_config",sec_param,pub_config,f40f92a4092c8280467c6bebbc883b15638efa1aaa02207f9a39518930b9a615,25,8,2,1,2,9,1,0,0,1,1,4,3,6,4,0,2,4,5,0.16,0.5,0.0,2,0.4,0,1,2,2,6,3,3,4
P000916,mixed_control_data,datasets\stage3_scaling\programs\P000916.c,datasets\stage3_scaling\miters\P000916_miter.c,"sec_param,pub_config",sec_param,pub_config,6eb25ef4c49cbd49e1f9d85cc95b69a8f7e7d29ceba5c7fd714f6c0858894942,25,8,2,1,2,9,1,0,0,1,1,4,3,6,4,0,2,4,5,0.16,0.5,0.0,3,0.6,0,1,2,2,6,3,3,4
P000917,mixed_control_data,datasets\stage3_scaling\programs\P000917.c,datasets\stage3_scaling\miters\P000917_miter.c,"sec_param,pub_config",sec_param,pub_config,b6a9636d7b5a153da3adacf3b0e252f1b6b922419ecbd20f2444b0bc69991e00,25,8,2,1,2,9,1,0,0,1,1,4,3,6,4,0,2,4,5,0.16,0.5,0.0,2,0.4,0,1,2,2,6,3,3,4
P000918,mixed_control_data,datasets\stage3_scaling\programs\P000918.c,datasets\stage3_scaling\miters\P000918_miter.c,"sec_param,pub_config",sec_param,pub_config,cb65b379df3e9d4a1b5a62b55a0b1e480a531790a4e20234b64f295bf460ea8c,25,8,2,1,2,9,1,0,0,1,1,4,3,6,4,0,2,4,5,0.16,0.5,0.0,3,0.6,0,1,2,2,6,3,3,4
P000919,mixed_control_data,datasets\stage3_scaling\programs\P000919.c,datasets\stage3_scaling\miters\P000919_miter.c,"sec_param,pub_config",sec_param,pub_config,b7a72b4e1b0d9021541d59f4d681a694612530e6ecb1e92f08a860f3c98e146b,25,8,2,1,2,9,1,0,0,1,1,4,3,6,4,0,2,4,5,0.16,0.5,0.0,2,0.4,0,1,2,2,6,3,3,4
P000920,mixed_control_data,datasets\stage3_scaling\programs\P000920.c,datasets\stage3_scaling\miters\P000920_miter.c,"sec_param,pub_config",sec_param,pub_config,608c7890ad7adb64c082607c0231460b102461ad797ddbcad6d518cf9d32293f,25,8,2,1,2,9,1,0,0,1,1,4,3,6,4,0,2,4,5,0.16,0.5,0.0,3,0.6,0,1,2,2,6,3,3,4
P000921,mixed_control_data,datasets\stage3_scaling\programs\P000921.c,datasets\stage3_scaling\miters\P000921_miter.c,"sec_param,pub_config",sec_param,pub_config,19cbdc2bfda62e11669c0296ca99535598f2a4d852935aee51c969b4198dee1b,25,8,2,1,2,9,1,0,0,1,1,4,3,6,4,0,2,4,5,0.16,0.5,0.0,2,0.4,0,1,2,2,6,3,3,4
P000922,mixed_control_data,datasets\stage3_scaling\programs\P000922.c,datasets\stage3_scaling\miters\P000922_miter.c,"sec_param,pub_config",sec_param,pub_config,3fa4ed03aeb576c2d93682b2a5b69557df8bea1293ae80c548dae1366ebe550f,25,8,2,1,2,9,1,0,0,1,1,4,3,6,4,0,2,4,5,0.16,0.5,0.0,3,0.6,0,1,2,2,6,3,3,4
P000923,mixed_control_data,datasets\stage3_scaling\programs\P000923.c,datasets\stage3_scaling\miters\P000923_miter.c,"sec_param,pub_config",sec_param,pub_config,0f3f4e485abc9278114004d8c2adf58e03aff3fc6ce7ad08f7ae3b0e279a2762,25,8,2,1,2,9,1,0,0,1,1,4,3,6,4,0,2,4,5,0.16,0.5,0.0,2,0.4,0,1,2,2,6,3,3,4
P000924,mixed_control_data,datasets\stage3_scaling\programs\P000924.c,datasets\stage3_scaling\miters\P000924_miter.c,"sec_param,pub_config",sec_param,pub_config,23077841397b8b803691793b71c3f312449725218082a806eee2b5e9a0eaeec2,25,8,2,1,2,9,1,0,0,1,1,4,3,6,4,0,2,4,5,0.16,0.5,0.0,3,0.6,0,1,2,2,6,3,3,4
P000925,mixed_control_data,datasets\stage3_scaling\programs\P000925.c,datasets\stage3_scaling\miters\P000925_miter.c,"sec_param,pub_config",sec_param,pub_config,33b2f766da741648e77b96dd0068277922afdecef8c5b90f6c78070ef47c6018,25,8,2,1,2,9,1,0,0,1,1,4,3,6,4,0,2,4,5,0.16,0.5,0.0,2,0.4,0,1,2,2,6,3,3,4
P000926,mixed_control_data,datasets\stage3_scaling\programs\P000926.c,datasets\stage3_scaling\miters\P000926_miter.c,"sec_param,pub_config",sec_param,pub_config,1b2caa19e4344229884d2cfabc009040f891c94b65659d67970ea36a987f0e24,25,8,2,1,2,9,1,0,0,1,1,4,3,6,4,0,2,4,5,0.16,0.5,0.0,3,0.6,0,1,2,2,6,3,3,4
P000927,mixed_control_data,datasets\stage3_scaling\programs\P000927.c,datasets\stage3_scaling\miters\P000927_miter.c,"sec_param,pub_config",sec_param,pub_config,8650c14b6d45734b9b4c553ef65203422126b840d8d63fe9d97931e309837a44,25,8,2,1,2,9,1,0,0,1,1,4,3,6,4,0,2,4,5,0.16,0.5,0.0,2,0.4,0,1,2,2,6,3,3,4
P000928,mixed_control_data,datasets\stage3_scaling\programs\P000928.c,datasets\stage3_scaling\miters\P000928_miter.c,"sec_param,pub_config",sec_param,pub_config,75c6c93bd14ecbe209e9f45352954059c6b28edd0d09d017bf23f2355fd9dcb4,25,8,2,1,2,9,1,0,0,1,1,4,3,6,4,0,2,4,5,0.16,0.5,0.0,3,0.6,0,1,2,2,6,3,3,4
P000929,mixed_control_data,datasets\stage3_scaling\programs\P000929.c,datasets\stage3_scaling\miters\P000929_miter.c,"sec_param,pub_config",sec_param,pub_config,3f539b7505b9c7919c98f7cccf818a8d6e543d79799de0189e02bfb468619681,25,8,2,1,2,9,1,0,0,1,1,4,3,6,4,0,2,4,5,0.16,0.5,0.0,2,0.4,0,1,2,2,6,3,3,4
P000930,mixed_control_data,datasets\stage3_scaling\programs\P000930.c,datasets\stage3_scaling\miters\P000930_miter.c,"sec_param,pub_config",sec_param,pub_config,d0ba7c871a370aff35a0edbcffbca3629dad28bd8ed551fa3cc1ee803153c838,25,8,2,1,2,9,1,0,0,1,1,4,3,6,4,0,2,4,5,0.16,0.5,0.0,3,0.6,0,1,2,2,6,3,3,4
P000931,mixed_control_data,datasets\stage3_scaling\programs\P000931.c,datasets\stage3_scaling\miters\P000931_miter.c,"sec_param,pub_config",sec_param,pub_config,23a4f08c7373c684032273dcc58dacb9eb69252d8c0b6cd1e9bf6ef5e8d45f6a,25,8,2,1,2,9,1,0,0,1,1,4,3,6,4,0,2,4,5,0.16,0.5,0.0,2,0.4,0,1,2,2,6,3,3,4
P000932,mixed_control_data,datasets\stage3_scaling\programs\P000932.c,datasets\stage3_scaling\miters\P000932_miter.c,"sec_param,pub_config",sec_param,pub_config,837ad7a5a2027725eb95d23e5815b8bf450dbfa761318cfeee6fd4957109ed70,25,8,2,1,2,9,1,0,0,1,1,4,3,6,4,0,2,4,5,0.16,0.5,0.0,3,0.6,0,1,2,2,6,3,3,4
P000933,mixed_control_data,datasets\stage3_scaling\programs\P000933.c,datasets\stage3_scaling\miters\P000933_miter.c,"sec_param,pub_config",sec_param,pub_config,4cb815d27069c34a7969837c3e8ef07b82c4f7c2021bd3a462d73885c9b4a348,25,8,2,1,2,9,1,0,0,1,1,4,3,6,4,0,2,4,5,0.16,0.5,0.0,2,0.4,0,1,2,2,6,3,3,4
P000934,mixed_control_data,datasets\stage3_scaling\programs\P000934.c,datasets\stage3_scaling\miters\P000934_miter.c,"sec_param,pub_config",sec_param,pub_config,2a2ec385b8a30032a17de5472197cb18ded0644cfba61ed93e00a8c89bf16490,25,8,2,1,2,9,1,0,0,1,1,4,3,6,4,0,2,4,5,0.16,0.5,0.0,3,0.6,0,1,2,2,6,3,3,4
P000935,mixed_control_data,datasets\stage3_scaling\programs\P000935.c,datasets\stage3_scaling\miters\P000935_miter.c,"sec_param,pub_config",sec_param,pub_config,4fcbe736dfc76de92115ef976a2633dbd1e0554f66cdba5ddaec1e8a78bc14f5,25,8,2,1,2,9,1,0,0,1,1,4,3,6,4,0,2,4,5,0.16,0.5,0.0,2,0.4,0,1,2,2,6,3,3,4
P000936,mixed_control_data,datasets\stage3_scaling\programs\P000936.c,datasets\stage3_scaling\miters\P000936_miter.c,"sec_param,pub_config",sec_param,pub_config,6fa389adb978ffca7e1e6514b241a28c7bc4c0387e282024dc43b4b50f7f93db,25,8,2,1,2,9,1,0,0,1,1,4,3,6,4,0,2,4,5,0.16,0.5,0.0,3,0.6,0,1,2,2,6,3,3,4
P000937,mixed_control_data,datasets\stage3_scaling\programs\P000937.c,datasets\stage3_scaling\miters\P000937_miter.c,"sec_param,pub_config",sec_param,pub_config,2a62dbd8225e068141510d283d79b363d5442b1c4a59d0b9a21511617b72b876,25,8,2,1,2,9,1,0,0,1,1,4,3,6,4,0,2,4,5,0.16,0.5,0.0,2,0.4,0,1,2,2,6,3,3,4
P000938,mixed_control_data,datasets\stage3_scaling\programs\P000938.c,datasets\stage3_scaling\miters\P000938_miter.c,"sec_param,pub_config",sec_param,pub_config,606ecde06a00b44bed5f98f8c995f85ee331763f427b027182fabb738d53577e,25,8,2,1,2,9,1,0,0,1,1,4,3,6,4,0,2,4,5,0.16,0.5,0.0,3,0.6,0,1,2,2,6,3,3,4
P000939,mixed_control_data,datasets\stage3_scaling\programs\P000939.c,datasets\stage3_scaling\miters\P000939_miter.c,"sec_param,pub_config",sec_param,pub_config,2de70aa3ec7c4b25b3bbad96b485540787040ede61c390f00fcc274569fea71d,25,8,2,1,2,9,1,0,0,1,1,4,3,6,4,0,2,4,5,0.16,0.5,0.0,2,0.4,0,1,2,2,6,3,3,4
P000940,mixed_control_data,datasets\stage3_scaling\programs\P000940.c,datasets\stage3_scaling\miters\P000940_miter.c,"sec_param,pub_config",sec_param,pub_config,564d0da05d185ffffd469f3802f6084c3bc131fb4687e66bf21e9628a30c29f2,25,8,2,1,2,9,1,0,0,1,1,4,3,6,4,0,2,4,5,0.16,0.5,0.0,3,0.6,0,1,2,2,6,3,3,4
P000941,mixed_control_data,datasets\stage3_scaling\programs\P000941.c,datasets\stage3_scaling\miters\P000941_miter.c,"sec_param,pub_config",sec_param,pub_config,6aa69bb28f9d81fde1dd447f506eb61c58222a41bbfb92f899cf09d8f619109d,25,8,2,1,2,9,1,0,0,1,1,4,3,6,4,0,2,4,5,0.16,0.5,0.0,2,0.4,0,1,2,2,6,3,3,4
P000942,mixed_control_data,datasets\stage3_scaling\programs\P000942.c,datasets\stage3_scaling\miters\P000942_miter.c,"sec_param,pub_config",sec_param,pub_config,2e7567dfc2b051148e121a3a5f41a6b3d63a73d708651c1913b2a11b1bc8b7c4,25,8,2,1,2,9,1,0,0,1,1,4,3,6,4,0,2,4,5,0.16,0.5,0.0,3,0.6,0,1,2,2,6,3,3,4
P000943,mixed_control_data,datasets\stage3_scaling\programs\P000943.c,datasets\stage3_scaling\miters\P000943_miter.c,"sec_param,pub_config",sec_param,pub_config,195f4b2a60bd900ee7765c0e7743b70baefe750f4d36020b05ef98e1bdf75854,25,8,2,1,2,9,1,0,0,1,1,4,3,6,4,0,2,4,5,0.16,0.5,0.0,2,0.4,0,1,2,2,6,3,3,4
P000944,mixed_control_data,datasets\stage3_scaling\programs\P000944.c,datasets\stage3_scaling\miters\P000944_miter.c,"sec_param,pub_config",sec_param,pub_config,3e38f901cb1d597718a2292cc293ae1eff6df72d106dc0d5da1703546a4f7647,25,8,2,1,2,9,1,0,0,1,1,4,3,6,4,0,2,4,5,0.16,0.5,0.0,3,0.6,0,1,2,2,6,3,3,4
P000945,mixed_control_data,datasets\stage3_scaling\programs\P000945.c,datasets\stage3_scaling\miters\P000945_miter.c,"sec_param,pub_config",sec_param,pub_config,319473fa54a58f8934458f74d703a793ecb53bd1e484ba6492702dfc7fd778b7,25,8,2,1,2,9,1,0,0,1,1,4,3,6,4,0,2,4,5,0.16,0.5,0.0,2,0.4,0,1,2,2,6,3,3,4
P000946,mixed_control_data,datasets\stage3_scaling\programs\P000946.c,datasets\stage3_scaling\miters\P000946_miter.c,"sec_param,pub_config",sec_param,pub_config,e8c8e1b9ac0f1c9e6ff86a92327a2c6df987a02f9d52dc26930800d71d08f052,25,8,2,1,2,9,1,0,0,1,1,4,3,6,4,0,2,4,5,0.16,0.5,0.0,3,0.6,0,1,2,2,6,3,3,4
P000947,mixed_control_data,datasets\stage3_scaling\programs\P000947.c,datasets\stage3_scaling\miters\P000947_miter.c,"sec_param,pub_config",sec_param,pub_config,b569c8d573c1cef1cbae471d17663428ca89a8d0d0f6c0f433bc0f07b50ad6a2,25,8,2,1,2,9,1,0,0,1,1,4,3,6,4,0,2,4,5,0.16,0.5,0.0,2,0.4,0,1,2,2,6,3,3,4
P000948,mixed_control_data,datasets\stage3_scaling\programs\P000948.c,datasets\stage3_scaling\miters\P000948_miter.c,"sec_param,pub_config",sec_param,pub_config,c7e6c8d7f62988b478e9346ec2c5af1eb04d7c73ba2b4e9e597983300f3fe456,25,8,2,1,2,9,1,0,0,1,1,4,3,6,4,0,2,4,5,0.16,0.5,0.0,3,0.6,0,1,2,2,6,3,3,4
P000949,mixed_control_data,datasets\stage3_scaling\programs\P000949.c,datasets\stage3_scaling\miters\P000949_miter.c,"sec_param,pub_config",sec_param,pub_config,cb8fcfd3e83a135c4eea36cee5f0683f376e8a3d9b4a3c17faa729b8230f2ba2,25,8,2,1,2,9,1,0,0,1,1,4,3,6,4,0,2,4,5,0.16,0.5,0.0,2,0.4,0,1,2,2,6,3,3,4
P000950,mixed_control_data,datasets\stage3_scaling\programs\P000950.c,datasets\stage3_scaling\miters\P000950_miter.c,"sec_param,pub_config",sec_param,pub_config,3613276545d8aad7782855ba0eb191c4d7623f07e0d2370c1cabe054392ed84d,25,8,2,1,2,9,1,0,0,1,1,4,3,6,4,0,2,4,5,0.16,0.5,0.0,3,0.6,0,1,2,2,6,3,3,4
P000951,mixed_control_data,datasets\stage3_scaling\programs\P000951.c,datasets\stage3_scaling\miters\P000951_miter.c,"sec_param,pub_config",sec_param,pub_config,8da179d58287ae344088ea8f4247bd2570f6ad1c414bca91e1492d0ff03d3dc2,25,8,2,1,2,9,1,0,0,1,1,4,3,6,4,0,2,4,5,0.16,0.5,0.0,2,0.4,0,1,2,2,6,3,3,4
P000952,mixed_control_data,datasets\stage3_scaling\programs\P000952.c,datasets\stage3_scaling\miters\P000952_miter.c,"sec_param,pub_config",sec_param,pub_config,23a02146f97a1383bb814ac3d52fb6c3d288ee44c287879a11463929c4f62eb6,25,8,2,1,2,9,1,0,0,1,1,4,3,6,4,0,2,4,5,0.16,0.5,0.0,3,0.6,0,1,2,2,6,3,3,4
P000953,mixed_control_data,datasets\stage3_scaling\programs\P000953.c,datasets\stage3_scaling\miters\P000953_miter.c,"sec_param,pub_config",sec_param,pub_config,c48f5b68c035d4e2546eaae74bbe8b3cc948fdfd2aa7817767b6bde76f641822,25,8,2,1,2,9,1,0,0,1,1,4,3,6,4,0,2,4,5,0.16,0.5,0.0,2,0.4,0,1,2,2,6,3,3,4
P000954,mixed_control_data,datasets\stage3_scaling\programs\P000954.c,datasets\stage3_scaling\miters\P000954_miter.c,"sec_param,pub_config",sec_param,pub_config,97720f7fc162b99c52feb80328f8d58a829939c5d029f750c158602378e7f1ec,25,8,2,1,2,9,1,0,0,1,1,4,3,6,4,0,2,4,5,0.16,0.5,0.0,3,0.6,0,1,2,2,6,3,3,4
P000955,mixed_control_data,datasets\stage3_scaling\programs\P000955.c,datasets\stage3_scaling\miters\P000955_miter.c,"sec_param,pub_config",sec_param,pub_config,ec51cb739c2b9c635d54ddeed4de6f0d241edd9323b661b72397c86ab35308d4,25,8,2,1,2,9,1,0,0,1,1,4,3,6,4,0,2,4,5,0.16,0.5,0.0,2,0.4,0,1,2,2,6,3,3,4
P000956,mixed_control_data,datasets\stage3_scaling\programs\P000956.c,datasets\stage3_scaling\miters\P000956_miter.c,"sec_param,pub_config",sec_param,pub_config,828c6c7eceafe715897ff76ecd1fd3121de975a1a59e2a2dd83704187c65dcd3,25,8,2,1,2,9,1,0,0,1,1,4,3,6,4,0,2,4,5,0.16,0.5,0.0,3,0.6,0,1,2,2,6,3,3,4
P000957,mixed_control_data,datasets\stage3_scaling\programs\P000957.c,datasets\stage3_scaling\miters\P000957_miter.c,"sec_param,pub_config",sec_param,pub_config,03fb53b0fb64d958281c962143ec9d41caad74e6b0ac82f4c7d6a658972d81e9,25,8,2,1,2,9,1,0,0,1,1,4,3,6,4,0,2,4,5,0.16,0.5,0.0,2,0.4,0,1,2,2,6,3,3,4
P000958,mixed_control_data,datasets\stage3_scaling\programs\P000958.c,datasets\stage3_scaling\miters\P000958_miter.c,"sec_param,pub_config",sec_param,pub_config,9c87cc43abfc97423820309c2db4ba54b53cf348ea0e4fd3462f96e57fc9b862,25,8,2,1,2,9,1,0,0,1,1,4,3,6,4,0,2,4,5,0.16,0.5,0.0,3,0.6,0,1,2,2,6,3,3,4
P000959,mixed_control_data,datasets\stage3_scaling\programs\P000959.c,datasets\stage3_scaling\miters\P000959_miter.c,"sec_param,pub_config",sec_param,pub_config,16e8e834698d7cb034efa3efe5372ef3f654184d6db84ab661f12c8c69f03437,25,8,2,1,2,9,1,0,0,1,1,4,3,6,4,0,2,4,5,0.16,0.5,0.0,2,0.4,0,1,2,2,6,3,3,4
P000960,mixed_control_data,datasets\stage3_scaling\programs\P000960.c,datasets\stage3_scaling\miters\P000960_miter.c,"sec_param,pub_config",sec_param,pub_config,da6bda93b14d08b313c87f3992884a41f66ccdcbe8ca517c54f3c257477a6aee,25,8,2,1,2,9,1,0,0,1,1,4,3,6,4,0,2,4,5,0.16,0.5,0.0,3,0.6,0,1,2,2,6,3,3,4
P000961,mixed_control_data,datasets\stage3_scaling\programs\P000961.c,datasets\stage3_scaling\miters\P000961_miter.c,"sec_param,pub_config",sec_param,pub_config,d948c5139b18220fbed0fea7643f2c97053e12935ed129d628e745c180abc91c,25,8,2,1,2,9,1,0,0,1,1,4,3,6,4,0,2,4,5,0.16,0.5,0.0,2,0.4,0,1,2,2,6,3,3,4
P000962,mixed_control_data,datasets\stage3_scaling\programs\P000962.c,datasets\stage3_scaling\miters\P000962_miter.c,"sec_param,pub_config",sec_param,pub_config,badbacf90504313bf429d6638bf5f1cb189e5dbc267a7d15f7f3ce11fd8bae9f,25,8,2,1,2,9,1,0,0,1,1,4,3,6,4,0,2,4,5,0.16,0.5,0.0,3,0.6,0,1,2,2,6,3,3,4
P000963,mixed_control_data,datasets\stage3_scaling\programs\P000963.c,datasets\stage3_scaling\miters\P000963_miter.c,"sec_param,pub_config",sec_param,pub_config,cb75e72a0cc678499c74bbf2da1ae04646a63bdc8aa6e1bc1147ff66afd68b5d,25,8,2,1,2,9,1,0,0,1,1,4,3,6,4,0,2,4,5,0.16,0.5,0.0,2,0.4,0,1,2,2,6,3,3,4
P000964,mixed_control_data,datasets\stage3_scaling\programs\P000964.c,datasets\stage3_scaling\miters\P000964_miter.c,"sec_param,pub_config",sec_param,pub_config,b28215bb6002242806d7e699b3da04cbd7612c6561d3d7bc6a5ff2dbd4a9d4d3,25,8,2,1,2,9,1,0,0,1,1,4,3,6,4,0,2,4,5,0.16,0.5,0.0,3,0.6,0,1,2,2,6,3,3,4
P000965,mixed_control_data,datasets\stage3_scaling\programs\P000965.c,datasets\stage3_scaling\miters\P000965_miter.c,"sec_param,pub_config",sec_param,pub_config,d8afb9fe3bfc8019a274e4af1a08427c54f85dbb65e73281acf09abd21072bf7,25,8,2,1,2,9,1,0,0,1,1,4,3,6,4,0,2,4,5,0.16,0.5,0.0,2,0.4,0,1,2,2,6,3,3,4
P000966,mixed_control_data,datasets\stage3_scaling\programs\P000966.c,datasets\stage3_scaling\miters\P000966_miter.c,"sec_param,pub_config",sec_param,pub_config,0f2f2a345dac1bbb783ca67e399b7ece9292b8ec813b8b2494fe8c93f40d3689,25,8,2,1,2,9,1,0,0,1,1,4,3,6,4,0,2,4,5,0.16,0.5,0.0,3,0.6,0,1,2,2,6,3,3,4
P000967,mixed_control_data,datasets\stage3_scaling\programs\P000967.c,datasets\stage3_scaling\miters\P000967_miter.c,"sec_param,pub_config",sec_param,pub_config,27932863832cc803decb5d2e8de5e20ac89db935f8cca3ec3b586022a0c71485,25,8,2,1,2,9,1,0,0,1,1,4,3,6,4,0,2,4,5,0.16,0.5,0.0,2,0.4,0,1,2,2,6,3,3,4
P000968,mixed_control_data,datasets\stage3_scaling\programs\P000968.c,datasets\stage3_scaling\miters\P000968_miter.c,"sec_param,pub_config",sec_param,pub_config,bb21ab6c93506b0ab7ca38bef2a4e2be9d0807ea820e2da9f2f8718a21699285,25,8,2,1,2,9,1,0,0,1,1,4,3,6,4,0,2,4,5,0.16,0.5,0.0,3,0.6,0,1,2,2,6,3,3,4
P000969,mixed_control_data,datasets\stage3_scaling\programs\P000969.c,datasets\stage3_scaling\miters\P000969_miter.c,"sec_param,pub_config",sec_param,pub_config,67441c20de89537b568935a332dc2806c1894132b53865e8bdd82a90a120f175,25,8,2,1,2,9,1,0,0,1,1,4,3,6,4,0,2,4,5,0.16,0.5,0.0,2,0.4,0,1,2,2,6,3,3,4
P000970,mixed_control_data,datasets\stage3_scaling\programs\P000970.c,datasets\stage3_scaling\miters\P000970_miter.c,"sec_param,pub_config",sec_param,pub_config,c18b4b6f4181affc68d1caafa438c5aee3f991709a87ed5efedf91f989b2eb91,25,8,2,1,2,9,1,0,0,1,1,4,3,6,4,0,2,4,5,0.16,0.5,0.0,3,0.6,0,1,2,2,6,3,3,4
P000971,mixed_control_data,datasets\stage3_scaling\programs\P000971.c,datasets\stage3_scaling\miters\P000971_miter.c,"sec_param,pub_config",sec_param,pub_config,762514d086e864645d4881a2a6de8b6bf2f322b38f1bfb2089a0c76c54ff882d,25,8,2,1,2,9,1,0,0,1,1,4,3,6,4,0,2,4,5,0.16,0.5,0.0,2,0.4,0,1,2,2,6,3,3,4
P000972,mixed_control_data,datasets\stage3_scaling\programs\P000972.c,datasets\stage3_scaling\miters\P000972_miter.c,"sec_param,pub_config",sec_param,pub_config,0ddfb1a55dfae606d26a7239cc826aecb078b2b4b5b751b5f2124af15963e1c0,25,8,2,1,2,9,1,0,0,1,1,4,3,6,4,0,2,4,5,0.16,0.5,0.0,3,0.6,0,1,2,2,6,3,3,4
P000973,mixed_control_data,datasets\stage3_scaling\programs\P000973.c,datasets\stage3_scaling\miters\P000973_miter.c,"sec_param,pub_config",sec_param,pub_config,8448d7a741f38b3e8bcf383a519a65d7fdba309b4f27651101fc9987662443c3,25,8,2,1,2,9,1,0,0,1,1,4,3,6,4,0,2,4,5,0.16,0.5,0.0,2,0.4,0,1,2,2,6,3,3,4
P000974,mixed_control_data,datasets\stage3_scaling\programs\P000974.c,datasets\stage3_scaling\miters\P000974_miter.c,"sec_param,pub_config",sec_param,pub_config,2de2e9fb8bc8715a62f11784ae198f69ca88a1c415f4c20c86abce74bc833066,25,8,2,1,2,9,1,0,0,1,1,4,3,6,4,0,2,4,5,0.16,0.5,0.0,3,0.6,0,1,2,2,6,3,3,4
P000975,mixed_control_data,datasets\stage3_scaling\programs\P000975.c,datasets\stage3_scaling\miters\P000975_miter.c,"sec_param,pub_config",sec_param,pub_config,13a08a5ec9d2aa5e64f83c992257b7b01be9c9da744397d9a9fc9eab00b78c5b,25,8,2,1,2,9,1,0,0,1,1,4,3,6,4,0,2,4,5,0.16,0.5,0.0,2,0.4,0,1,2,2,6,3,3,4
P000976,mixed_control_data,datasets\stage3_scaling\programs\P000976.c,datasets\stage3_scaling\miters\P000976_miter.c,"sec_param,pub_config",sec_param,pub_config,a5149d99f1ed17aeada9055e2b86887367cabf250a084969d766151850d08267,25,8,2,1,2,9,1,0,0,1,1,4,3,6,4,0,2,4,5,0.16,0.5,0.0,3,0.6,0,1,2,2,6,3,3,4
P000977,mixed_control_data,datasets\stage3_scaling\programs\P000977.c,datasets\stage3_scaling\miters\P000977_miter.c,"sec_param,pub_config",sec_param,pub_config,37df41cb2c83816bf77b9c6e500cb9dc8902a420ae8f982615dc148b2b3ac0c6,25,8,2,1,2,9,1,0,0,1,1,4,3,6,4,0,2,4,5,0.16,0.5,0.0,2,0.4,0,1,2,2,6,3,3,4
P000978,mixed_control_data,datasets\stage3_scaling\programs\P000978.c,datasets\stage3_scaling\miters\P000978_miter.c,"sec_param,pub_config",sec_param,pub_config,21e5b40ffa0805101c0fff1b51792346caf00258716d08b37281a467520d8902,25,8,2,1,2,9,1,0,0,1,1,4,3,6,4,0,2,4,5,0.16,0.5,0.0,3,0.6,0,1,2,2,6,3,3,4
P000979,mixed_control_data,datasets\stage3_scaling\programs\P000979.c,datasets\stage3_scaling\miters\P000979_miter.c,"sec_param,pub_config",sec_param,pub_config,a70662021430bfa955c836599eeb04901487092d10b50214bfd5e8152cf1b033,25,8,2,1,2,9,1,0,0,1,1,4,3,6,4,0,2,4,5,0.16,0.5,0.0,2,0.4,0,1,2,2,6,3,3,4
P000980,mixed_control_data,datasets\stage3_scaling\programs\P000980.c,datasets\stage3_scaling\miters\P000980_miter.c,"sec_param,pub_config",sec_param,pub_config,479063069bedbebf713a1b5db7d47cf153348972589e2d39dc2b993d309de2ed,25,8,2,1,2,9,1,0,0,1,1,4,3,6,4,0,2,4,5,0.16,0.5,0.0,3,0.6,0,1,2,2,6,3,3,4
P000981,mixed_control_data,datasets\stage3_scaling\programs\P000981.c,datasets\stage3_scaling\miters\P000981_miter.c,"sec_param,pub_config",sec_param,pub_config,e2058f53ff600ebe5cdf3933220e7a2db347f9598340c71629ab6c813a02b7b6,25,8,2,1,2,9,1,0,0,1,1,4,3,6,4,0,2,4,5,0.16,0.5,0.0,2,0.4,0,1,2,2,6,3,3,4
P000982,mixed_control_data,datasets\stage3_scaling\programs\P000982.c,datasets\stage3_scaling\miters\P000982_miter.c,"sec_param,pub_config",sec_param,pub_config,315084e42052d27ed5b1a82aedea5cf5def91d8a1079b8aa82a837df859eed60,25,8,2,1,2,9,1,0,0,1,1,4,3,6,4,0,2,4,5,0.16,0.5,0.0,3,0.6,0,1,2,2,6,3,3,4
P000983,mixed_control_data,datasets\stage3_scaling\programs\P000983.c,datasets\stage3_scaling\miters\P000983_miter.c,"sec_param,pub_config",sec_param,pub_config,0b82a2e9a11ea9e1d0d14bf2a6f478f31189154123fc400771a505aa3e39b633,25,8,2,1,2,9,1,0,0,1,1,4,3,6,4,0,2,4,5,0.16,0.5,0.0,2,0.4,0,1,2,2,6,3,3,4
P000984,mixed_control_data,datasets\stage3_scaling\programs\P000984.c,datasets\stage3_scaling\miters\P000984_miter.c,"sec_param,pub_config",sec_param,pub_config,5bcd7ea852519e4eef11052c9d76ed4f480833af0a85e7fbd9552c720e9e5809,25,8,2,1,2,9,1,0,0,1,1,4,3,6,4,0,2,4,5,0.16,0.5,0.0,3,0.6,0,1,2,2,6,3,3,4
P000985,mixed_control_data,datasets\stage3_scaling\programs\P000985.c,datasets\stage3_scaling\miters\P000985_miter.c,"sec_param,pub_config",sec_param,pub_config,2ca61c96001630017ac0ff120105421f50085fd138e7d1cbe42f7fcdf54af2e1,25,8,2,1,2,9,1,0,0,1,1,4,3,6,4,0,2,4,5,0.16,0.5,0.0,2,0.4,0,1,2,2,6,3,3,4
P000986,mixed_control_data,datasets\stage3_scaling\programs\P000986.c,datasets\stage3_scaling\miters\P000986_miter.c,"sec_param,pub_config",sec_param,pub_config,c5b743dd625f30d994bdf0470291da8753cc47b245c17afc919793900fb229d5,25,8,2,1,2,9,1,0,0,1,1,4,3,6,4,0,2,4,5,0.16,0.5,0.0,3,0.6,0,1,2,2,6,3,3,4
P000987,mixed_control_data,datasets\stage3_scaling\programs\P000987.c,datasets\stage3_scaling\miters\P000987_miter.c,"sec_param,pub_config",sec_param,pub_config,618e77891fabb0b8e8affe64c3dba5537fbbcae4a8485846414e0d1568fada82,25,8,2,1,2,9,1,0,0,1,1,4,3,6,4,0,2,4,5,0.16,0.5,0.0,2,0.4,0,1,2,2,6,3,3,4
P000988,mixed_control_data,datasets\stage3_scaling\programs\P000988.c,datasets\stage3_scaling\miters\P000988_miter.c,"sec_param,pub_config",sec_param,pub_config,43482bf2652906ba2545c6530731531ed9daae30832f3a254da879c2bf27c7f2,25,8,2,1,2,9,1,0,0,1,1,4,3,6,4,0,2,4,5,0.16,0.5,0.0,3,0.6,0,1,2,2,6,3,3,4
P000989,mixed_control_data,datasets\stage3_scaling\programs\P000989.c,datasets\stage3_scaling\miters\P000989_miter.c,"sec_param,pub_config",sec_param,pub_config,0a8ec1cd878c4a13f55237edfdda00710ffeaf9b9fea2d0e6582cedd9bf01177,25,8,2,1,2,9,1,0,0,1,1,4,3,6,4,0,2,4,5,0.16,0.5,0.0,2,0.4,0,1,2,2,6,3,3,4
P000990,mixed_control_data,datasets\stage3_scaling\programs\P000990.c,datasets\stage3_scaling\miters\P000990_miter.c,"sec_param,pub_config",sec_param,pub_config,ef7eb275dff7b66edc55c47077a4caf389a955ad430718366c459ecd95dfcb95,25,8,2,1,2,9,1,0,0,1,1,4,3,6,4,0,2,4,5,0.16,0.5,0.0,3,0.6,0,1,2,2,6,3,3,4
P000991,mixed_control_data,datasets\stage3_scaling\programs\P000991.c,datasets\stage3_scaling\miters\P000991_miter.c,"sec_param,pub_config",sec_param,pub_config,d0d48a7e553ebe0d38ad0fad63d8662ee78e6cbed37b8a97e1d8f2de3c56f703,25,8,2,1,2,9,1,0,0,1,1,4,3,6,4,0,2,4,5,0.16,0.5,0.0,2,0.4,0,1,2,2,6,3,3,4
P000992,mixed_control_data,datasets\stage3_scaling\programs\P000992.c,datasets\stage3_scaling\miters\P000992_miter.c,"sec_param,pub_config",sec_param,pub_config,0cade04ded9b85019fa60e08361f100a4a81b8edcdc25984da331397b602f253,25,8,2,1,2,9,1,0,0,1,1,4,3,6,4,0,2,4,5,0.16,0.5,0.0,3,0.6,0,1,2,2,6,3,3,4
P000993,mixed_control_data,datasets\stage3_scaling\programs\P000993.c,datasets\stage3_scaling\miters\P000993_miter.c,"sec_param,pub_config",sec_param,pub_config,a620fbbc21773ed5af1449dea8d07b7a0610de259e9d09b50865f1a5310151a9,25,8,2,1,2,9,1,0,0,1,1,4,3,6,4,0,2,4,5,0.16,0.5,0.0,2,0.4,0,1,2,2,6,3,3,4
P000994,mixed_control_data,datasets\stage3_scaling\programs\P000994.c,datasets\stage3_scaling\miters\P000994_miter.c,"sec_param,pub_config",sec_param,pub_config,75d8f3ec56746f245533899b692375c736e341f7ea2b8ae01291261cd512754f,25,8,2,1,2,9,1,0,0,1,1,4,3,6,4,0,2,4,5,0.16,0.5,0.0,3,0.6,0,1,2,2,6,3,3,4
P000995,mixed_control_data,datasets\stage3_scaling\programs\P000995.c,datasets\stage3_scaling\miters\P000995_miter.c,"sec_param,pub_config",sec_param,pub_config,5af2c591018917f0558f8d6b8557e5b21e9f19e6359eb9a2678f882aee11294f,25,8,2,1,2,9,1,0,0,1,1,4,3,6,4,0,2,4,5,0.16,0.5,0.0,2,0.4,0,1,2,2,6,3,3,4
P000996,mixed_control_data,datasets\stage3_scaling\programs\P000996.c,datasets\stage3_scaling\miters\P000996_miter.c,"sec_param,pub_config",sec_param,pub_config,ac820fb4149a3b3c5960692cc7b60f127cc17ade46baf1a046ed57f6d48634ad,25,8,2,1,2,9,1,0,0,1,1,4,3,6,4,0,2,4,5,0.16,0.5,0.0,3,0.6,0,1,2,2,6,3,3,4
P000997,mixed_control_data,datasets\stage3_scaling\programs\P000997.c,datasets\stage3_scaling\miters\P000997_miter.c,"sec_param,pub_config",sec_param,pub_config,7792d1ebb1d46da5ea53f6a8f07d0510489ff9eb671ab06c0108124ce03ed288,25,8,2,1,2,9,1,0,0,1,1,4,3,6,4,0,2,4,5,0.16,0.5,0.0,2,0.4,0,1,2,2,6,3,3,4
P000998,mixed_control_data,datasets\stage3_scaling\programs\P000998.c,datasets\stage3_scaling\miters\P000998_miter.c,"sec_param,pub_config",sec_param,pub_config,35c77351e1be6bc92c79039bb1ae03686e56fa06a36d33e270768fe3a74fc7a6,25,8,2,1,2,9,1,0,0,1,1,4,3,6,4,0,2,4,5,0.16,0.5,0.0,3,0.6,0,1,2,2,6,3,3,4
P000999,mixed_control_data,datasets\stage3_scaling\programs\P000999.c,datasets\stage3_scaling\miters\P000999_miter.c,"sec_param,pub_config",sec_param,pub_config,f2bc366d9fe90996f5ee4482ebb2667304fd41786e740cdb5d695a3676a1b6b0,25,8,2,1,2,9,1,0,0,1,1,4,3,6,4,0,2,4,5,0.16,0.5,0.0,2,0.4,0,1,2,2,6,3,3,4
P001000,mixed_control_data,datasets\stage3_scaling\programs\P001000.c,datasets\stage3_scaling\miters\P001000_miter.c,"sec_param,pub_config",sec_param,pub_config,1e5c95e1f699abdfd79817932c107d7fb6e2a01665377f44e67f608be28221c2,25,8,2,1,2,9,1,0,0,1,1,4,3,6,4,0,2,4,5,0.16,0.5,0.0,3,0.6,0,1,2,2,6,3,3,4
